-0.039055,-0.140210,-0.353893
0.057910,-0.140210,-0.201711
0.121206,-0.116119,-0.050877
0.166397,-0.043395,0.167145
0.216975,0.037110,0.319327
0.243311,0.079308,0.472556
0.355539,0.108188,0.633117
0.405518,0.117017,0.671424
0.459986,0.084545,0.745794
0.457293,0.142605,0.708684
0.465373,0.120309,0.651372
0.428412,0.129287,0.563984
0.432602,0.123301,0.433650
0.378733,0.116867,0.259023
0.335637,0.079607,0.095020
0.310348,0.072874,-0.064045
0.258873,0.099958,-0.219518
0.228048,0.098611,-0.370203
0.154725,0.108188,-0.395343
0.078709,0.116418,-0.429909
0.102352,0.094721,-0.434548
0.050129,0.076166,-0.427365
0.013767,0.086191,-0.430807
-0.020800,0.045340,-0.354192
-0.020650,0.075567,-0.307505
-0.018106,0.058059,-0.178218
-0.054169,0.023343,-0.072874
-0.094122,0.024989,0.150835
-0.151284,0.047435,0.276530
-0.172083,0.018555,0.321871
-0.202160,-0.044592,0.416292
-0.197222,-0.010026,0.422277
-0.220267,-0.030975,0.400580
-0.282965,-0.034866,0.411354
-0.282516,-0.027234,0.365714
-0.304812,-0.001796,0.365714
-0.265906,-0.052822,0.284162
-0.299275,-0.043096,0.175226
-0.323367,-0.053870,0.128539
-0.311994,-0.019453,0.087987
-0.288950,-0.041001,0.025738
-0.276081,-0.031125,-0.018555
-0.262464,-0.051176,-0.060454
-0.221613,-0.049979,-0.082001
-0.162207,-0.033070,-0.184802
-0.088137,-0.030376,-0.162058
-0.122104,0.003591,-0.160711
-0.036212,-0.003741,-0.117615
-0.002843,0.037110,0.040402
0.048483,0.017807,0.133776
0.021997,0.073023,0.277578
0.050129,0.056114,0.426018
0.034566,0.112677,0.550517
0.015862,0.148740,0.618901
0.002095,0.088436,0.616507
0.028880,0.053421,0.624887
0.026935,0.011971,0.494403
-0.023194,0.011672,0.311246
-0.016460,0.021697,0.231040
-0.045789,0.048931,0.159214
-0.055964,0.045939,0.074370
-0.075417,0.093075,0.037260
-0.065541,0.048333,-0.063297
-0.058508,0.017059,-0.131531
-0.086491,0.001646,-0.164901
-0.093075,-0.001945,-0.097863
-0.068983,-0.026336,-0.009128
-0.057311,-0.020201,-0.034267
-0.040402,-0.014365,0.038906
-0.030376,-0.004339,0.146645
-0.011821,-0.016759,0.113276
-0.019303,-0.071527,0.161160
-0.033968,-0.024092,0.282217
0.015263,-0.060454,0.270395
0.022296,-0.029329,0.236876
-0.000599,-0.111480,0.192733
0.016610,-0.062100,0.318429
-0.027533,-0.062848,0.396390
-0.037409,0.007632,0.398784
-0.029928,-0.003591,0.366612
-0.092925,0.021697,0.309151
-0.055964,0.029628,0.223110
-0.045639,0.004339,0.137068
-0.024391,0.014964,0.032920
-0.016310,0.044891,-0.072275
-0.014814,0.042946,-0.136769
-0.019752,-0.011672,-0.199018
0.009128,0.009577,-0.197671
0.052822,0.066738,-0.149787
0.032471,0.039504,0.023942
0.021997,0.068684,-0.014216
0.016161,0.097863,0.094721
0.045490,0.027683,0.145148
0.029928,0.059256,0.147543
0.071078,0.009876,0.202609
0.107440,0.013168,0.205004
0.122703,0.014066,0.170288
0.138564,0.009278,0.195427
0.132878,0.053271,0.196624
0.114622,0.035015,0.178518
0.136769,0.036362,0.198868
0.141108,0.027982,0.033668
0.071227,-0.014964,0.045490
0.087388,-0.025588,0.016759
0.124947,-0.013617,0.034716
0.061202,-0.011073,0.132878
0.062698,0.018405,0.092177
0.061052,0.032471,0.119710
0.055067,0.033818,0.109086
0.119261,0.025738,0.054019
0.133327,-0.017208,0.003741
0.157119,-0.034566,-0.024989
0.163554,-0.029030,-0.057162
0.142754,0.013318,-0.030825
0.160711,-0.010924,-0.045191
0.100257,-0.024989,-0.014066
0.099808,0.000449,0.062698
0.077961,0.037709,0.169240
0.044143,0.001945,0.244807
0.010026,0.021697,0.263961
0.006434,0.014814,0.357484
0.017358,-0.063147,0.322768
-0.047585,-0.051026,0.317980
-0.107739,-0.032022,0.205452
-0.154875,-0.014964,0.150535
-0.134075,-0.016909,0.038008
-0.140809,-0.049979,-0.007482
-0.182857,-0.056713,-0.074520
-0.185251,-0.012420,-0.100706
-0.207996,-0.080206,-0.105495
-0.167444,-0.052373,-0.071976
-0.149338,-0.054468,-0.123451
-0.140809,-0.052672,-0.042048
-0.169090,-0.024092,0.077662
-0.144700,0.008529,0.183007
-0.159963,0.024391,0.253636
-0.119261,-0.018106,0.293140
-0.109086,-0.065541,0.383970
-0.123152,-0.019902,0.451008
-0.103100,-0.043245,0.455796
-0.096666,-0.035763,0.424522
-0.029179,-0.049829,0.480636
-0.018405,-0.079458,0.456694
-0.020051,-0.076315,0.429011
-0.009278,-0.053421,0.403722
-0.002095,-0.074968,0.336535
0.017957,-0.037709,0.299425
0.084695,-0.100407,0.331597
0.033519,-0.059556,0.235679
0.061800,0.003591,0.228497
0.084695,-0.037260,0.197372
0.122404,-0.011073,0.153079
0.141856,-0.025289,0.127791
0.102951,-0.044143,0.144550
0.115670,-0.020201,0.123002
0.140659,0.006285,0.094421
0.115071,-0.039654,0.090830
0.110433,-0.039355,0.120758
0.075268,0.009128,0.192733
0.063147,0.050727,0.255132
0.058209,0.055964,0.425270
0.018854,0.100407,0.350002
0.021249,0.073322,0.325013
0.059406,0.018705,0.334739
0.056563,0.043096,0.343269
-0.031125,0.074370,0.202160
-0.090381,0.089184,0.191536
-0.085593,0.079009,0.171485
-0.180014,0.024391,0.067487
-0.222062,0.039055,0.083199
-0.258424,0.000150,0.048483
-0.338031,-0.000449,0.012719
-0.334141,0.000748,-0.094870
-0.345214,-0.021847,-0.037409
-0.341772,-0.005237,0.039205
-0.328006,0.033668,0.139911
-0.302567,0.071377,0.216526
-0.272490,0.027982,0.245256
-0.175824,0.025887,0.278775
-0.089034,0.002245,0.202160
-0.062848,0.019752,0.226102
-0.048183,0.028581,0.226252
-0.065242,0.072125,0.276530
-0.031873,0.051176,0.214431
-0.000748,0.049979,0.221763
0.045789,0.010026,0.148740
0.016161,0.014365,0.078260
0.032920,-0.039355,0.051924
0.029329,-0.025289,0.083199
0.018256,-0.061950,0.146645
0.034117,-0.080355,0.156222
0.060154,-0.114922,0.170587
0.079458,-0.124050,0.180164
0.083947,-0.123152,0.275782
0.108188,-0.147094,0.200365
0.092476,-0.167145,0.248099
0.107589,-0.122852,0.312593
0.136469,-0.113575,0.320823
0.095918,-0.116119,0.276381
0.125396,-0.096367,0.296582
0.117914,-0.134375,0.240168
0.141557,-0.125845,0.194529
0.166547,-0.145148,0.169240
0.202460,-0.105345,0.237325
0.211288,-0.095319,0.175076
0.211139,-0.080505,0.143802
0.230592,-0.046837,0.142605
0.251541,-0.015562,0.086341
0.261118,-0.045340,0.055216
0.254534,-0.042198,0.009726
0.248698,-0.041749,0.060005
0.225504,0.012570,0.104297
0.180313,0.070330,0.112827
0.172532,0.128838,0.233884
0.188693,0.081552,0.193182
0.175076,0.115520,0.165798
0.144999,0.058957,0.126444
0.148141,0.089483,0.011672
0.151284,0.141108,-0.043245
0.134823,0.086341,-0.075417
0.112079,0.104148,0.020500
0.095768,0.131531,-0.006883
0.053570,0.051775,-0.061950
0.040402,0.065691,-0.049979
0.057311,0.044442,-0.114622
0.080206,0.004639,-0.108787
0.044891,0.014664,-0.120907
0.030077,0.037409,-0.074370
-0.002245,0.025139,-0.079458
0.024391,0.018405,-0.011522
0.037409,-0.002394,0.020500
0.046837,-0.060903,0.010624
0.028132,-0.038906,0.084396
0.016011,0.000748,0.175226
-0.020051,0.063746,0.154576
-0.046537,0.038307,0.254982
-0.041001,0.000000,0.308702
-0.042497,0.042946,0.320524
-0.063147,0.072125,0.360028
-0.084845,0.096217,0.431854
-0.086341,0.082899,0.428263
-0.062997,0.064344,0.388759
-0.014066,0.036960,0.397288
-0.079458,0.078859,0.399832
-0.067337,0.115221,0.482581
-0.092626,0.093823,0.483928
-0.077812,0.092626,0.434997
-0.078859,0.022595,0.332195
-0.076914,0.048931,0.258125
-0.075567,0.057311,0.187646
-0.072425,0.092177,0.129137
-0.129287,0.116867,0.069282
-0.159214,0.089483,0.053870
-0.121805,0.086640,0.082600
-0.174477,0.065841,0.090980
-0.198868,0.062249,0.156820
-0.276680,0.035614,0.139911
-0.238822,0.009577,0.183007
-0.290447,0.021548,0.193631
-0.302567,0.047734,0.209193
-0.288501,0.028132,0.187646
-0.223110,-0.007332,0.228347
-0.230592,0.016161,0.322918
-0.216226,0.018854,0.246303
-0.181361,0.064793,0.229544
-0.171335,0.021697,0.227150
-0.171335,0.027683,0.143502
-0.137667,0.069581,0.016610
-0.142754,0.036960,-0.130484
-0.134973,0.053121,-0.183007
-0.110732,0.096067,-0.246303
-0.082450,0.057311,-0.323965
0.014066,0.034417,-0.413598
0.065392,0.042647,-0.432602
0.103699,0.077512,-0.396540
0.091877,0.081552,-0.252888
0.179116,0.030376,-0.208445
0.227449,0.086191,-0.167744
0.261716,0.052074,-0.073322
0.301969,0.062399,-0.075717
0.277727,0.034566,0.003142
0.294337,0.009876,0.159813
0.260519,0.017807,0.243460
0.242263,0.012270,0.350900
0.190339,0.008080,0.349404
0.178069,0.003891,0.414945
0.186448,-0.000898,0.474501
0.153678,-0.060603,0.462231
0.115520,-0.033818,0.417639
0.083348,-0.038906,0.307206
0.059855,-0.032471,0.178967
0.052373,-0.062249,0.110582
0.108637,-0.070180,-0.004489
0.103849,-0.057311,-0.076465
0.176572,-0.061651,-0.195127
0.121805,-0.032172,-0.203657
0.086790,-0.000299,-0.194080
0.122703,-0.018705,-0.166696
0.141856,-0.042796,-0.160711
0.186149,-0.030825,-0.087688
0.203657,-0.073921,0.052373
0.229694,-0.052672,0.157718
0.171036,-0.044742,0.322768
0.169539,-0.026935,0.404171
0.170886,-0.008679,0.525078
0.160262,-0.049680,0.604087
0.186748,-0.045639,0.691326
0.160711,-0.086341,0.718859
0.100257,-0.044891,0.697162
0.028431,0.005237,0.645686
-0.052523,0.005088,0.613215
-0.107739,-0.023942,0.554407
-0.200065,-0.033519,0.488417
-0.231190,-0.055067,0.519542
-0.229694,-0.046687,0.454749
-0.263362,-0.070629,0.393697
-0.281768,-0.070180,0.345812
-0.296881,-0.023493,0.314688
-0.341772,0.009427,0.338630
-0.353444,0.074968,0.354342
-0.357335,-0.005088,0.431106
-0.350900,-0.023942,0.378433
-0.365565,-0.008230,0.359430
-0.367510,0.027982,0.388310
-0.427066,0.078111,0.326360
-0.393098,0.080505,0.284611
-0.360327,0.010624,0.192733
-0.309750,-0.007781,0.142605
-0.261567,-0.006285,0.063746
-0.217124,-0.040253,0.012570
-0.174477,0.009876,-0.041150
-0.131083,-0.012570,-0.092476
-0.094571,0.021398,-0.000150
-0.017208,0.004489,-0.014365
-0.001796,-0.003292,0.038307
0.043844,0.012270,0.053870
0.071976,-0.011372,0.124498
0.094421,0.004489,0.215329
0.128239,0.005088,0.263213
0.163554,0.045041,0.196025
0.154276,0.075268,0.191237
0.155473,0.151583,0.232986
0.152780,0.184952,0.253336
0.184802,0.182259,0.257975
0.167893,0.193332,0.325013
0.206350,0.174178,0.225654
0.167744,0.195876,0.097713
0.121805,0.225205,-0.002693
0.104447,0.230741,-0.099509
0.025289,0.205153,-0.177171
-0.013318,0.174029,-0.295534
-0.095768,0.181510,-0.306009
-0.145747,0.189890,-0.339378
-0.204405,0.176273,-0.351050
-0.240767,0.162207,-0.362722
-0.245555,0.119261,-0.236876
-0.264709,0.103998,-0.194679
-0.219967,0.046088,-0.084396
-0.180762,-0.007332,-0.018555
-0.087837,-0.048931,0.051026
-0.039355,-0.041001,0.147992
-0.008080,-0.056862,0.228197
0.027533,-0.029778,0.334590
0.085293,-0.043545,0.414795
0.173430,-0.038158,0.403722
0.195876,-0.081852,0.408361
0.178218,-0.055964,0.332794
0.232836,-0.070030,0.295534
0.176572,-0.026935,0.238971
0.188693,-0.012570,0.182558
0.191536,0.027683,0.212336
0.138116,-0.007033,0.075866
0.106243,0.007332,0.136769
0.048483,-0.032322,0.100856
-0.029329,-0.013916,0.067337
-0.077063,-0.012121,0.017059
-0.140061,-0.031873,0.014814
-0.169539,-0.039504,-0.042497
-0.217274,0.021847,-0.038756
-0.269198,0.012121,-0.075717
-0.295684,0.011821,0.039355
-0.316334,0.022745,0.037110
-0.326659,0.017807,0.164003
-0.261567,0.006883,0.225055
-0.240468,0.015263,0.303016
-0.247800,0.038457,0.390405
-0.178967,0.018705,0.409408
-0.128688,0.015413,0.474052
-0.093972,-0.033818,0.448763
-0.035763,-0.003891,0.485724
-0.005237,0.008829,0.478391
0.034117,-0.027533,0.406416
0.106392,-0.054618,0.329652
0.112827,0.025738,0.304363
0.063596,0.042198,0.294786
0.056713,0.085443,0.300622
0.061202,0.090381,0.266953
0.093823,0.040851,0.221464
0.103549,-0.006584,0.220117
0.043844,-0.003142,0.186598
-0.005237,-0.023792,0.251242
-0.065242,0.022895,0.199766
-0.083947,0.035913,0.278775
-0.089483,0.020650,0.217723
-0.131681,-0.036512,0.155623
-0.139163,-0.086790,0.161609
-0.161010,-0.102202,0.144849
-0.184204,-0.100556,0.149787
-0.248099,-0.047435,0.182109
-0.235978,-0.058359,0.198868
-0.168193,-0.097264,0.210839
-0.180912,-0.108936,0.277877
-0.186299,-0.083348,0.282516
-0.197971,-0.074968,0.296881
-0.204106,-0.069282,0.383072
-0.183456,-0.034117,0.453701
-0.214880,-0.027234,0.399832
-0.167145,-0.041450,0.403423
-0.173729,-0.087089,0.442927
-0.170138,-0.112677,0.366313
-0.147992,-0.154276,0.262165
-0.155922,-0.099210,0.146046
-0.160711,-0.098462,0.073023
-0.175076,-0.024391,0.021548
-0.182259,-0.051625,0.020351
-0.243760,-0.081403,0.017807
-0.223858,-0.083498,-0.049231
-0.256030,-0.076764,-0.057610
-0.298527,-0.136769,-0.064793
-0.317830,-0.119710,-0.162955
-0.366163,-0.163853,-0.172682
-0.398186,-0.173280,-0.189441
-0.444873,-0.199617,-0.098462
-0.473453,-0.166996,0.019902
-0.539593,-0.155324,0.157568
-0.637606,-0.141408,0.220865
-0.680253,-0.147543,0.327407
-0.688483,-0.159663,0.418237
-0.748338,-0.131980,0.499640
-0.791882,-0.083199,0.431405
-0.811784,-0.103100,0.430208
-0.897526,-0.095020,0.360776
-0.926855,-0.058658,0.357185
-1.034894,-0.039654,0.285359
-1.096694,-0.020949,0.172831
-1.162684,-0.071227,0.169390
-1.219696,-0.109684,0.150236
-1.256657,-0.092476,0.228197
-1.353472,-0.041749,0.300023
-1.474230,-0.031424,0.383970
-1.573439,0.039055,0.380528
-1.590797,-0.077063,0.385317
-1.624915,-0.119860,0.363919
-1.731906,-0.139762,0.322170
-1.838747,-0.089184,0.277877
-1.939154,-0.040552,0.151134
-2.025944,0.031723,0.002843
-2.114828,0.003741,-0.186299
-2.076970,-0.012270,-0.335787
-2.100613,-0.021398,-0.457891
-2.118270,0.028581,-0.554707
-2.119318,0.078709,-0.614562
-2.011728,0.067636,-0.616956
-1.893664,0.080056,-0.522385
-1.739238,0.059556,-0.335637
-1.574936,0.044592,-0.237625
-1.470040,0.105495,-0.130035
-1.440412,0.136469,0.072275
-1.328632,0.200963,0.231340
-1.210269,0.200664,0.299574
-1.092953,0.219818,0.304213
-1.020678,0.185251,0.344915
-0.955885,0.183605,0.362871
-0.957830,0.243610,0.421529
-0.993893,0.241814,0.367809
-1.016039,0.269048,0.273388
-0.967557,0.270844,0.240019
-0.949002,0.227300,0.060753
-0.916830,0.301819,-0.083947
-0.949002,0.287155,-0.256030
-1.047463,0.292392,-0.396989
-1.056292,0.281019,-0.540491
-1.135749,0.188693,-0.737863
-1.172261,0.055216,-0.792780
-1.211167,0.090830,-0.805799
-1.212065,0.059705,-0.804601
-1.113005,0.067935,-0.813131
-1.047164,-0.046088,-0.637157
-1.050755,0.028730,-0.466121
-1.036240,0.075118,-0.333393
-0.933439,0.137517,-0.249745
-0.811036,0.145298,-0.223559
-0.661548,0.092775,-0.179565
-0.542736,0.114024,-0.143802
-0.397138,0.142754,-0.076914
-0.339677,0.117765,-0.081852
-0.277428,0.109535,-0.054618
-0.250793,0.119112,0.049380
-0.220117,0.112228,0.067187
-0.090680,0.089483,0.234632
-0.042497,0.063147,0.265607
-0.075268,0.099210,0.210390
-0.107290,0.148889,0.094272
-0.168492,0.188693,0.046537
-0.217124,0.056563,0.128090
-0.397437,-0.008230,0.333093
-0.736367,0.015113,0.497545
-0.954688,0.077063,0.507571
-1.097143,0.043245,0.448314
-1.174805,-0.046388,0.375890
-1.166575,-0.083199,0.326210
-1.198897,-0.133028,0.276530
-1.212065,-0.154426,0.336984
-1.071405,-0.192883,0.312294
-0.822558,-0.284311,0.263512
-0.563984,-0.339378,0.334440
-0.310498,-0.328604,0.386065
-0.049979,-0.267851,0.529867
0.310797,-0.190339,0.570718
0.676362,-0.167295,0.589871
0.986710,-0.118513,0.557550
1.282245,0.011821,0.485724
1.435324,0.085892,0.475099
1.410185,0.227599,0.477793
1.239598,0.346710,0.559645
0.925209,0.403124,0.508768
0.496198,0.336535,0.472406
0.121805,0.420631,0.401478
-0.197522,0.391153,0.238373
-0.551714,0.281019,0.107739
-0.871639,0.201861,-0.021697
-1.172111,0.218022,-0.160561
-1.328932,0.129885,-0.337882
-1.236306,-0.013767,-0.444723
-1.077989,-0.191686,-0.780510
-0.871938,-0.306159,-1.042376
-0.688782,-0.320973,-1.165677
-0.468216,-0.308253,-1.199495
-0.129287,-0.262165,-1.262343
0.142305,-0.274136,-1.210419
0.501585,-0.230292,-1.199495
0.810587,-0.197671,-1.089212
0.985064,-0.187945,-0.904709
1.077391,-0.082301,-0.690129
1.170166,0.052523,-0.443077
1.157746,0.162506,-0.265158
1.074248,0.208296,-0.041599
0.982521,0.164901,0.276979
0.862960,0.107440,0.585083
0.704195,0.038906,0.926855
0.440832,0.008679,1.229572
0.136021,0.009726,1.528698
-0.089334,0.055964,1.732205
-0.255132,-0.014964,1.893813
-0.300023,-0.082450,1.891120
-0.118214,-0.272340,1.804181
0.061351,-0.402376,1.522862
0.228197,-0.400879,1.248277
0.282366,-0.363919,0.951695
0.341922,-0.236727,0.613065
0.424223,-0.106841,0.234632
0.474950,-0.116418,-0.080355
0.546177,-0.115820,-0.348506
0.588375,-0.164901,-0.435894
0.616507,-0.162656,-0.413000
0.537349,-0.118214,-0.315586
0.404321,-0.080804,-0.210839
0.267253,-0.041899,-0.092626
0.190489,-0.084246,0.085593
0.038307,-0.111181,0.328903
-0.077662,-0.030077,0.513706
-0.242712,-0.068534,0.654665
-0.328006,-0.111630,0.805350
-0.421978,-0.156521,1.086668
-0.539294,-0.121655,1.224485
-0.603937,-0.073023,1.399411
-0.674117,-0.002394,1.400758
-0.685939,-0.019453,1.401955
-0.693870,-0.052224,1.417367
-0.581641,-0.149638,1.375020
-0.435894,-0.209642,1.278504
-0.316484,-0.280271,1.125424
-0.323068,-0.265607,0.944513
-0.351499,-0.171335,0.649876
-0.309451,-0.159065,0.482132
-0.302268,-0.178817,0.362273
-0.337283,-0.132429,0.263063
-0.448165,-0.080954,0.154276
-0.623241,0.046537,0.239869
-0.844405,0.116568,0.209642
-1.032948,0.200215,0.150984
-1.210868,0.282516,0.218321
-1.356166,0.329652,0.215329
-1.472733,0.272490,0.199317
-1.435474,0.194529,0.181062
-1.383849,0.129586,0.193930
-1.239299,0.004788,0.174328
-1.079336,-0.047136,0.258873
-0.830189,-0.105345,0.210091
-0.586130,-0.180313,0.149189
-0.363919,-0.218920,0.316633
-0.089483,-0.295534,0.357035
0.156521,-0.361076,0.590919
0.269348,-0.382324,0.697760
0.285808,-0.369755,0.855927
0.206799,-0.278625,0.974590
0.097264,-0.193033,1.039233
0.068684,-0.144849,0.974739
-0.043545,-0.191087,0.761955
-0.056713,-0.188992,0.493954
-0.037409,-0.237176,0.118513
0.105195,-0.389207,-0.260669
0.094421,-0.330549,-0.619200
0.100407,-0.326509,-0.959626
0.113425,-0.317082,-1.241394
0.299874,-0.364966,-1.417816
0.484377,-0.447865,-1.481712
0.629376,-0.469712,-1.647660
0.719607,-0.443975,-1.696591
0.905308,-0.441730,-1.646313
1.136797,-0.428712,-1.524508
1.394174,-0.490961,-1.200842
1.542165,-0.489614,-0.877625
1.604564,-0.439486,-0.695965
1.669207,-0.374842,-0.487968
1.759589,-0.371999,-0.339977
1.825279,-0.363470,-0.183605
1.890821,-0.408361,-0.025738
1.968782,-0.376488,-0.048483
2.054674,-0.430657,-0.045939
2.009633,-0.503082,-0.120907
1.991677,-0.433051,-0.152481
1.840243,-0.340126,-0.147692
1.761384,-0.264260,-0.082750
1.754800,-0.348805,0.165350
1.630751,-0.377685,0.274735
1.497274,-0.255581,0.594809
1.296759,-0.102951,0.840664
1.122881,0.028880,1.067365
0.939874,0.095918,1.197101
0.849942,0.105046,1.335067
0.820613,0.112827,1.246781
0.779013,0.146346,1.182436
0.697461,0.163255,0.893037
0.714669,0.175226,0.678906
0.844405,0.017807,0.402675
0.915483,-0.030376,0.286556
0.951546,-0.011821,0.087837
0.890045,0.031424,-0.093075
0.902464,0.060903,-0.295534
0.903063,0.050877,-0.461033
0.735768,0.125696,-0.595109
0.565181,0.165798,-0.627430
0.354492,0.209343,-0.548123
0.142904,0.216077,-0.547524
0.076764,0.256030,-0.342072
0.160561,0.124199,0.095618
0.336385,-0.046837,0.355090
0.516699,-0.077961,0.461033
0.664690,-0.040253,0.555156
0.802058,0.065691,0.668132
0.925359,0.171185,0.893785
1.080683,0.290447,0.946907
1.214309,0.401478,1.093402
1.365144,0.420332,1.245583
1.506701,0.443376,1.373823
1.674146,0.420033,1.360505
1.795352,0.349553,1.181838
1.830218,0.310348,0.940921
1.763330,0.352097,0.691625
1.644517,0.317980,0.306159
1.489642,0.247201,0.187646
1.379509,0.178967,-0.104447
1.139191,0.076465,-0.165350
0.879271,0.040103,-0.196624
0.573262,0.063297,-0.260220
0.361824,0.054618,-0.228197
0.174627,-0.089184,-0.284910
0.110732,-0.197372,-0.207847
0.117316,-0.345663,-0.103250
0.269048,-0.560542,-0.033818
0.561141,-0.762404,-0.137068
0.803704,-0.884807,-0.380528
0.920421,-0.872387,-0.597653
0.964564,-0.819416,-0.595258
1.022923,-0.808791,-0.620398
1.195305,-0.713472,-0.473902
1.432930,-0.779462,-0.281917
1.645565,-0.749236,-0.144849
1.698537,-0.632069,0.064045
1.630601,-0.456993,0.267402
1.547702,-0.365116,0.548571
1.527501,-0.285209,0.843058
1.519570,-0.322469,1.032200
1.585859,-0.396390,1.261894
1.537676,-0.370203,1.438616
1.356016,-0.332195,1.610550
1.243788,-0.233135,1.600075
1.184980,-0.211139,1.476923
1.142034,-0.192284,1.272219
1.094898,-0.168791,0.968006
1.097143,-0.179415,0.595558
1.230021,-0.343867,0.164302
1.529745,-0.483629,-0.034866
1.883339,-0.603339,-0.268899
2.108543,-0.635810,-0.369006
2.257732,-0.568473,-0.525378
2.341230,-0.447716,-0.681450
2.453758,-0.450409,-0.829142
2.434454,-0.422726,-0.916680
2.260875,-0.295385,-0.977732
2.029685,-0.155324,-1.015590
1.693299,0.094421,-0.952593
1.407940,0.258723,-0.994940
1.263690,0.336535,-0.880168
1.286883,0.378284,-0.818069
1.359458,0.408511,-0.594211
1.489493,0.443077,-0.348805
1.680281,0.365565,-0.103549
1.847725,0.335338,0.113126
2.005593,0.399832,0.445621
2.117671,0.451457,0.870442
2.343774,0.438887,1.211316
2.577657,0.353893,1.374870
2.829498,0.281768,1.372925
3.019238,0.269048,1.334019
3.180697,0.177470,1.165677
3.131017,0.098013,0.985364
3.009661,0.030376,0.783652
2.862118,-0.052224,0.519542
2.700660,-0.164302,0.268749
2.621651,-0.247201,0.117316
2.484134,-0.351948,-0.059256
2.313098,-0.297031,-0.196175
2.072930,-0.224157,-0.301969
1.772607,-0.184204,-0.346710
1.482460,-0.104148,-0.344466
1.107468,0.038607,-0.259771
0.751181,0.202460,-0.147243
0.502483,0.295684,0.011821
0.360327,0.268749,0.265457
0.242263,0.289100,0.400730
0.087388,0.335039,0.623241
-0.039804,0.318728,0.656610
-0.127342,0.322918,0.680552
-0.125396,0.279822,0.761805
-0.175226,0.281618,0.780959
-0.130484,0.182408,0.698359
-0.026635,0.173131,0.494702
0.192733,0.100407,0.304363
0.447566,0.036661,0.196474
0.683245,0.021697,0.081403
0.824653,0.067187,0.020351
0.951845,0.130334,-0.135422
1.119439,0.243760,-0.187047
1.358410,0.146645,-0.097264
1.542614,0.079308,0.004489
1.713351,-0.012121,0.194828
1.693898,0.013018,0.312144
1.464204,0.049081,0.521637
1.195754,0.091578,0.757466
0.974290,0.034417,1.026813
0.756867,-0.039654,1.401506
0.523133,-0.025738,1.581071
0.218471,-0.041599,1.758391
0.030676,0.028132,1.721431
-0.237176,0.017657,1.624616
-0.444873,-0.036661,1.416470
-0.652570,-0.057012,1.121085
-0.851139,-0.107589,0.814777
-0.938377,-0.183456,0.457293
-0.988057,-0.274884,0.128389
-1.021875,-0.453552,-0.155025
-1.092355,-0.533159,-0.425270
-1.196353,-0.540042,-0.616507
-1.321899,-0.433051,-0.675165
-1.304241,-0.334290,-0.816423
-1.132906,-0.312743,-0.797419
-0.816273,-0.223858,-0.875530
-0.542736,-0.146046,-0.946458
-0.197073,-0.054468,-1.010203
0.123451,0.022296,-0.930297
0.426617,0.098910,-0.894683
0.689380,0.134674,-0.740407
0.925359,0.166098,-0.550367
1.159392,0.168342,-0.301520
1.170615,0.159963,-0.092177
1.098340,0.111181,0.059705
0.929549,0.120309,0.249895
0.689829,0.154725,0.501286
0.344017,0.193481,0.707187
0.056413,0.272939,0.929848
-0.234332,0.257975,1.037587
-0.413149,0.156072,1.024569
-0.479738,0.057610,1.018583
-0.548571,-0.016460,0.804302
-0.526275,-0.095319,0.646434
-0.440683,-0.192883,0.365116
-0.322020,-0.228946,0.164003
-0.369306,-0.224756,-0.116119
-0.323217,-0.244957,-0.328006
-0.296731,-0.255431,-0.414047
-0.361973,-0.201113,-0.551714
-0.450110,-0.141856,-0.468964
-0.479439,-0.159963,-0.404321
-0.451606,-0.134973,-0.273538
-0.478990,-0.179266,0.040253
-0.550217,-0.139013,0.263213
-0.537947,-0.052672,0.506673
-0.597503,0.003442,0.771532
-0.636259,0.056862,0.950348
-0.672471,0.090830,1.099238
-0.741604,0.071227,1.254113
-0.724845,0.073622,1.346738
-0.776170,-0.014664,1.350629
-0.848894,-0.013018,1.392677
-0.815076,-0.027982,1.403601
-0.839317,-0.073023,1.213411
-0.720655,-0.107290,1.013346
-0.582240,-0.164003,0.871938
-0.497395,-0.179116,0.693271
-0.432902,-0.166547,0.386514
-0.339079,-0.127940,0.169539
-0.264260,-0.101604,-0.048632
-0.240019,-0.085892,-0.200963
-0.257676,0.011971,-0.343568
-0.311695,0.028581,-0.483778
-0.294636,0.025887,-0.489914
-0.233584,-0.024690,-0.424223
-0.252588,-0.012420,-0.457741
-0.247052,0.036362,-0.476895
-0.297928,0.058658,-0.438588
-0.325462,0.052074,-0.377536
-0.262614,0.007482,-0.261267
-0.250493,-0.002544,-0.177470
-0.256479,-0.021099,-0.036212
-0.270694,-0.032621,0.080056
-0.283563,0.049829,0.226102
-0.378583,0.065841,0.323068
-0.417339,0.065990,0.369605
-0.503979,0.073921,0.459387
-0.540341,0.040402,0.319177
-0.505326,0.037709,0.266355
-0.541838,-0.007781,0.083049
-0.514903,-0.036661,-0.105046
-0.484975,-0.064045,-0.290746
-0.464774,-0.064344,-0.365116
-0.309750,-0.062399,-0.483778
-0.188094,-0.063297,-0.598850
-0.088885,-0.037409,-0.582240
-0.061202,-0.016011,-0.508169
-0.006734,0.033369,-0.433949
0.061501,0.061351,-0.237625
0.049231,0.080505,-0.004190
-0.034716,0.114024,0.120458
-0.122404,0.177470,0.308553
-0.218770,0.221314,0.541987
-0.389956,0.260669,0.576853
-0.567575,0.313940,0.657358
-0.694019,0.319776,0.772429
-0.729334,0.330400,0.888698
-0.791583,0.369605,0.899621
-0.823755,0.324115,0.825551
-0.820613,0.319476,0.892738
-0.748936,0.288651,0.740706
-0.681450,0.207547,0.733524
-0.512359,0.167295,0.605434
-0.441880,0.084994,0.515502
-0.356287,0.050428,0.414945
-0.334141,0.059705,0.260369
-0.311695,0.056862,0.152481
-0.358831,0.105195,0.044592
-0.392649,0.116717,-0.005836
-0.415394,0.059556,-0.111330
-0.487669,0.041899,-0.100706
-0.587627,0.077063,-0.198868
-0.580744,0.046238,-0.213234
-0.559046,0.084096,-0.280421
-0.565181,0.062399,-0.207398
-0.452504,0.082301,-0.189441
-0.457143,0.152780,-0.115221
-0.396390,0.159514,-0.049380
-0.264260,0.119860,0.049979
-0.196025,0.008230,0.171036
-0.149937,0.011372,0.180613
-0.179415,-0.012869,0.258574
-0.238073,0.055815,0.360477
-0.255880,-0.057610,0.413149
-0.234931,0.001945,0.475548
-0.221464,-0.038158,0.445621
-0.178518,-0.033220,0.462380
-0.126593,-0.039355,0.319925
-0.074669,-0.037709,0.307954
0.025588,-0.067935,0.131980
0.065392,-0.012121,0.046837
0.152780,-0.038607,0.014515
0.195127,-0.048483,-0.070629
0.159663,-0.052074,-0.135272
0.154127,-0.023343,-0.187945
0.088286,0.011073,-0.217872
-0.024690,0.066589,-0.196175
-0.134973,0.109834,-0.108787
-0.128539,0.118363,-0.059556
-0.198120,0.107589,-0.035614
-0.232088,0.122254,0.156072
-0.178667,0.159813,0.208744
-0.182857,0.134375,0.241216
-0.134075,0.149338,0.219668
-0.088436,0.087837,0.220865
-0.036212,0.101155,0.138116
0.014365,0.089334,0.117615
0.040103,0.087388,-0.063147
0.011672,0.013617,-0.132729
0.008380,0.058808,-0.258574
-0.088585,0.050278,-0.271892
-0.203956,0.073472,-0.279074
-0.322319,0.054169,-0.324714
-0.401777,0.071976,-0.266056
-0.478391,0.053421,-0.234931
-0.516250,0.065691,-0.250493
-0.524779,0.057910,-0.224157
-0.485125,0.024541,-0.124798
-0.378134,0.017059,-0.130783
-0.312294,0.013916,-0.091279
-0.208595,-0.014964,-0.066140
-0.052822,-0.065242,0.027384
0.067636,-0.045789,0.115969
0.195576,-0.044143,0.137667
0.230442,-0.129885,0.294636
0.236727,-0.092476,0.422876
0.191835,-0.074669,0.519841
0.085892,-0.037260,0.593014
0.069282,-0.016161,0.723647
-0.025588,0.005686,0.819416
-0.038906,-0.033519,0.820762
-0.042347,-0.044143,0.877026
-0.118064,-0.047435,0.806247
-0.093224,-0.010624,0.742801
-0.086191,-0.058957,0.642095
-0.086790,-0.002394,0.494852
-0.070479,0.009128,0.401328
-0.050278,-0.012869,0.340126
-0.087688,-0.054169,0.221464
-0.088436,-0.019453,0.063446
-0.099060,-0.036063,0.040552
-0.159963,-0.010924,-0.016909
-0.183156,-0.040402,0.041749
-0.291644,-0.000748,0.059556
-0.292093,-0.001347,0.055964
-0.316633,-0.040103,0.158915
-0.254833,-0.092177,0.024840
-0.289249,-0.059705,0.002095
-0.292242,-0.060304,-0.026635
-0.317232,-0.072275,-0.124798
-0.337732,-0.001646,-0.186000
-0.347608,0.036960,-0.282965
-0.310947,0.041150,-0.262614
-0.329053,-0.001047,-0.328455
-0.279822,-0.060304,-0.295085
-0.333991,0.004339,-0.277129
-0.357185,0.040253,-0.283114
-0.360926,0.019902,-0.232686
-0.375441,0.038756,-0.180014
-0.399532,0.093374,-0.086640
-0.354043,0.082151,-0.079308
-0.329951,0.115820,-0.033818
-0.304363,0.105495,-0.024092
-0.309451,0.106392,-0.027683
-0.269198,0.094421,-0.010774
-0.338630,0.073921,0.032322
-0.318578,0.064195,0.032471
-0.306009,0.025438,0.068534
-0.259472,0.014664,0.078111
-0.256628,-0.027683,0.057910
-0.235530,-0.042198,0.057910
-0.233435,-0.069581,0.122553
-0.271892,-0.069881,0.219518
-0.278027,-0.097115,0.211139
-0.271143,-0.105794,0.272191
-0.278176,-0.098611,0.236278
-0.293140,-0.117316,0.305560
-0.329502,-0.189740,0.395343
-0.321871,-0.149787,0.349703
-0.292841,-0.167295,0.255132
-0.291195,-0.152331,0.180912
-0.259172,-0.133926,0.073023
-0.277727,-0.113874,-0.004788
-0.257975,-0.096067,0.015562
-0.250344,-0.121655,0.016759
-0.261716,-0.145448,0.064643
-0.237774,-0.147543,0.159214
-0.303764,-0.150236,0.275483
-0.301370,-0.068684,0.398784
-0.295385,-0.096965,0.558148
-0.257826,-0.081403,0.612018
-0.242114,-0.083049,0.634763
-0.205602,-0.009427,0.595258
-0.138714,-0.013767,0.600047
-0.154725,0.080804,0.600047
-0.162506,0.084845,0.540192
-0.124947,0.103549,0.450409
-0.129287,0.108038,0.323367
-0.170437,0.089932,0.317381
-0.105495,0.075417,0.238223
-0.094571,0.084845,0.178368
-0.045490,0.071676,0.035763
-0.038457,0.069581,0.011821
0.029329,0.115670,-0.026486
0.079906,0.091578,-0.054169
0.202759,0.106991,-0.133177
0.307954,0.027234,-0.108188
0.297180,0.038457,-0.194379
0.372149,0.052523,-0.199317
0.342072,0.028431,-0.098761
0.288801,0.080655,-0.047285
0.259472,0.063596,-0.098910
0.204405,0.046088,-0.072574
0.197073,0.039504,-0.062997
0.163255,0.033818,-0.032022
0.087388,0.024092,-0.008080
0.006883,0.060304,0.015862
-0.091429,0.102651,-0.016460
-0.159065,0.111480,-0.005686
-0.231639,0.095768,0.011073
-0.331597,0.092775,0.029030
-0.398934,0.104148,0.141557
-0.516100,0.108338,0.173879
-0.555604,0.148441,0.226701
-0.575057,0.088436,0.259172
-0.557699,0.092476,0.255581
-0.475698,0.048632,0.382623
-0.441431,0.041300,0.395941
-0.334889,0.002843,0.429460
-0.289100,-0.007332,0.518195
-0.259921,-0.030077,0.560243
-0.196325,-0.031274,0.618901
-0.073622,-0.079458,0.555455
0.038906,-0.054169,0.569820
0.097564,-0.112976,0.393846
0.163704,-0.061501,0.320673
0.222212,-0.040701,0.253636
0.221913,0.004788,0.190040
0.204106,0.048483,0.170886
0.210540,0.036063,0.119261
0.175675,0.021997,0.144400
0.124947,-0.038607,0.194679
0.031574,-0.022446,0.269946
-0.077961,-0.009726,0.356138
-0.077961,0.014814,0.297480
-0.167744,-0.023343,0.350152
-0.191237,-0.007931,0.311845
-0.198569,-0.044143,0.229095
-0.146944,-0.071227,0.110582
-0.118663,-0.102502,0.032771
-0.098761,-0.082600,-0.149338
-0.002693,-0.094571,-0.241515
0.028880,-0.121206,-0.296731
0.077213,-0.136619,-0.227300
0.080355,-0.125396,-0.216526
0.034267,-0.125396,-0.180613
-0.026635,-0.052224,-0.167594
-0.059107,-0.010774,-0.019154
-0.081403,-0.028880,0.031125
-0.123601,-0.004938,0.013168
-0.128389,0.032022,0.050278
-0.140659,0.067487,0.126893
-0.205303,0.070629,0.153229
-0.174777,0.111630,0.231040
-0.186598,0.146944,0.263362
-0.153977,0.119112,0.223858
-0.129287,0.098462,0.238223
-0.150685,0.082750,0.217872
-0.158167,0.033220,0.174777
-0.127791,0.040701,0.076614
-0.097414,0.016759,0.002394
-0.066888,0.024690,-0.113874
0.043545,0.016909,-0.124648
0.054169,0.032771,-0.189292
0.091429,0.026336,-0.207248
0.120907,0.069581,-0.158167
0.100856,0.020500,-0.177321
0.105195,0.063895,-0.143802
0.032322,0.057610,-0.028880
-0.052972,0.081403,-0.043245
-0.156970,0.065841,0.075268
-0.198868,0.062249,0.147094
-0.263661,0.075417,0.175824
-0.341772,0.050428,0.290746
-0.376039,0.028581,0.324265
-0.448763,0.021997,0.338630
-0.452803,0.007033,0.323068
-0.487968,-0.015862,0.324265
-0.449661,-0.013916,0.336236
-0.352247,-0.041001,0.370952
-0.232686,-0.111480,0.308702
-0.190040,-0.114922,0.294337
-0.103250,-0.108936,0.328903
-0.103250,-0.136619,0.278625
-0.028880,-0.127342,0.291793
0.030376,-0.154127,0.309750
0.111330,-0.202909,0.275034
0.103100,-0.219818,0.258274
0.059855,-0.189740,0.379182
-0.012420,-0.193481,0.356437
0.006434,-0.154875,0.451008
0.005088,-0.115371,0.412701
-0.047435,-0.120458,0.507271
-0.084096,-0.079308,0.474950
-0.092177,-0.013467,0.463128
-0.124349,0.004788,0.453552
-0.179565,-0.017807,0.432004
-0.212785,0.042347,0.366163
-0.229544,0.042647,0.308702
-0.193631,0.039055,0.259621
-0.161609,0.009128,0.188992
-0.164152,-0.011372,0.100407
-0.135422,-0.013617,0.003442
-0.053121,0.025438,0.024989
0.020650,0.030676,0.019004
0.044442,0.021548,0.032172
0.045789,0.058059,0.066888
0.028581,0.026635,0.036960
-0.024989,0.073921,0.142305
-0.003442,0.079158,0.163853
0.001197,0.074520,0.159214
-0.044592,0.012121,0.080206
-0.039205,0.008978,0.088585
-0.055815,0.046986,0.059855
-0.084695,0.038008,-0.106542
-0.026935,-0.000898,-0.059855
0.013617,0.000000,-0.244209
0.082600,0.045639,-0.225055
0.111031,0.070629,-0.227449
0.187496,0.087837,-0.216675
0.175076,0.069282,-0.132878
0.202609,0.093823,-0.101754
0.234332,0.103998,-0.083797
0.155623,0.098013,0.038307
0.067187,0.139163,0.164152
0.029179,0.103699,0.225205
-0.021847,0.108338,0.320973
-0.098162,0.134075,0.444424
-0.177321,0.181211,0.408511
-0.218920,0.130783,0.376189
-0.208146,0.155025,0.370203
-0.199018,0.156820,0.307954
-0.158616,0.132429,0.197821
-0.163853,0.073173,0.088885
-0.152481,0.132130,0.036212
-0.098312,0.065841,0.015862
-0.047734,0.049829,-0.073921
-0.053121,-0.030676,-0.099060
-0.064793,-0.048333,-0.121805
0.001347,-0.051326,-0.106243
0.013467,-0.063446,-0.052373
0.018256,-0.044293,-0.038008
-0.028282,-0.112827,0.011073
-0.013018,-0.094272,0.103100
-0.091877,-0.060005,0.143802
-0.112976,-0.064195,0.117466
-0.177919,-0.002693,0.204854
-0.225504,-0.033668,0.210839
-0.247800,-0.022446,0.231190
-0.241066,-0.013767,0.235978
-0.232088,-0.081253,0.238373
-0.212336,-0.079308,0.260070
-0.223559,-0.013318,0.219369
-0.177769,-0.032771,0.188244
-0.130783,-0.068384,0.242114
-0.055366,-0.085144,0.167893
0.040103,-0.071527,0.125995
0.083797,-0.086640,0.141557
0.121506,-0.045041,0.058957
0.142305,-0.082899,0.081702
0.128389,-0.043993,0.072125
0.154725,-0.029179,0.081552
0.102053,0.038307,0.162955
0.117166,0.028581,0.216825
0.018854,0.020800,0.171335
0.037409,0.004788,0.212036
-0.006135,0.002993,0.251541
-0.071078,0.036960,0.244358
-0.110582,0.105495,0.154576
-0.156671,0.115820,0.191686
-0.114323,0.124798,0.141408
-0.075717,0.095618,0.159364
-0.022745,0.133028,0.152032
0.029928,0.061800,0.148441
0.040701,0.065841,0.122104
0.072874,0.064943,0.134075
0.033519,0.095170,0.140061
0.052822,0.043395,0.113725
0.076315,0.047884,0.142455
0.049530,0.020201,0.158017
0.047136,0.042198,0.143652
0.044742,-0.000150,0.111330
0.080206,0.025139,0.112527
0.135721,0.046388,0.065841
0.112228,0.068833,0.045490
0.147243,0.069581,0.016610
0.109535,0.073921,0.114772
0.089034,0.070779,0.087239
0.039205,0.058808,0.095618
-0.001796,0.009726,0.167594
-0.018854,0.034566,0.254982
-0.087089,0.048931,0.385466
-0.159065,0.061800,0.453701
-0.196474,0.060005,0.464475
-0.147842,0.028581,0.490811
-0.145747,-0.011821,0.483629
-0.106991,-0.006285,0.442927
-0.137966,-0.052224,0.377087
-0.098462,-0.019752,0.289698
-0.118663,-0.008230,0.270545
-0.105345,-0.037260,0.204704
-0.121655,-0.085293,0.187795
-0.065092,-0.063895,0.130334
-0.059855,-0.079458,0.124349
-0.011522,-0.097564,0.103998
-0.008080,-0.084994,0.143502
0.000449,-0.049829,0.202160
0.005836,-0.075717,0.168642
-0.004040,-0.043245,0.178218
0.011223,-0.017807,0.135123
0.013318,-0.062549,0.124349
0.048483,-0.020201,0.051326
0.055665,-0.017208,0.155473
0.077512,-0.002544,0.148291
0.058209,-0.012719,0.162656
0.112079,0.012719,0.161459
0.110732,-0.034716,0.204555
0.067487,-0.016310,0.148291
0.075717,-0.033818,0.221314
0.023343,-0.039055,0.184204
0.042796,-0.064793,0.160112
0.033818,-0.087987,0.162506
0.029479,-0.042647,0.178069
-0.009128,-0.043395,0.112228
0.000150,-0.039055,0.102651
-0.007332,-0.047285,0.066738
0.034267,-0.038008,0.039205
0.029179,-0.107589,0.061950
0.018106,-0.100706,0.070330
-0.035763,-0.073921,0.111031
-0.024840,-0.055216,0.111031
-0.024541,-0.064195,0.029628
-0.029928,-0.096965,0.035614
-0.030526,-0.079009,0.002095
-0.103549,-0.073921,0.035614
-0.160711,-0.084246,0.094272
-0.253187,-0.028880,-0.039804
-0.240318,-0.013916,-0.052972
-0.277578,-0.038008,-0.018256
-0.273986,0.020500,-0.052972
-0.299275,-0.032771,-0.038607
-0.265457,0.000000,0.010475
-0.248548,0.005237,0.046388
-0.189142,0.000299,0.027234
-0.160860,-0.007482,0.123002
-0.117017,0.010924,0.106243
-0.108787,-0.017657,0.093075
-0.078410,0.025289,0.040402
-0.078111,-0.040253,0.018854
-0.048034,0.029479,0.000898
-0.033668,0.023942,-0.001496
-0.057760,-0.006434,-0.025438
-0.026037,0.039953,0.000898
0.008679,0.033968,0.002095
0.068833,0.033369,-0.027833
0.163105,-0.038756,-0.029030
0.235380,-0.034417,-0.037409
0.263512,-0.050278,0.011522
0.246752,-0.029928,-0.044742
0.260369,-0.079906,-0.066289
0.282665,-0.017508,-0.039953
0.260070,0.021548,-0.024391
0.212934,0.018106,0.019902
0.178368,0.033220,0.090531
0.112079,0.073921,0.114473
0.080804,0.073173,0.195876
0.074520,0.065691,0.313192
0.056264,0.057012,0.420931
0.002095,0.068684,0.506074
-0.027982,0.026785,0.582689
-0.068684,0.043993,0.637755
-0.052074,0.067038,0.569521
-0.042647,0.060304,0.507271
-0.008080,0.035314,0.471358
0.021697,-0.027533,0.462979
0.077512,-0.075717,0.342072
0.150835,-0.061651,0.325312
0.152181,-0.107589,0.298976
0.092626,-0.123301,0.211588
0.128688,-0.111630,0.149338
0.135871,-0.140959,0.229544
0.123900,-0.151583,0.234482
0.096367,-0.180463,0.193781
0.143951,-0.230442,0.228497
0.183156,-0.209942,0.277578
0.214281,-0.221164,0.270395
0.229095,-0.183007,0.284910
0.232686,-0.191985,0.295684
0.227599,-0.165350,0.374842
0.238522,-0.087837,0.376039
0.256030,-0.101903,0.456395
0.239271,-0.060454,0.512658
0.208445,-0.086939,0.642095
0.203058,-0.071227,0.726042
0.174926,-0.137966,0.758363
0.190788,-0.141707,0.836325
0.216975,-0.180912,0.868796
0.242712,-0.172233,0.816123
0.361824,-0.169988,0.821062
0.481983,-0.222361,0.736067
0.546626,-0.146794,0.706140
0.552462,-0.121805,0.712125
0.584634,-0.069881,0.641496
0.669628,-0.092775,0.686986
0.677409,-0.035165,0.666636
0.731129,-0.068534,0.706140
0.811634,-0.046687,0.665438
0.854431,-0.040402,0.708534
0.928651,-0.057311,0.658256
1.082927,-0.071377,0.682048
1.101931,-0.076315,0.617405
1.199345,-0.117316,0.553809
1.256507,-0.141408,0.350302
1.305588,-0.093673,0.314239
1.342848,-0.170587,0.244657
1.290774,-0.175375,0.121206
1.291522,-0.195277,-0.015413
1.216105,-0.182857,-0.169839
1.137545,-0.231040,-0.214281
1.059285,-0.230442,-0.301819
0.907702,-0.189740,-0.463428
0.804601,-0.187496,-0.541239
0.710629,-0.198569,-0.603638
0.577003,-0.184503,-0.784400
0.471059,-0.133177,-0.834679
0.356138,-0.056264,-0.892139
0.312892,-0.023194,-0.949600
0.230592,0.019902,-0.877774
0.184952,0.028282,-0.881365
0.139013,0.086790,-0.883760
0.086790,0.096965,-0.782006
0.111630,0.109385,-0.669479
0.203358,0.120907,-0.457592
0.277727,0.078709,-0.305560
0.368707,0.044742,-0.137966
0.453103,0.044891,0.048782
0.579546,0.025588,0.159065
0.673519,0.008978,0.226102
0.741155,-0.056114,0.212934
0.827496,-0.074520,0.256030
0.911143,-0.063446,0.394894
0.933589,-0.063596,0.341024
0.958728,-0.069282,0.196025
0.994043,-0.085892,0.207996
0.975338,-0.114473,0.095469
0.986112,-0.140959,0.100257
0.968006,-0.190189,0.176872
0.957980,-0.199168,0.251092
0.934188,-0.184054,0.207996
0.888548,-0.101155,0.355240
0.878223,-0.074968,0.349254
0.809091,0.001646,0.358831
0.684891,0.042198,0.478541
0.631022,0.144550,0.500089
0.548272,0.198270,0.534805
0.465523,0.302268,0.646135
0.398485,0.251242,0.550367
0.385167,0.244209,0.524031
0.338331,0.239420,0.436643
0.358981,0.232986,0.292990
0.430058,0.239719,0.182857
0.482432,0.269198,0.118214
0.629525,0.284611,0.087089
0.852037,0.247501,0.006883
1.010952,0.175675,-0.024241
1.227777,0.115520,0.082301
1.384297,0.065392,0.101604
1.422754,0.016460,0.168642
1.444003,-0.039953,0.218920
1.417068,-0.112976,0.295684
1.301997,-0.163704,0.361524
1.173907,-0.263063,0.468216
1.067814,-0.316035,0.514903
0.951845,-0.367510,0.661099
0.856825,-0.326958,0.675464
0.760907,-0.347010,0.664690
0.603788,-0.250493,0.615609
0.498293,-0.216226,0.500687
0.441880,-0.086491,0.340276
0.494852,-0.071078,0.097264
0.539144,-0.111181,-0.068085
0.543185,-0.122553,-0.266804
0.539892,-0.122254,-0.363769
0.587328,-0.110881,-0.339977
0.598999,-0.091877,-0.339977
0.604835,-0.024241,-0.363919
0.594211,0.015263,-0.385466
0.607678,0.064344,-0.387861
0.581192,0.070030,-0.349553
0.597204,0.093224,-0.270545
0.650624,0.045789,-0.197372
0.606631,0.177171,-0.064494
0.576254,0.215777,0.018106
0.492757,0.325163,0.148740
0.351349,0.371550,0.327108
0.309750,0.410157,0.415843
0.246303,0.384120,0.561889
0.233285,0.422726,0.583587
0.250942,0.430657,0.535703
0.311695,0.454150,0.544082
0.396240,0.509516,0.485424
0.459537,0.459836,0.385915
0.485424,0.481384,0.288950
0.587477,0.494702,0.281618
0.652270,0.424073,0.184653
0.726491,0.377835,0.224008
0.796072,0.361973,0.235978
0.865803,0.337433,0.290895
0.844704,0.309002,0.271742
0.817321,0.297629,0.260968
0.786346,0.277877,0.359280
0.742053,0.212186,0.511312
0.752378,0.160860,0.602291
0.787094,0.141108,0.596306
0.806996,0.123900,0.670676
0.759860,0.167893,0.627580
0.701351,0.276979,0.598850
0.632817,0.334889,0.536600
0.576853,0.313640,0.474202
0.555604,0.242862,0.451457
0.449212,0.272041,0.450260
0.384419,0.299574,0.451307
0.251990,0.441431,0.372298
0.120009,0.444873,0.320673
0.006883,0.492607,0.228497
0.004339,0.405069,0.150685
-0.007632,0.315586,0.161459
0.011223,0.229245,0.101454
0.042946,0.187346,0.124199
0.085892,0.191536,0.164901
0.128090,0.045939,0.154127
0.207996,-0.107589,0.093075
0.251840,-0.212785,0.041749
0.292093,-0.294487,0.022595
0.241814,-0.355539,0.013018
0.196474,-0.298377,0.010624
0.192584,-0.308553,0.004639
0.177171,-0.331298,-0.021548
0.113575,-0.388010,-0.021548
0.066589,-0.392948,-0.064494
-0.057012,-0.334440,-0.026187
-0.189740,-0.244059,-0.061950
-0.296282,-0.267851,-0.064344
-0.333692,-0.341772,-0.182708
-0.383671,-0.309151,-0.224606
-0.477643,-0.223708,-0.261567
-0.548422,-0.129736,-0.381127
-0.559794,-0.098462,-0.492457
-0.509815,-0.089034,-0.700603
-0.457891,-0.152930,-0.742502
-0.313192,-0.225803,-0.727987
-0.331298,-0.178069,-0.688333
-0.372149,-0.113276,-0.697910
-0.402226,-0.160112,-0.736067
-0.388759,-0.124050,-0.773178
-0.442927,-0.108637,-0.755071
-0.527622,-0.188394,-0.767042
-0.607379,-0.285060,-0.687734
-0.776470,-0.249596,-0.502034
-0.842909,-0.187795,-0.226402
-0.921468,-0.113425,-0.058359
-0.935684,-0.117765,0.100108
-0.754323,-0.241964,0.223858
-0.526724,-0.384269,0.291494
-0.227300,-0.436493,0.287304
0.051625,-0.465822,0.375141
0.235679,-0.433500,0.426018
0.355389,-0.350451,0.475698
0.418087,-0.237924,0.561141
0.480187,-0.167295,0.658705
0.452205,-0.069881,0.692672
0.386813,-0.011971,0.624887
0.186448,0.060903,0.477943
-0.007931,0.089184,0.376488
-0.264110,0.070330,0.248548
-0.521188,0.162955,0.221015
-0.679504,0.183007,0.233135
-0.936432,0.197821,0.216376
-1.098490,0.207098,0.216376
-1.127669,0.158017,0.252289
-1.109563,0.167594,0.380528
-1.107019,0.206051,0.478691
-1.147720,0.236427,0.566229
-1.093701,0.208296,0.609324
-1.003170,0.081403,0.766145
-0.815076,0.036362,0.847547
-0.554707,-0.073921,0.892888
-0.310348,-0.108637,0.747889
-0.080056,-0.057012,0.651971
0.155623,-0.034267,0.554856
0.330699,0.000898,0.463877
0.525378,-0.002693,0.382324
0.682048,-0.003891,0.300921
0.738761,-0.046388,0.420631
0.738611,-0.084695,0.414795
0.607828,-0.058359,0.480636
0.375590,-0.149937,0.532261
0.138415,-0.152181,0.538246
-0.181510,-0.090980,0.568024
-0.480636,-0.124199,0.493804
-0.635810,-0.193930,0.370353
-0.677709,-0.322619,0.199168
-0.627430,-0.501885,0.043545
-0.605733,-0.497395,0.024391
-0.699855,-0.392499,-0.000599
-0.739659,-0.288651,0.010325
-0.672322,-0.348207,0.077512
-0.528071,-0.473753,0.065541
-0.422427,-0.581791,-0.009726
-0.339977,-0.586879,-0.014365
-0.307954,-0.527473,0.037260
-0.348207,-0.491709,0.123601
-0.452055,-0.423026,0.166696
-0.524480,-0.396240,0.212186
-0.605583,-0.398186,0.209792
-0.714669,-0.392200,0.133177
-0.875530,-0.359430,0.080505
-0.947655,-0.308253,0.020650
-1.017087,-0.384419,-0.025887
-0.981772,-0.473304,-0.153827
-0.886154,-0.574309,-0.373645
-0.782605,-0.604985,-0.544382
-0.744597,-0.607379,-0.672022
-0.674267,-0.591218,-0.706140
-0.669179,-0.596755,-0.777367
-0.734122,-0.535254,-0.800711
-0.755221,-0.503381,-0.827795
-0.751330,-0.429161,-0.772280
-0.741754,-0.390255,-0.787543
-0.774824,-0.354342,-0.709432
-0.839467,-0.216077,-0.574160
-0.972046,-0.109684,-0.557550
-1.017536,-0.073472,-0.424971
-1.051204,-0.058957,-0.450559
-1.063774,-0.021398,-0.448763
-1.112107,0.000449,-0.395343
-1.165677,0.021697,-0.434248
-1.122282,0.020949,-0.416741
-1.136797,0.004339,-0.200514
-1.058387,-0.060603,-0.076315
-1.030405,-0.142305,0.050278
-1.042974,-0.127192,0.238223
-0.991648,-0.138265,0.360477
-0.880917,-0.152331,0.468515
-0.743250,-0.183156,0.545728
-0.665289,-0.186598,0.599149
-0.587926,-0.108038,0.663643
-0.455198,-0.067038,0.593014
-0.285808,-0.063746,0.676961
-0.226402,-0.095618,0.573112
-0.150685,-0.115969,0.567426
-0.071227,-0.100856,0.490063
-0.185251,-0.024989,0.420931
-0.320673,0.095319,0.305111
-0.511312,0.251391,0.175824
-0.612167,0.287005,0.121655
-0.601094,0.208744,0.024241
-0.561590,0.091578,-0.082899
-0.572663,0.027982,-0.193781
-0.686687,0.064943,-0.200814
-0.943914,0.168043,-0.131531
-1.074398,0.262315,-0.027683
-1.143531,0.197671,0.072574
-1.092055,0.030526,0.212485
-1.040131,-0.047884,0.432602
-0.937779,-0.164302,0.632518
-0.783054,-0.231190,0.790835
-0.595408,-0.358232,0.984017
-0.456245,-0.286855,1.014543
-0.385915,-0.211139,1.014094
-0.326809,-0.141108,0.967108
-0.301370,-0.002544,0.864008
-0.205602,0.102502,0.742053
-0.150236,0.151134,0.557849
-0.013916,0.185102,0.349853
0.051475,0.140510,0.143203
-0.002843,0.223858,-0.027533
-0.089932,0.237774,-0.081104
-0.157269,0.316484,-0.164751
-0.195427,0.326809,-0.273538
-0.223409,0.348656,-0.462679
-0.183306,0.308702,-0.574160
-0.161609,0.216675,-0.562488
-0.233884,0.187197,-0.514155
-0.324863,0.185401,-0.436194
-0.293439,0.149189,-0.316484
-0.374244,0.105943,-0.037858
-0.341623,0.144251,0.229993
-0.361225,0.116568,0.484676
-0.497695,0.139762,0.765696
-0.655862,0.194679,0.882712
-0.734571,0.235380,1.127968
-0.808941,0.257526,1.310975
-0.882114,0.282665,1.370830
-0.962918,0.272789,1.315913
-1.054047,0.259023,1.149815
-1.091008,0.156671,0.909647
-1.067365,0.134674,0.653916
-1.001824,0.042198,0.467917
-0.914735,0.038158,0.371700
-0.870891,0.032920,0.218022
-0.796371,0.115670,0.060753
-0.820014,0.254384,-0.052523
-0.755520,0.352097,-0.136170
-0.681300,0.398485,-0.351798
-0.619350,0.326659,-0.521188
-0.584036,0.323816,-0.650175
-0.625336,0.324115,-0.614262
-0.767491,0.310797,-0.556053
-0.935684,0.380678,-0.297031
-1.120935,0.389058,-0.101454
-1.213860,0.346261,0.079607
-1.370830,0.215777,0.124349
-1.511190,0.251690,0.251690
-1.783531,0.349853,0.273837
-2.015020,0.398036,0.363320
-2.248006,0.470910,0.432453
-2.335843,0.464475,0.458639
-2.404377,0.398934,0.537947
-2.410213,0.267103,0.497545
-2.291999,0.195576,0.449062
-2.063652,0.085742,0.357634
-1.768716,-0.085593,0.248249
-1.474230,-0.194379,0.256329
-1.274912,-0.211887,0.307356
-1.152359,-0.046687,0.335488
-0.968455,0.036661,0.589722
-0.818368,0.105495,0.732626
-0.641047,0.123002,0.895880
-0.611120,0.139612,1.064971
-0.710180,0.289100,0.998382
-0.857274,0.437091,0.955436
-0.854131,0.427215,0.954538
-0.894534,0.314389,0.854281
-0.920271,0.208296,0.768539
-1.014393,0.197522,0.594361
-1.163881,0.117615,0.485873
-1.292270,0.098162,0.462530
-1.433229,0.060753,0.378134
-1.519420,0.057610,0.415843
-1.601721,0.102502,0.366313
-1.748366,0.109684,0.327557
-1.867477,0.127940,0.331896
-1.871518,0.093374,0.290895
-1.796998,0.083647,0.222511
-1.642572,0.032322,0.094272
-1.413626,-0.073921,-0.037409
-1.180042,-0.137367,-0.178667
-1.035193,-0.104746,-0.338780
-0.972944,0.039953,-0.312144
-0.919523,0.190938,-0.271293
-0.851438,0.190339,-0.120009
-0.771232,0.293290,0.005986
-0.691475,0.239121,0.173729
-0.652121,0.196474,0.251541
-0.800561,0.212186,0.276680
-1.013047,0.288352,0.382923
-1.194108,0.377685,0.448314
-1.331027,0.320673,0.455048
-1.503110,0.289998,0.550217
-1.628955,0.256329,0.623839
-1.658733,0.264859,0.685490
-1.669357,0.261417,0.687435
-1.629254,0.157119,0.536152
-1.511340,0.114473,0.394445
-1.425597,0.100108,0.229095
-1.255460,-0.018256,0.116418
-1.145625,-0.014365,0.135572
-0.993743,0.043844,0.045789
-0.813729,-0.019453,0.056713
-0.584485,-0.037110,0.053421
-0.388908,-0.101903,0.100257
-0.171185,-0.137667,0.217872
0.062100,-0.121506,0.403872
0.139462,-0.062100,0.546477
0.245406,-0.063596,0.662895
0.316932,-0.041150,0.879869
0.391003,-0.051475,0.944662
0.392350,-0.021099,1.081132
0.323666,-0.038607,1.063175
0.164302,0.008230,1.086968
-0.012719,0.057311,0.953940
-0.159214,-0.007781,0.904559
-0.350451,-0.109235,0.716315
-0.586879,-0.125247,0.492158
-0.787393,-0.182408,0.302717
-0.948104,-0.165499,0.052074
-1.035792,-0.232986,-0.128988
-1.131410,-0.214880,-0.208146
-1.160889,-0.196624,-0.352097
-1.092654,-0.207996,-0.329502
-0.949301,-0.189142,-0.345214
-0.785298,-0.160711,-0.260369
-0.588375,-0.138714,-0.222212
-0.401178,-0.105345,-0.106243
-0.224157,0.031125,0.030077
-0.035614,0.077812,0.134075
0.124498,0.078111,0.098013
0.263661,0.076614,0.117017
0.350152,0.031274,-0.020800
0.402226,0.080954,-0.132130
0.384120,0.053570,-0.178817
0.369455,0.039953,-0.262464
0.415544,0.027982,-0.434697
0.434548,-0.013916,-0.464325
0.419733,-0.017059,-0.578798
0.380229,-0.006135,-0.571017
0.336984,0.047734,-0.534356
0.313341,0.041599,-0.393547
0.278775,0.046088,-0.305261
0.281618,0.024241,-0.134375
0.261567,-0.046986,0.077213
0.235679,0.007033,0.343718
0.146046,0.026486,0.514454
0.099509,0.023643,0.549619
0.213533,-0.048034,0.506823
0.300323,-0.181810,0.589572
0.330400,-0.186149,0.820463
0.333393,-0.098761,1.150414
0.315286,-0.059107,1.371279
0.300772,0.004639,1.532139
0.260519,0.008829,1.514333
0.265158,-0.038158,1.410334
0.203806,-0.000599,1.119439
0.129885,0.033668,0.834529
0.065841,0.080655,0.518494
0.003142,0.106243,0.088885
-0.082301,0.094122,-0.237475
-0.136769,0.053870,-0.567426
-0.115820,0.019004,-0.856376
-0.184802,0.020949,-1.126173
-0.168043,0.010774,-1.220893
-0.140061,-0.022895,-1.281945
-0.068833,-0.009427,-1.326088
0.048632,-0.024241,-1.231218
0.163853,-0.012869,-1.013047
0.346860,0.035165,-0.703746
0.470012,0.045639,-0.345214
0.548422,0.155922,-0.082450
0.587028,0.191835,0.170737
0.656011,0.229544,0.376189
0.677858,0.269946,0.516998
0.770334,0.243311,0.644639
0.832584,0.124349,0.713622
0.827496,0.104746,0.779013
0.802656,0.108936,0.774973
0.767342,0.175226,0.806846
0.635661,0.244657,0.792032
0.599149,0.160112,0.700454
0.617704,0.064045,0.535703
0.613813,0.010175,0.424672
0.524181,-0.092626,0.307655
0.448464,-0.036661,0.189441
0.387711,-0.032172,0.131980
0.393397,-0.065092,0.019453
0.415993,-0.123900,-0.051176
0.476895,-0.201412,0.003591
0.484377,-0.220566,-0.055366
0.442778,-0.094721,-0.047435
0.450559,-0.049829,-0.093374
0.437690,-0.028431,-0.080505
0.477494,-0.003741,-0.101305
0.522086,-0.025289,-0.062249
0.513556,-0.020201,-0.033818
0.498892,0.018705,-0.079607
0.492906,0.005836,0.061351
0.524181,0.024989,0.081552
0.551863,-0.020949,0.229993
0.525976,-0.010924,0.289698
0.535852,0.041599,0.476596
0.568174,0.026935,0.557999
0.597653,-0.012570,0.644340
0.570269,-0.032022,0.708983
0.504877,-0.057910,0.711527
0.439336,-0.030376,0.638653
0.369605,-0.038008,0.527323
0.275632,-0.066589,0.462679
0.256030,-0.078560,0.342969
0.176123,-0.102352,0.162207
0.169240,-0.162955,0.038906
0.248398,-0.247351,-0.179116
0.256329,-0.203358,-0.298976
0.233884,-0.194080,-0.366163
0.228197,-0.163255,-0.355689
0.264260,-0.114622,-0.361824
0.325163,-0.102951,-0.360776
0.402675,-0.090531,-0.330998
0.423325,-0.122254,-0.206650
0.421679,-0.066289,-0.096666
0.450559,0.029778,0.058808
0.510563,-0.013168,0.140210
0.526724,-0.047136,0.227449
0.597503,-0.079158,0.257227
0.626383,-0.098910,0.241665
0.606332,-0.081552,0.270246
0.559196,-0.033519,0.278476
0.507122,-0.010475,0.213832
0.510863,-0.012570,0.171784
0.492457,-0.032022,0.101005
0.570119,-0.035913,0.076914
0.558597,-0.049081,0.024092
0.578948,-0.031125,0.059705
0.505775,0.014515,0.102651
0.495001,0.028431,0.153827
0.455048,0.080355,0.153528
0.425270,0.086491,0.053870
0.382174,0.038158,-0.002693
0.352247,-0.027683,-0.062848
0.385616,-0.076166,0.056713
0.377087,-0.082450,0.172532
0.331896,-0.076315,0.305111
0.265906,-0.017208,0.472556
0.246453,-0.008080,0.547674
0.216077,0.047136,0.536750
0.227150,0.024092,0.662446
0.191087,0.058508,0.735319
0.213982,0.061351,0.791583
0.202609,0.065691,0.792630
0.163255,0.077063,0.739958
0.190040,0.052972,0.686088
0.179116,0.019004,0.543633
0.197073,0.054019,0.420332
0.179266,0.074220,0.263512
0.155623,0.099958,0.092326
0.122852,0.116867,-0.040552
0.134674,0.094272,-0.128988
0.176273,0.030077,-0.154127
0.212036,0.063147,-0.137218
0.159514,0.062399,-0.095170
0.114323,0.136170,-0.109535
0.048931,0.108936,-0.020800
0.032172,0.098761,0.029628
0.097264,0.101005,-0.014664
0.196175,0.030376,0.002095
0.215329,-0.051625,-0.012270
0.192434,-0.022446,0.034417
0.122703,0.068983,0.107440
0.109984,0.105195,0.145747
0.084994,0.094122,0.137218
0.107290,0.000748,0.049829
0.174477,-0.056563,-0.035165
0.211588,-0.062249,-0.169390
0.174926,-0.084994,-0.216077
0.196025,-0.020949,-0.179116
0.252289,-0.057760,-0.150386
0.291195,-0.039355,-0.109834
0.275034,-0.103250,-0.038008
0.333542,-0.050578,0.039804
0.298677,-0.076914,0.115371
0.276231,-0.087688,0.230292
0.189890,-0.030676,0.352397
0.162207,-0.058957,0.390853
0.161459,-0.090231,0.459088
0.131681,-0.164901,0.420931
0.098910,-0.150835,0.311994
0.088137,-0.148141,0.260669
0.029030,-0.098462,0.109834
0.021697,-0.117765,0.010475
0.027084,-0.130783,-0.104447
0.071676,-0.145298,-0.268450
0.135272,-0.169689,-0.306907
0.216975,-0.249147,-0.384718
0.255880,-0.277428,-0.419434
0.303615,-0.212336,-0.431555
0.264859,-0.135123,-0.340575
0.359130,-0.074968,-0.247201
0.404770,-0.057311,-0.074968
0.498443,-0.070779,0.025588
0.580145,-0.001945,0.108188
0.585682,0.023194,0.298527
0.540341,0.065092,0.388310
0.590620,0.039654,0.357185
0.574459,0.030376,0.406266
0.538246,0.010774,0.377685
0.442628,0.017059,0.401777
0.393846,0.039504,0.396989
0.369755,0.028132,0.283414
0.288052,-0.020201,0.196175
0.227748,-0.031125,0.083647
0.215927,-0.091129,0.070479
0.189142,-0.090231,0.025139
0.183007,-0.090980,0.019154
0.155025,-0.060005,-0.002394
0.156222,0.002843,-0.070629
0.191536,-0.020201,0.005836
0.252139,-0.048483,0.059705
0.277727,-0.047435,0.102651
0.286257,-0.045041,0.164751
0.273238,-0.029479,0.313042
0.223110,0.019603,0.352397
0.205153,0.052373,0.444424
0.183605,-0.017358,0.479140
0.176572,-0.031274,0.455048
0.187646,-0.039654,0.476446
0.156371,-0.083199,0.401029
0.118663,-0.035913,0.367510
0.147094,-0.061351,0.387711
0.097564,-0.040402,0.271742
0.114772,-0.030526,0.271742
0.143652,-0.052373,0.113725
0.138864,-0.038008,0.147393
0.184653,-0.046238,0.129586
0.190339,0.002993,0.118962
0.215628,0.019154,0.122703
0.193332,0.055815,0.125247
0.192434,0.079607,0.215179
0.155473,0.133626,0.232088
0.158765,0.083647,0.218920
0.174627,0.080056,0.260968
0.133776,0.064344,0.267103
0.109086,0.092626,0.326958
0.096965,0.077363,0.301969
0.097264,0.089932,0.371401
0.056563,0.055516,0.327257
0.040402,0.048782,0.254234
0.071227,0.067786,0.247052
0.005088,0.084845,0.139313
-0.008829,0.075866,0.084246
-0.058359,0.099060,-0.001945
-0.056563,0.075866,0.039953
-0.060603,0.062848,-0.102502
-0.008529,0.045490,-0.138415
-0.064793,0.028880,-0.150386
-0.033369,0.026187,-0.095319
-0.031873,0.052224,-0.073771
-0.031723,0.043545,-0.072574
-0.002993,0.029030,-0.027084
0.006434,0.017059,0.049530
0.025738,0.040701,0.128539
0.016610,0.041001,0.176572
0.008380,0.101903,0.178967
0.036960,0.105644,0.241216
0.030676,0.080505,0.174178
0.060154,0.022595,0.105943
0.095768,0.018256,0.085742
0.051625,0.020201,0.097713
0.083947,0.011522,0.139612
0.082899,0.023194,0.145597
0.047285,0.096516,0.174328
0.086640,0.077363,0.221164
0.144550,0.047585,0.206799
0.129137,0.001047,0.273837
0.112827,-0.015562,0.393397
0.032322,0.046088,0.374393
0.030825,-0.027833,0.461632
-0.008829,0.012869,0.522684
-0.030975,0.018555,0.426916
-0.095170,-0.001796,0.377835
-0.151284,0.033369,0.352696
-0.171335,-0.004788,0.298677
-0.144700,-0.026187,0.254384
-0.170437,-0.039205,0.199317
-0.153079,-0.058658,0.162207
-0.090082,-0.060304,0.141856
-0.064045,-0.033818,0.054618
-0.063746,-0.050129,0.064195
0.022446,-0.043395,0.130035
0.071676,-0.055964,0.061800
0.143951,-0.075717,0.058209
0.175824,-0.085443,0.042796
0.212036,-0.104447,0.083498
0.124947,-0.051475,0.180463
0.069731,-0.001945,0.234482
0.074370,-0.008978,0.246453
0.136021,-0.086491,0.270545
0.155623,-0.100257,0.235829
0.109684,-0.108188,0.139013
0.093524,-0.127042,0.169090
0.092626,-0.037559,0.167893
0.064344,0.023493,0.182408
0.107290,-0.018555,0.083049
0.140360,-0.032621,0.095020
0.144849,-0.053720,0.082001
0.148141,-0.035314,0.132280
0.183905,0.004190,0.256778
0.187496,0.031873,0.242563
0.243760,0.057910,0.203058
0.208296,-0.008080,0.182857
0.274435,0.007033,0.148141
0.255880,0.028880,0.196175
0.275632,0.052224,0.243011
0.248698,0.059107,0.170138
0.219369,0.083797,0.159514
0.194230,0.026187,0.221913
0.160412,0.030676,0.105943
0.137966,-0.048483,-0.033968
0.174328,-0.034267,-0.140510
0.122852,-0.018256,-0.200215
0.079458,-0.022895,-0.310348
0.029628,0.001796,-0.380977
0.057311,-0.011821,-0.417040
0.053570,-0.013916,-0.347608
0.044143,0.054318,-0.277129
0.058508,0.024241,-0.247351
0.082750,0.014515,-0.235530
0.165649,-0.010325,-0.147094
0.169988,-0.000898,0.041899
0.236577,-0.002095,0.035763
0.235380,0.002993,0.146944
0.314538,0.009726,0.188693
0.243909,0.032621,0.332345
0.240617,0.007482,0.330998
0.224606,0.056862,0.347758
0.245555,0.030975,0.279523
0.261567,0.007033,0.259172
0.232238,0.023194,0.217274
0.184952,0.030825,0.169390
0.102053,0.063446,0.143054
0.078560,0.055366,0.240019
0.051176,0.011223,0.198120
0.073023,-0.022895,0.208894
0.055964,-0.067636,0.130933
0.018256,-0.065841,0.244657
-0.093524,-0.041150,0.165499
-0.131083,-0.042347,0.169090
-0.130634,-0.011672,0.140210
-0.161160,-0.018705,0.094721
-0.162656,-0.021997,0.112527
-0.179266,-0.031873,0.116119
-0.128688,-0.016460,0.095618
-0.092027,-0.046388,0.041749
-0.001496,-0.092177,0.020051
-0.005686,-0.056264,0.099060
-0.003142,-0.001646,0.136021
0.033220,-0.030975,0.176722
0.085443,-0.022446,0.297629
0.109235,-0.074520,0.256928
0.150835,-0.058359,0.410157
0.086042,0.035913,0.510863
0.004639,0.062848,0.579098
0.000449,0.018256,0.592266
-0.005537,-0.026187,0.610222
-0.033519,-0.023643,0.654515
-0.095618,-0.036661,0.628179
-0.127192,-0.010175,0.563535
-0.153678,0.022595,0.527622
-0.125845,-0.027683,0.448614
-0.098761,-0.035015,0.225953
-0.087837,0.000599,0.152930
-0.047585,0.007931,0.070180
-0.007482,0.044592,-0.030376
-0.024840,0.025438,-0.103400
0.054917,-0.011971,-0.218471
0.133626,-0.017508,-0.224456
0.104447,0.018106,-0.255581
0.150386,0.008080,-0.187496
0.084246,0.048483,-0.152780
0.114772,0.048034,-0.115670
0.149638,0.018106,-0.040253
0.183755,-0.028132,-0.011372
0.160112,-0.010475,0.096367
0.165499,0.044592,0.108338
0.174477,0.033668,0.224606
0.164003,0.073322,0.374244
0.138864,0.090531,0.436493
0.140659,0.102352,0.424672
0.140210,0.064344,0.415095
0.084246,0.068684,0.405518
0.081104,0.104597,0.349404
0.054618,0.121955,0.236876
0.015712,0.104447,0.144700
0.025139,0.074520,-0.022895
-0.000449,0.052224,-0.030227
0.008380,0.067187,-0.110433
-0.023194,0.040851,-0.282815
-0.025588,0.075866,-0.298527
-0.114473,0.071976,-0.298527
-0.120009,0.086042,-0.350002
-0.155922,0.022745,-0.308104
-0.088585,0.013916,-0.212485
-0.150685,0.012869,-0.084396
-0.181062,0.059406,0.000599
-0.160412,0.076315,0.133477
-0.158765,0.015413,0.323816
-0.083348,-0.049380,0.370503
-0.093823,-0.066289,0.394445
0.020800,-0.084994,0.482881
0.048183,-0.044891,0.493654
0.033668,-0.021548,0.533308
0.090381,-0.005537,0.595558
0.082001,0.030376,0.568024
0.094721,0.034566,0.562039
0.066439,-0.042796,0.465074
0.149488,0.004190,0.410157
0.106542,-0.041150,0.302418
0.126444,-0.073472,0.181510
0.166247,-0.043545,0.151583
0.149638,-0.050428,0.071227
0.129137,-0.006584,0.056862
0.119411,0.018405,-0.010175
0.064643,-0.053421,0.026935
0.108038,-0.051176,0.023194
0.109984,-0.080206,0.011223
0.103400,-0.064195,-0.030676
0.079009,-0.032771,0.006434
0.066289,-0.044442,0.057910
0.104297,-0.007183,0.042347
0.077213,0.013467,0.077063
0.037559,-0.052822,0.176423
0.046986,-0.017508,0.165798
0.026635,0.049680,0.279523
0.012420,-0.026635,0.320374
0.044742,-0.093075,0.296432
0.030077,-0.051026,0.332345
0.007931,0.014066,0.298976
-0.046837,-0.054019,0.324115
-0.083797,0.002095,0.206949
-0.081852,-0.022595,0.168642
-0.033818,-0.064943,-0.044293
-0.049530,-0.055815,-0.088585
-0.091578,-0.036512,-0.075417
-0.122852,0.012420,-0.086191
-0.090082,0.050877,-0.102951
-0.047884,-0.011372,-0.110133
-0.018106,-0.036063,-0.100556
-0.000299,-0.064643,-0.079158
0.066289,-0.016610,0.010624
0.107589,-0.032471,0.000898
0.132280,-0.041749,0.042647
0.105644,0.014515,0.119112
0.123451,0.025438,0.161010
0.097115,0.019603,0.292542
0.129736,0.032471,0.254234
0.129437,-0.007632,0.321122
0.164003,-0.051775,0.256479
0.083348,-0.037858,0.244508
0.040253,-0.028581,0.333093
-0.033668,-0.034117,0.342820
-0.063297,0.051625,0.338031
-0.070330,0.003292,0.436194
-0.078410,-0.007332,0.403872
-0.101903,-0.046088,0.423026
-0.077063,-0.048034,0.297330
-0.083647,-0.060603,0.139313
-0.104297,-0.012570,0.132280
-0.048782,0.047136,0.111929
-0.054318,0.029179,0.147842
-0.002394,0.030676,0.133477
0.073322,0.013018,0.190788
0.043993,0.014365,0.108338
0.106692,0.089334,0.188543
0.090680,0.120309,0.194529
0.098462,0.066140,0.133477
0.155473,0.088585,0.110732
0.165948,0.079009,0.032920
0.187346,0.060454,0.017358
0.154576,0.023643,-0.047285
0.139163,0.042347,0.006584
0.057610,0.086939,0.051026
0.087388,0.049231,0.120458
0.059705,0.088286,0.176722
0.056713,0.034267,0.303615
0.056713,-0.006584,0.350302
0.077512,-0.071527,0.480786
0.096367,-0.020051,0.510713
0.076614,-0.063895,0.523732
0.087987,-0.070479,0.524929
0.047285,-0.040103,0.527323
0.043545,-0.066439,0.492607
0.030227,-0.037559,0.439935
0.025438,-0.081552,0.438737
0.015862,-0.082450,0.330998
-0.038607,-0.021099,0.368109
-0.096367,0.017807,0.350152
-0.103699,0.000000,0.271143
-0.062249,-0.049680,0.248398
-0.057760,-0.066289,0.131232
-0.012570,-0.073921,0.118064
0.017208,-0.077063,0.028282
0.016310,-0.068534,0.020051
0.047884,0.003442,0.085892
0.102053,-0.021249,0.078709
0.108338,-0.051625,0.169839
0.164751,-0.041899,0.121955
0.201711,-0.035015,0.111181
0.245256,-0.023194,0.117166
0.188244,-0.014664,0.147094
0.195127,0.005387,0.250044
0.176273,0.011522,0.277578
0.196025,-0.072724,0.268001
0.164302,-0.020051,0.194978
0.157419,-0.037110,0.096666
0.149488,-0.046388,0.028431
0.110582,-0.052523,-0.018256
0.098312,-0.069881,-0.117615
0.097264,-0.033968,-0.134375
0.034716,-0.042048,-0.287603
0.041001,-0.024092,-0.240917
0.039654,-0.031125,-0.251541
0.004489,0.000599,-0.219219
0.048333,0.017657,-0.204854
0.124349,-0.028581,-0.110283
0.137218,0.034417,-0.076764
0.146495,0.082001,-0.006135
0.214880,0.069731,0.066888
0.199317,0.038158,0.132579
0.181062,0.025887,0.109834
0.185850,0.018705,0.162506
0.175375,0.009128,0.075118
0.206500,0.041150,0.128988
0.187346,-0.027982,0.115670
0.192733,-0.057311,0.124050
0.151583,0.000299,0.191087
0.160262,0.030376,0.163404
0.121057,0.085144,0.208894
0.083199,0.027384,0.207697
0.060753,-0.006434,0.172831
0.043245,0.027234,0.043545
0.032322,0.017059,-0.045041
-0.024541,-0.017807,-0.098910
-0.118812,-0.015862,-0.151583
-0.171784,-0.045490,-0.142006
-0.192135,-0.059406,-0.176722
-0.265457,-0.077512,-0.137218
-0.244508,-0.052972,-0.003142
-0.271742,-0.029479,0.038756
-0.259771,-0.087388,0.096217
-0.260220,-0.082899,0.162058
-0.252738,-0.043993,0.185850
-0.188693,-0.022446,0.233584
-0.145597,-0.067487,0.210839
-0.087688,-0.066439,0.289698
-0.036063,-0.060753,0.330250
-0.004788,0.009278,0.330101
0.059855,0.048483,0.310797
0.064195,0.094122,0.323965
0.070330,0.029179,0.328604
0.097115,0.005237,0.287903
0.131980,0.039355,0.251990
0.052672,0.059855,0.186149
0.024391,0.050877,0.260369
-0.022745,-0.024989,0.244957
-0.036063,-0.034417,0.335936
-0.036661,-0.039504,0.329951
-0.052074,-0.021847,0.393397
-0.091129,-0.004938,0.428113
-0.052523,-0.016759,0.420931
-0.010924,-0.022146,0.393397
-0.020351,-0.029928,0.332345
0.012570,-0.058359,0.229245
0.028282,-0.082151,0.149039
0.040103,-0.040253,0.044742
0.037858,-0.013168,0.045939
0.060753,0.031125,0.026785
0.108936,0.005088,-0.006883
0.125396,-0.053271,-0.061950
0.151882,0.003292,-0.131531
0.145747,-0.002693,-0.082450
0.149039,0.024840,-0.080056
0.137367,0.038607,0.000150
0.137068,0.043096,0.088585
0.176722,0.035314,0.146046
0.151882,0.019154,0.265756
0.126294,0.004040,0.278924
0.121057,0.011223,0.269348
0.095319,0.016011,0.286257
0.061501,0.055366,0.214431
0.111929,0.052074,0.204854
0.082151,0.038307,0.125845
0.078410,0.027533,0.158167
0.030376,0.028431,0.136619
0.044143,0.017358,0.161758
0.054917,0.027084,0.191686
0.048183,0.018854,0.285060
0.049231,-0.001347,0.256180
-0.010624,0.030975,0.246603
-0.007482,0.048483,0.294487
0.008380,0.053870,0.317232
0.021249,0.075717,0.306458
0.018555,0.047435,0.282366
-0.011522,0.032920,0.217723
-0.055216,0.017807,0.209343
-0.076764,0.045490,0.285957
-0.080056,0.057162,0.235679
-0.102053,0.087239,0.212934
-0.114473,0.077213,0.148291
-0.091129,0.086191,0.040552
-0.103699,0.097564,0.094421
-0.075866,0.067337,0.027533
-0.072874,0.059256,-0.035913
-0.056264,0.076914,-0.032172
-0.061950,0.110582,0.033668
-0.041599,0.130185,0.155773
0.002544,0.081104,0.189441
0.014216,-0.011971,0.282815
0.014814,0.007482,0.408511
0.019453,0.047435,0.530615
0.039953,0.047884,0.652719
-0.017059,0.046986,0.735170
0.018256,0.021249,0.669329
0.004489,0.010475,0.617854
-0.007482,0.045191,0.487370
-0.048483,0.001646,0.397437
-0.003891,0.028880,0.328006
-0.032471,0.048483,0.180762
-0.017807,0.014066,0.070629
-0.062399,0.006135,-0.071826
-0.066589,0.000299,-0.147094
-0.079308,-0.006285,-0.294337
-0.088286,-0.012719,-0.268001
-0.091279,-0.038008,-0.301370
-0.124050,-0.045639,-0.182857
-0.134375,0.028581,-0.100257
-0.143802,0.027982,-0.049829
-0.137367,0.076764,-0.011522
-0.129586,0.070030,0.091578
-0.113725,0.047734,0.164601
-0.061351,-0.032172,0.249745
-0.063147,-0.061950,0.310797
-0.046388,-0.073023,0.267851
-0.046986,-0.041150,0.337283
-0.065092,-0.021697,0.307356
-0.063746,-0.023643,0.349404
-0.047884,-0.062549,0.269198
-0.024541,-0.067935,0.264410
-0.018705,-0.109086,0.214131
-0.033668,-0.052523,0.186598
0.009577,-0.061950,0.151733
0.055366,-0.082450,0.069133
0.050129,-0.026635,0.020051
0.127940,0.017208,-0.114024
0.097713,0.002843,-0.113874
0.121955,0.037559,-0.189292
0.082899,0.088885,-0.178368
0.103250,0.056264,-0.199916
0.065990,0.067038,-0.194978
0.056713,0.006584,-0.150685
0.082450,0.002993,-0.106243
0.009427,0.002544,-0.088286
-0.018256,0.045191,0.036212
-0.005986,0.012420,0.105794
0.030376,-0.052822,0.115221
0.035913,-0.074669,0.190638
0.049231,-0.051326,0.274286
0.038008,-0.054318,0.372448
-0.001197,-0.045939,0.462081
0.036661,-0.006135,0.429759
0.051326,0.015113,0.394894
0.079906,-0.020500,0.358981
0.106093,-0.027234,0.322918
0.120458,-0.046238,0.241515
0.065841,-0.030077,0.140959
0.048782,-0.038756,0.049979
0.033220,-0.019752,-0.008679
0.031274,-0.006434,-0.104447
-0.016909,0.009876,-0.139163
0.022446,-0.029179,-0.166696
-0.009427,-0.025738,-0.140360
0.000748,-0.019303,-0.102053
0.003891,0.027683,-0.084096
0.039504,0.035464,-0.045789
0.034716,0.024840,-0.044742
0.021697,0.054917,-0.001646
0.039654,0.032771,-0.033968
0.060154,0.021697,-0.006434
0.067636,0.020051,0.006734
0.058359,0.043395,0.072574
0.084994,0.019453,0.119261
0.115670,0.014066,0.213683
0.103849,0.033519,0.250793
0.076914,0.044442,0.382474
0.095618,0.039654,0.457741
0.103699,0.001496,0.477943
0.117765,0.011522,0.425120
0.120009,0.041899,0.401029
0.139163,-0.011672,0.364966
0.141108,0.002993,0.235679
0.156072,0.010475,0.134973
0.116418,0.054318,0.092925
0.153827,0.041300,-0.031574
0.154875,0.098611,-0.083199
0.145298,0.067487,-0.144251
0.137218,0.026635,-0.185102
0.161309,0.063297,-0.213832
0.162207,0.007482,-0.195876
0.132280,0.037559,-0.130035
0.039055,0.052672,-0.019902
0.059107,0.025139,0.079458
0.102053,0.013168,0.176423
0.086341,-0.077812,0.260220
0.109834,-0.107141,0.351199
0.074370,-0.093823,0.350002
0.060903,-0.048034,0.378733
0.027384,-0.070928,0.539144
0.020351,-0.039355,0.494852
0.041749,-0.084845,0.564283
0.074968,-0.077363,0.467318
0.007931,-0.089483,0.486472
-0.014664,-0.068085,0.401328
0.024989,-0.081702,0.334290
0.021099,-0.111181,0.259921
0.032322,-0.100856,0.154426
-0.008829,-0.095918,0.071826
-0.086191,-0.073622,0.009427
-0.043096,-0.057461,-0.075567
-0.037110,-0.074220,-0.127192
-0.034566,-0.067636,-0.121206
-0.087688,-0.016161,-0.092476
-0.084246,-0.020800,0.035614
-0.034417,-0.012420,0.118363
-0.044293,-0.001646,0.224905
-0.053421,0.031125,0.263362
-0.057162,0.059855,0.306458
-0.060903,0.064943,0.337732
-0.065990,0.111031,0.354641
-0.030975,0.048632,0.318878
-0.019603,0.036811,0.375291
0.021697,0.020800,0.339378
0.018705,-0.020650,0.371849
0.039205,0.009726,0.284461
0.102053,0.012121,0.199467
0.133477,-0.009577,0.118064
0.132130,-0.026037,0.139612
0.142754,0.005686,0.054468
0.158167,0.004788,0.032771
0.191087,0.027683,-0.017508
0.214431,-0.009427,-0.097863
0.240468,-0.009876,-0.171036
0.247052,0.007781,-0.269348
0.182259,0.026785,-0.288501
0.128838,0.059556,-0.204854
0.124648,0.071227,-0.206051
0.097713,0.096067,-0.150984
0.065092,0.017508,-0.050578
0.036063,-0.022146,0.067935
0.022146,0.013467,0.085892
-0.015263,-0.020650,0.063147
-0.071527,0.047585,0.112378
-0.096965,0.042647,0.244059
-0.090680,0.067935,0.240468
-0.082450,-0.018106,0.262015
-0.086790,0.004938,0.258424
-0.102352,0.000000,0.193781
-0.086341,-0.040402,0.209343
-0.108487,0.014515,0.197372
-0.110133,-0.003442,0.149488
-0.056862,-0.051026,0.191386
0.016161,-0.055665,0.126743
0.045639,-0.097115,0.083647
0.072425,-0.049829,0.066738
0.113276,-0.036960,0.048782
0.095768,-0.058808,0.051176
0.105943,-0.063596,0.034267
0.081702,-0.024690,0.094122
0.023343,-0.067337,0.094122
-0.004788,-0.067337,0.108338
-0.056114,-0.015562,0.110732
-0.122553,-0.024690,0.116717
-0.130185,-0.074370,0.206350
-0.174477,-0.056114,0.209942
-0.192284,-0.047435,0.280571
-0.224307,-0.063596,0.275782
-0.241814,-0.112378,0.300921
-0.265307,-0.072874,0.266205
-0.263512,-0.035165,0.294936
-0.311695,-0.000150,0.369156
-0.253636,-0.002394,0.310498
-0.254085,-0.092626,0.321272
-0.167444,-0.145448,0.330849
-0.086042,-0.124648,0.414646
-0.065841,-0.169390,0.394295
0.000748,-0.092775,0.418237
-0.000898,-0.065841,0.415843
0.073771,-0.061950,0.425420
0.116867,-0.027533,0.358382
0.152331,-0.046088,0.294936
0.127940,-0.029030,0.342820
0.124798,-0.009128,0.353594
0.152331,0.005686,0.314089
0.136320,0.023493,0.253037
0.137966,0.002693,0.207547
0.103699,0.020949,0.140510
0.103849,-0.032621,0.069881
0.059855,-0.031873,0.007632
0.064045,0.014664,-0.058209
0.026635,0.072275,-0.046238
0.006285,0.033369,-0.090531
0.053870,0.035464,-0.112079
0.063147,0.020650,-0.052224
0.058808,0.033668,0.038756
0.016909,0.052224,0.104597
0.021997,0.071976,0.206350
0.035763,0.052972,0.217124
0.030526,0.069581,0.281768
0.038307,0.042198,0.336984
0.048183,0.065092,0.363320
0.088436,0.048333,0.344166
0.038906,0.064494,0.304662
0.059256,0.070779,0.325163
0.080206,0.086191,0.222212
0.086191,0.047734,0.115670
0.146645,0.086491,0.140809
0.174178,0.033369,0.086939
0.145448,0.059107,0.070330
0.102502,0.106991,0.040402
0.146794,0.120309,-0.043395
0.142455,0.121057,-0.029030
0.147992,0.123451,0.012869
0.070479,0.112677,0.017657
0.023343,0.110881,0.019004
-0.037709,0.079906,0.035763
-0.048183,0.074669,0.068085
-0.020500,0.007183,0.060903
-0.077512,-0.001945,0.034566
-0.102053,-0.020201,0.040552
-0.141707,0.010624,0.105195
-0.134823,0.014216,0.203358
-0.157868,-0.008380,0.206949
-0.140210,-0.047585,0.204555
-0.033519,-0.062698,0.265607
0.004788,-0.103998,0.258424
0.011821,-0.043844,0.352995
0.033070,-0.002993,0.369755
0.023343,-0.041001,0.385317
0.086341,-0.019004,0.418836
0.087239,-0.011522,0.397288
0.057162,-0.016310,0.360178
0.087089,-0.075118,0.288352
0.096666,-0.089483,0.292093
0.081552,-0.050877,0.220267
0.027683,-0.057610,0.195127
0.019303,-0.046687,0.239570
0.006434,-0.029179,0.222960
-0.015712,-0.017957,0.142754
-0.048632,-0.024391,0.162058
-0.077662,-0.022146,0.037709
-0.125845,0.010774,0.047435
-0.162058,-0.037858,0.053570
-0.182708,-0.095469,-0.038607
-0.197522,-0.158616,0.002245
-0.254982,-0.136619,-0.016759
-0.262165,-0.083947,-0.144849
-0.253486,-0.057760,-0.045340
-0.246004,-0.103699,-0.078859
-0.168342,-0.123900,-0.065541
-0.146944,-0.076315,-0.017657
-0.164901,-0.075118,0.036212
-0.112228,-0.042796,0.017208
-0.048034,-0.046687,0.097414
-0.011372,-0.067487,0.122553
-0.008380,-0.085443,0.186149
-0.035314,-0.023493,0.206500
-0.024391,0.009128,0.265158
-0.042647,0.030676,0.236577
-0.098312,0.040402,0.246154
-0.107589,0.010175,0.198270
-0.132878,-0.029628,0.147992
-0.120309,-0.029179,0.152930
-0.126893,-0.012869,0.012869
-0.116568,-0.054917,-0.064943
-0.121805,-0.032621,-0.060154
-0.168492,-0.004190,-0.009726
-0.118363,0.016161,-0.058808
-0.102801,0.026486,0.024989
-0.070629,0.045340,0.070479
-0.015562,0.004339,0.047734
0.051026,0.013018,0.160262
0.079308,-0.013916,0.245256
0.112228,0.022446,0.357784
0.107889,0.041749,0.361225
0.129736,0.075268,0.309750
0.205153,0.065841,0.363619
0.298078,0.033818,0.377985
0.336236,0.006434,0.381576
0.314987,0.027084,0.379182
0.309750,0.112827,0.434248
0.176273,0.149189,-0.431256
0.611868,-0.000150,-2.661454
0.736666,0.158765,-2.386271
0.307805,0.348656,-0.937928
0.114024,0.304213,-0.200664
0.205004,0.104447,0.033818
0.265756,-0.004938,-0.028730
0.205752,0.096965,-0.026486
0.116119,0.220715,0.217423
0.072275,0.260669,0.351349
0.041899,0.212336,0.413449
0.107141,0.117615,0.550816
0.072574,0.098611,0.602142
0.080804,0.084096,0.584036
0.029479,0.107141,0.615011
-0.017508,0.115520,0.508469
0.012420,0.051026,0.565929
0.011971,0.049829,0.516848
-0.038756,0.021398,0.620996
-0.118363,0.018405,0.649727
-0.139612,-0.015113,0.733673
-0.146196,-0.007632,0.732626
-0.199018,-0.045789,0.735170
-0.163554,-0.061351,0.762852
-0.091578,-0.031125,0.663643
0.233285,-0.051026,0.369306
0.150386,0.036960,0.153977
0.095319,0.056264,-0.079308
0.022895,0.042347,-0.216825
0.005986,0.008080,-0.298078
0.007033,0.005387,-0.348207
-0.044891,-0.004040,-0.308702
-0.057012,0.000000,-0.215329
-0.008080,0.002245,-0.069282
-0.071227,0.012121,0.118663
-0.120009,0.014216,0.373645
-0.074819,0.031873,0.563834
-0.093524,0.000898,0.719458
-0.084096,0.017807,0.839168
-0.048183,0.027833,0.888249
-0.031274,0.008829,0.853533
-0.025139,-0.024541,0.699107
-0.040402,0.001945,0.494403
-0.046986,0.006883,0.279074
-0.036512,0.013617,0.129586
-0.026785,-0.007482,0.013617
-0.069881,-0.006584,-0.170587
-0.077512,-0.044143,-0.266205
-0.164152,0.008829,-0.273238
-0.191237,0.025588,-0.342520
-0.222511,-0.011522,-0.293290
-0.199766,-0.011672,-0.296881
-0.145298,0.000599,-0.166247
-0.185401,-0.010175,-0.064344
-0.150835,-0.003741,0.039804
-0.178069,0.021847,0.090082
-0.148889,0.048183,0.274435
-0.100856,0.022595,0.292392
-0.010175,-0.034117,0.312743
0.018405,-0.030526,0.255132
0.039055,-0.029628,0.232387
0.064943,0.008080,0.179565
0.040552,-0.006883,0.199916
0.033818,-0.008679,0.125546
0.060454,-0.023792,0.003292
0.037110,-0.035763,0.024840
-0.005986,-0.013467,-0.013617
-0.038756,-0.029179,-0.127342
-0.004040,-0.094122,-0.127491
0.001496,-0.079458,-0.147842
-0.071976,-0.035015,-0.108338
-0.087089,-0.053870,-0.061651
-0.121206,0.018256,0.024541
-0.090980,0.001945,0.083049
-0.090381,-0.027384,0.132130
-0.004040,-0.044592,0.170437
0.013916,-0.009726,0.219518
0.058957,0.010774,0.188244
0.050129,-0.010475,0.216975
0.060304,-0.015263,0.275632
0.030676,0.034866,0.318728
0.043844,0.025139,0.202460
0.043395,0.041300,0.247950
0.128688,-0.019752,0.219069
0.074220,-0.011372,0.177171
0.072275,0.011073,0.216675
0.044143,0.041300,0.191536
0.012869,0.012121,0.190339
-0.020650,0.014964,0.197522
-0.019303,0.029479,0.208296
-0.039205,-0.008829,0.199916
-0.035314,-0.029928,0.134075
-0.062399,-0.032172,0.108936
-0.076016,-0.048782,0.093374
-0.083797,0.022895,0.128090
-0.111630,0.002095,0.112378
-0.128838,0.017358,0.196175
-0.099659,0.023792,0.283563
-0.124648,0.020949,0.343418
-0.120309,0.027084,0.397288
-0.108188,0.008829,0.497695
-0.106841,0.007183,0.486921
-0.073322,-0.022146,0.470161
-0.037858,0.026187,0.476147
-0.036811,0.009427,0.434248
-0.035314,-0.005986,0.379182
0.019004,0.009128,0.343269
-0.031125,-0.029329,0.257077
-0.021099,0.000599,0.240468
-0.063147,0.014964,0.172233
-0.046088,-0.003591,0.185551
-0.102651,-0.012719,0.185551
-0.142305,-0.020800,0.190489
-0.171335,0.046837,0.215777
-0.116418,-0.007781,0.280421
-0.097863,-0.060304,0.218321
-0.018106,-0.090830,0.191985
-0.009577,-0.080804,0.200365
0.013018,-0.058658,0.221913
0.026635,0.029778,0.273388
0.028132,0.002843,0.267402
0.065092,-0.020650,0.310498
0.131531,-0.004339,0.225504
0.134524,-0.004190,0.200365
0.129437,0.032621,0.237475
0.130484,0.074669,0.124947
0.113874,0.102502,0.109385
0.107141,0.053870,0.047285
0.130484,-0.029030,0.014964
0.082450,0.019902,0.029329
0.052672,-0.075866,0.013767
0.039355,-0.042796,-0.010175
0.035464,-0.072724,0.020949
0.052523,-0.086341,-0.011223
0.060903,-0.072724,-0.008978
0.029628,-0.091877,-0.038906
0.064943,-0.072574,-0.077213
0.078410,-0.070928,-0.150386
0.119411,-0.063746,-0.197073
0.121356,-0.061351,-0.242712
0.156222,-0.098013,-0.196175
0.190489,-0.060753,-0.180762
0.221913,-0.019453,-0.029928
0.246603,-0.007931,0.071676
0.229993,-0.014216,0.166098
0.295684,0.011672,0.362273
0.278775,-0.007931,0.407762
0.280720,0.023493,0.512958
0.285509,-0.017957,0.566827
0.296582,-0.032172,0.558298
0.281768,-0.046537,0.517596
0.261267,-0.069432,0.430208
0.204405,-0.054318,0.433650
0.145747,-0.039055,0.378583
0.079607,-0.035015,0.292542
0.047585,-0.046687,0.191985
0.011821,-0.059406,0.081852
-0.045639,-0.150835,0.020800
-0.059855,-0.111630,-0.035464
-0.118812,-0.039804,-0.145597
-0.159813,0.002095,-0.158765
-0.175525,-0.016011,-0.133626
-0.114024,-0.011522,-0.138415
-0.067038,-0.030077,-0.122852
-0.103549,-0.004938,0.005088
-0.080355,0.035464,0.134375
-0.069731,0.057461,0.310199
-0.013318,0.020800,0.441880
-0.013018,0.002394,0.518494
-0.027084,0.037858,0.531662
-0.064344,0.048333,0.486173
-0.101903,0.107889,0.481534
-0.121955,0.047136,0.317681
-0.198419,0.045789,0.242263
-0.248698,0.063147,0.103549
-0.273986,0.053121,-0.019603
-0.298228,0.072425,-0.196624
-0.292392,0.044891,-0.293589
-0.306458,0.022895,-0.368857
-0.313940,0.021548,-0.275483
-0.307954,0.031125,-0.212036
-0.281319,0.038906,-0.173879
-0.223708,0.022745,-0.079308
-0.229544,0.034267,0.062997
-0.217274,0.074071,0.177769
-0.171784,0.047136,0.271143
-0.132729,-0.001796,0.377536
-0.046687,-0.066738,0.382324
-0.099509,-0.020650,0.464924
-0.154725,0.004190,0.476745
-0.178218,-0.005088,0.534206
-0.172383,0.004339,0.527024
-0.226551,-0.055665,0.464774
-0.209343,-0.062549,0.401328
-0.266205,-0.105345,0.310498
-0.209343,-0.065092,0.220715
-0.226102,-0.097713,0.165649
-0.205602,-0.091728,-0.010175
-0.181959,-0.026785,0.036512
-0.131681,-0.004788,-0.029329
-0.066738,0.024092,-0.127342
-0.014515,0.021249,-0.112976
0.066738,0.041150,-0.147543
0.143502,0.080355,-0.130783
0.157419,0.055516,-0.078111
0.233734,0.072275,-0.066140
0.266205,0.088286,0.027234
0.311545,0.083647,0.082301
0.410007,0.094571,0.233135
0.473004,0.087688,0.265307
0.512359,0.071078,0.385018
0.488716,0.064195,0.477194
0.483180,0.056264,0.546626
0.486023,0.067636,0.544232
0.493505,0.072275,0.563386
0.472556,0.064344,0.508319
0.420033,0.071078,0.433051
0.420631,0.010924,0.398335
0.350900,0.012570,0.210540
0.335338,0.004788,0.104148
0.293888,-0.032771,-0.038307
0.242563,-0.033070,-0.027384
0.175375,-0.044742,-0.024989
0.123301,-0.025738,-0.039205
0.091429,-0.018405,-0.009278
0.029479,-0.032471,-0.027234
0.020949,-0.032920,0.061351
-0.008230,-0.033818,0.056563
-0.009278,0.000898,0.060154
-0.007332,-0.044442,0.158317
-0.035763,-0.039504,0.183456
-0.027982,0.029329,0.218172
-0.071976,-0.014216,0.276830
-0.082301,-0.022146,0.269647
-0.033070,-0.009726,0.219369
-0.345812,-0.002544,-1.035193
0.377685,-0.113126,-4.663755
0.450708,0.162806,-2.214786
-0.196325,0.343269,-0.387262
-0.341174,0.217423,0.300772
-0.159963,-0.045939,0.429610
-0.072574,-0.111181,0.180164
-0.055815,0.005686,0.182259
-0.172233,0.118064,0.385466
-0.191985,0.121955,0.568324
-0.124050,0.023643,0.735768
-0.090980,-0.044742,0.852785
-0.099509,-0.081253,0.876577
-0.166846,-0.006285,0.948403
-0.122104,-0.051625,1.124377
-0.083797,-0.054917,1.229722
-0.032471,-0.106692,1.160290
0.002245,-0.110433,1.100585
-0.031574,-0.069731,0.921169
0.001197,-0.051775,0.894983
0.028730,-0.051924,0.713173
0.043844,-0.103849,0.600945
0.088735,-0.109385,0.522235
0.101305,-0.124050,0.430208
0.129287,-0.133926,0.363470
0.108487,-0.142156,0.385167
-0.033668,-0.198270,0.276530
-0.176722,-0.244358,0.238223
-0.195427,-0.165649,0.203657
-0.165798,-0.058059,0.190638
-0.049081,-0.047136,0.106991
0.079158,-0.020351,0.220715
0.181959,0.033070,0.355988
0.232836,0.014066,0.447117
