0.018256,-0.057610,0.176273,143309
0.050428,-0.047285,0.122404,143329
0.042347,0.038158,0.205004,143349
0.022895,-0.074968,0.214580,143369
-0.010175,0.009876,0.220566,143389
0.017208,0.052523,0.207398,143409
0.005237,0.026635,0.175076,143429
-0.022745,-0.007781,0.152331,143449
-0.001047,0.003442,0.170288,143469
-0.011372,-0.026935,0.179864,143489
0.033369,0.002993,0.149937,143509
0.011821,0.053870,0.201412,143529
-0.031574,0.034566,0.181062,143549
0.000748,-0.051924,0.152331,143569
0.018705,-0.050578,0.222810,143589
0.012420,0.027234,0.171485,143609
0.015712,-0.010924,0.177470,143629
0.006285,0.044143,0.177470,143649
0.047136,-0.021997,0.210989,143669
0.018106,-0.023194,0.154725,143689
0.001496,0.009278,0.179864,143709
-0.006434,-0.000898,0.189441,143729
-0.014365,0.019303,0.220566,143749
0.009577,-0.012270,0.207398,143769
0.016610,0.001646,0.183456,143790
0.004639,-0.044293,0.191835,143809
-0.001047,0.003292,0.148740,143830
0.002544,-0.008080,0.165499,143850
-0.014814,0.013617,0.206201,143870
0.019453,-0.017508,0.110433,143890
-0.001945,-0.002693,0.152331,143910
-0.004190,-0.014964,0.145148,143930
0.003142,0.012570,0.166696,143950
0.020800,-0.011672,0.177470,143970
-0.026486,-0.017358,0.233584,143990
-0.014066,0.027234,0.147393,144010
0.001496,-0.008230,0.164152,144030
0.000299,0.013617,0.143802,144050
0.002843,-0.002843,0.171335,144070
-0.004190,-0.008230,0.216825,144090
0.008829,0.017059,0.179715,144110
0.000449,0.038307,0.124648,144130
0.023942,0.029179,0.200065,144150
0.015413,-0.034866,0.186897,144170
-0.014066,0.008230,0.153379,144190
-0.014664,0.008679,0.158167,144210
0.025438,-0.067935,0.149787,144230
0.044742,-0.032771,0.270694,144250
0.007482,-0.011223,0.195427,144270
-0.001646,0.006285,0.192883,144290
-0.028431,-0.001047,0.206051,144310
0.000599,0.036811,0.176123,144330
0.027683,-0.046088,0.176123,144350
0.000000,-0.022446,0.198868,144370
-0.017358,-0.005387,0.198868,144390
0.007632,-0.003891,0.178518,144410
0.000748,-0.004190,0.178518,144430
0.041899,0.017358,0.210839,144450
0.010624,-0.022296,0.148590,144470
-0.038607,0.005686,0.239570,144490
-0.004938,0.025438,0.183306,144510
0.008080,0.011372,0.188094,144530
-0.023493,-0.031274,0.179715,144550
-0.006285,0.036063,0.201263,144570
0.020949,0.015113,0.190489,144590
0.006584,0.005088,0.197671,144610
0.014664,-0.014814,0.170138,144630
0.020201,-0.010175,0.166547,144650
-0.054917,-0.008829,0.202460,144670
-0.019752,-0.026187,0.182109,144690
0.008829,0.008679,0.164152,144710
0.006434,0.006584,0.182109,144730
-0.000748,-0.016011,0.180912,144750
-0.002843,0.022146,0.186897,144770
0.039355,-0.029479,0.134225,144790
-0.004788,-0.019004,0.195277,144810
0.006135,-0.010624,0.197671,144831
-0.009128,-0.011672,0.195277,144851
-0.014515,-0.008230,0.179565,144871
-0.018705,0.024092,0.132878,144891
-0.007482,-0.015413,0.184354,144911
0.034866,0.008978,0.204704,144931
-0.009128,0.032172,0.185551,144951
0.012270,0.011522,0.202310,144971
0.001646,0.001347,0.144849,144991
-0.036661,0.018405,0.125696,145011
-0.004190,0.031873,0.193930,145031
0.018256,0.030526,0.123301,145051
0.034267,0.013617,0.195127,145071
0.012420,0.010624,0.155623,145091
-0.006285,-0.003891,0.222661,145111
-0.022446,-0.003741,0.148441,145131
0.021398,0.012719,0.181959,145151
0.024541,0.004040,0.136469,145171
-0.000449,0.039654,0.153229,145191
0.019453,0.028581,0.142455,145211
-0.015862,0.018256,0.162806,145231
0.001197,-0.010325,0.217872,145251
-0.005986,0.028132,0.135272,145271
-0.010475,-0.015113,0.171185,145291
0.008679,-0.028730,0.161609,145311
-0.006734,0.016909,0.159214,145331
0.014664,0.017358,0.164003,145351
-0.008978,0.020500,0.202310,145371
-0.020500,-0.015263,0.160412,145391
-0.005986,0.049979,0.167594,145411
-0.027982,-0.004190,0.190339,145431
0.031274,0.002095,0.168791,145451
0.010774,-0.017807,0.180762,145471
0.012869,0.021847,0.235829,145491
0.038457,-0.007781,0.165200,145511
0.041001,-0.014814,0.134075,145531
-0.021847,0.020351,0.185551,145551
-0.014216,0.039355,0.161609,145571
-0.032322,-0.024541,0.167594,145591
0.027084,-0.038008,0.179565,145611
0.010175,0.008679,0.162806,145631
0.004190,0.029479,0.167594,145651
-0.001496,-0.002544,0.162806,145671
0.039504,0.013467,0.173580,145691
0.017657,0.018405,0.203507,145711
-0.010924,-0.016161,0.138864,145731
-0.021249,-0.010774,0.160412,145751
-0.017208,0.024092,0.167594,145771
0.005387,0.041300,0.196325,145791
0.034716,0.006883,0.153229,145811
0.020949,0.007931,0.159214,145832
-0.032022,-0.014066,0.168791,145852
0.030676,-0.005537,0.211887,145872
0.003292,-0.003741,0.119710,145892
0.035015,0.018555,0.189142,145912
-0.000599,0.008679,0.239420,145932
-0.033070,-0.004489,0.144849,145952
-0.002693,0.001197,0.168791,145972
-0.011821,-0.010026,0.201113,145992
0.001496,-0.016759,0.166397,146012
0.036811,-0.004938,0.192733,146032
0.024541,-0.005686,0.173580,146052
0.020650,-0.004040,0.173580,146072
-0.029928,0.037110,0.210690,146092
0.008380,0.001347,0.174777,146112
0.009726,0.040103,0.166397,146132
-0.020800,0.020051,0.231040,146152
0.013767,-0.013168,0.213084,146172
0.022895,-0.007033,0.191536,146192
-0.016011,0.007632,0.165200,146212
0.024391,0.013018,0.220267,146232
-0.003891,-0.015562,0.146046,146252
0.023194,0.019154,0.164003,146272
0.020800,-0.020500,0.213084,146292
-0.016909,0.004339,0.152032,146312
0.032771,0.018405,0.195127,146332
0.014664,0.005537,0.132878,146352
0.007482,0.037858,0.164003,146372
0.004938,0.044442,0.150835,146392
-0.010325,0.037260,0.205901,146412
0.007781,0.016310,0.199916,146432
0.001796,-0.005836,0.178368,146452
0.020800,0.016011,0.190339,146472
0.001945,-0.023942,0.183156,146492
0.046537,0.017957,0.155623,146512
0.015562,-0.012121,0.245406,146532
0.033070,0.044293,0.119710,146552
-0.003591,0.029479,0.158017,146572
0.019902,0.052373,0.138864,146592
-0.009577,0.005537,0.187945,146612
-0.012719,-0.012869,0.210690,146632
-0.008679,0.000599,0.229843,146652
0.026785,0.005387,0.210690,146672
-0.001945,-0.019154,0.129287,146692
0.005537,0.033369,0.185551,146712
0.000748,-0.004339,0.187945,146732
-0.002693,-0.005088,0.203507,146752
0.005686,-0.018106,0.185551,146772
-0.001047,0.017208,0.177171,146792
0.003891,-0.031424,0.214281,146812
-0.000748,-0.004040,0.181959,146832
0.057760,0.022146,0.168791,146853
0.016759,0.024391,0.208296,146873
0.024690,0.003591,0.142455,146893
0.007931,0.019752,0.177171,146913
0.012570,-0.009876,0.186748,146933
0.019752,-0.011522,0.219069,146953
0.034716,0.010624,0.184354,146973
-0.010325,-0.009427,0.181959,146993
0.016909,0.013018,0.247800,147013
-0.023194,-0.032022,0.147243,147033
0.016011,-0.010175,0.159214,147053
0.028730,-0.021997,0.227449,147073
0.009427,0.009278,0.089783,147093
-0.012869,-0.016011,0.161609,147113
-0.043993,-0.013617,0.214281,147133
0.000599,0.008829,0.214281,147153
0.001796,-0.004489,0.210690,147173
0.012570,-0.016161,0.217872,147193
0.000748,-0.007781,0.167594,147213
0.013767,0.009278,0.226252,147233
0.022895,0.007183,0.205901,147253
0.036512,0.007033,0.147243,147273
0.006584,0.007931,0.143652,147293
0.012570,0.005387,0.203507,147313
0.013617,-0.013916,0.178368,147333
0.002843,-0.003591,0.175974,147353
0.015862,-0.011971,0.197522,147373
0.004938,-0.002693,0.162806,147393
-0.010175,-0.033519,0.171185,147413
0.020650,-0.045041,0.202310,147433
0.016909,0.026935,0.147243,147453
0.002693,0.019453,0.181959,147473
0.017957,-0.021997,0.207098,147493
0.023643,-0.004040,0.122104,147513
-0.002544,-0.041749,0.211887,147533
0.023343,-0.017657,0.158017,147553
-0.011971,0.007183,0.220267,147573
0.011821,0.018405,0.155623,147593
0.023493,-0.004489,0.179565,147613
0.040552,-0.032471,0.191686,147633
0.017358,0.011821,0.184503,147653
-0.007332,0.015562,0.139013,147673
0.015263,-0.026037,0.173729,147693
0.001197,-0.017358,0.213234,147713
0.039804,-0.005387,0.215628,147733
0.013168,0.046537,0.167744,147753
0.018854,0.036811,0.146196,147773
0.032771,0.009278,0.206051,147793
0.027384,-0.018854,0.176123,147813
0.003741,-0.023643,0.172532,147834
0.019004,0.007781,0.233584,147854
-0.005836,-0.014814,0.190489,147874
-0.039355,0.002544,0.177321,147894
0.030676,0.002095,0.224008,147914
0.003292,-0.010774,0.135422,147934
-0.003741,0.014964,0.182109,147954
-0.011672,-0.016610,0.172532,147974
0.007482,-0.017208,0.127042,147994
0.009577,0.010924,0.206051,148014
0.029628,-0.034417,0.204854,148034
-0.021099,-0.037260,0.207248,148054
0.022745,-0.032621,0.204854,148074
0.016610,0.006883,0.173729,148094
-0.016310,0.029030,0.177321,148114
-0.002843,-0.026635,0.243161,148134
0.018705,-0.036362,0.213234,148154
-0.000299,-0.005686,0.189292,148174
-0.000150,-0.019453,0.221613,148194
-0.001047,-0.001496,0.200065,148214
0.025887,0.003741,0.204854,148234
-0.010774,0.005537,0.174926,148254
0.002544,-0.001945,0.177321,148274
-0.026486,0.015562,0.138864,148294
-0.000150,0.009577,0.175974,148314
-0.003442,0.018405,0.144849,148334
-0.030077,-0.004938,0.223858,148354
-0.015113,0.022446,0.228646,148374
0.026486,-0.042048,0.198719,148394
-0.005537,-0.029179,0.164003,148414
-0.006584,0.014066,0.167594,148434
0.001945,-0.003142,0.233435,148454
0.004339,0.011372,0.164003,148474
0.021847,0.007033,0.201113,148494
0.017957,0.020201,0.162806,148514
0.001347,-0.005387,0.142455,148534
0.024989,-0.001646,0.198719,148554
0.039804,0.003891,0.166547,148574
0.035464,-0.019453,0.162955,148594
0.013916,-0.030676,0.182109,148614
0.008978,-0.012869,0.144999,148634
0.017208,0.005836,0.229993,148654
0.015862,-0.023493,0.210839,148675
0.022745,-0.042347,0.168941,148694
0.008380,-0.016011,0.165350,148714
0.021249,-0.021847,0.200065,148734
0.007033,-0.011522,0.154576,148754
-0.011821,-0.015413,0.167744,148774
-0.008829,0.011372,0.207248,148794
-0.026037,-0.014066,0.183306,148814
-0.012121,-0.043694,0.203507,148835
0.007033,0.002245,0.166397,148855
0.002245,-0.025139,0.193930,148875
0.002394,-0.037858,0.175974,148895
0.017657,-0.032621,0.178368,148915
-0.004788,-0.003741,0.193930,148935
0.054169,0.017807,0.172383,148955
0.023792,-0.020650,0.172532,148975
-0.015263,-0.035464,0.162806,148995
0.004040,0.011821,0.146046,149015
-0.005088,-0.031274,0.216675,149035
0.025588,-0.012719,0.199916,149055
0.002993,-0.024391,0.192733,149075
0.007931,-0.034417,0.207098,149095
0.010475,-0.016161,0.187945,149115
0.009128,-0.024541,0.111330,149135
0.005686,-0.006434,0.229843,149155
0.025588,-0.012570,0.195127,149175
-0.006434,0.010325,0.172383,149195
-0.003891,-0.010026,0.207098,149215
0.020949,-0.007482,0.204704,149235
-0.013168,0.028431,0.207098,149255
0.005836,-0.020650,0.148441,149275
0.002394,0.020500,0.158017,149295
-0.018705,-0.016460,0.186748,149315
0.019154,-0.013617,0.161609,149335
0.010924,-0.009128,0.184354,149355
0.009726,-0.020650,0.235829,149375
0.015263,-0.004040,0.166397,149395
0.010475,0.004639,0.186748,149415
0.010325,-0.009427,0.197522,149435
0.017358,0.032771,0.155623,149455
-0.018854,0.013617,0.186748,149475
0.024840,0.020201,0.185551,149495
0.018555,0.005986,0.166397,149515
-0.010924,-0.032022,0.132878,149535
0.017358,0.027833,0.164003,149555
0.042946,-0.011821,0.210690,149575
-0.005836,-0.010475,0.214281,149595
0.004938,-0.060154,0.156820,149615
-0.005387,-0.006883,0.199916,149635
0.033519,-0.007332,0.191536,149655
0.006135,0.020201,0.221464,149675
0.029479,-0.019154,0.174926,149695
0.012719,0.026336,0.176123,149715
-0.001496,0.009278,0.171335,149735
-0.015413,0.000000,0.168791,149755
0.027234,-0.037110,0.154576,149775
0.005836,0.018555,0.196474,149795
-0.015113,-0.019453,0.219069,149815
0.009876,0.009128,0.156970,149836
0.006434,-0.006434,0.216825,149856
-0.012121,-0.010774,0.208296,149876
0.025738,0.003891,0.180762,149896
-0.019154,-0.015712,0.201113,149916
0.019902,-0.014814,0.186748,149936
0.038307,-0.037559,0.207098,149956
0.020051,-0.003292,0.132878,149976
0.004489,0.020949,0.217872,149996
-0.016610,0.005537,0.131681,150016
0.006135,-0.015263,0.184354,150036
0.003891,0.002394,0.162806,150056
0.040402,-0.021997,0.198868,150076
-0.005836,0.005686,0.171185,150096
0.026187,-0.032022,0.142455,150116
0.011672,-0.025738,0.129287,150136
0.020800,-0.013467,0.176123,150156
0.036960,-0.008829,0.219219,150176
0.026785,-0.017208,0.185700,150196
-0.002993,-0.038906,0.166547,150216
0.012420,-0.001646,0.129437,150236
0.035614,-0.020650,0.133028,150256
0.008080,0.001796,0.173729,150276
0.003292,-0.005986,0.210839,150296
0.008230,-0.031574,0.235978,150316
0.015113,-0.001945,0.179715,150336
0.020650,0.007183,0.179715,150356
0.006135,0.026785,0.184503,150376
0.004938,-0.031125,0.170138,150396
0.024840,0.000898,0.152181,150416
0.018555,-0.031424,0.180912,150436
-0.001646,0.012121,0.146196,150456
-0.004938,-0.012719,0.216825,150476
-0.007183,-0.003741,0.190489,150496
0.030526,0.030077,0.190489,150516
0.007632,-0.020800,0.117466,150536
0.011223,0.009427,0.190489,150556
0.035614,-0.004040,0.160561,150576
0.011672,-0.010026,0.173729,150596
-0.020051,0.032471,0.171335,150616
0.014515,-0.008380,0.226402,150636
0.018854,0.000449,0.190638,150656
0.014964,0.006883,0.152331,150676
0.016909,-0.005237,0.182259,150696
0.017807,-0.013916,0.205004,150716
0.023493,-0.001347,0.166696,150736
0.026635,0.025139,0.203806,150756
-0.013467,-0.005088,0.187047,150776
-0.000299,0.017208,0.169090,150796
-0.018705,-0.024989,0.228946,150816
0.023942,-0.020949,0.145148,150836
-0.025588,-0.007931,0.203806,150857
0.001945,0.015263,0.141557,150877
-0.015413,-0.001945,0.194080,150897
-0.029928,0.017807,0.214431,150917
0.001347,-0.009726,0.186897,150937
-0.020800,0.014365,0.166547,150957
-0.011821,0.016161,0.164152,150977
0.034117,-0.021548,0.220416,150997
0.006584,-0.050428,0.172532,151017
-0.002693,0.019453,0.167744,151037
-0.002245,0.013617,0.247950,151057
-0.008978,0.000748,0.178518,151077
-0.006434,-0.024092,0.121057,151097
0.012719,-0.009577,0.146196,151117
-0.009726,0.017208,0.162955,151137
0.002394,-0.022595,0.164152,151157
0.030526,-0.046238,0.185700,151177
-0.002843,0.007632,0.170138,151197
0.003292,0.027982,0.158167,151217
0.003442,0.016310,0.219219,151237
-0.031424,0.017358,0.180912,151257
-0.009577,-0.002095,0.142605,151277
0.044592,-0.033220,0.218022,151297
-0.006434,-0.033369,0.203657,151317
-0.002544,-0.025738,0.245406,151337
0.013916,-0.043844,0.231190,151357
0.004339,0.028581,0.220416,151377
0.002095,-0.027833,0.190489,151397
0.020949,-0.060005,0.156970,151417
-0.029628,-0.021249,0.160412,151437
0.029628,0.019902,0.183156,151457
-0.022296,0.005986,0.166397,151477
0.026037,-0.000898,0.213084,151497
0.013916,-0.032022,0.165350,151517
0.009128,-0.007781,0.149787,151537
0.007931,-0.021099,0.165200,151557
-0.002544,-0.005836,0.187945,151577
0.021099,-0.039504,0.185551,151597
0.024241,0.007183,0.229993,151617
0.000449,-0.021847,0.169988,151637
0.006434,-0.011223,0.199916,151657
0.036811,0.003741,0.167744,151677
-0.028282,-0.016460,0.132878,151697
0.027533,-0.019752,0.213234,151717
-0.006883,-0.024092,0.154426,151737
0.019004,-0.003442,0.162955,151757
0.017657,0.000299,0.224008,151777
0.015113,-0.004040,0.189292,151797
-0.006285,0.009577,0.123451,151817
0.009278,-0.005686,0.176123,151837
0.031274,0.006734,0.171335,151858
0.002693,-0.007033,0.214431,151878
-0.051026,-0.014066,0.156970,151898
0.004190,-0.029778,0.183306,151918
-0.003891,0.042946,0.191686,151938
0.027833,-0.021249,0.192883,151958
-0.021697,0.034566,0.162806,151978
0.051475,0.004339,0.194080,151998
0.001197,0.008230,0.171335,152018
-0.001796,-0.009278,0.201263,152038
0.021847,-0.027384,0.139013,152058
-0.014515,-0.023792,0.198719,152078
-0.002245,0.020949,0.179565,152098
-0.028730,-0.007931,0.203507,152118
0.007033,0.013168,0.173580,152138
0.006883,-0.008380,0.122104,152158
0.004489,-0.028581,0.172383,152178
0.071227,0.037110,0.158017,152198
-0.016610,-0.023343,0.198719,152218
-0.016310,-0.005986,0.197522,152238
-0.005237,0.008529,0.149638,152258
0.019603,-0.017358,0.175974,152278
0.043844,0.034716,0.147243,152298
0.049979,0.006584,0.200065,152318
0.016310,0.011223,0.249147,152338
0.006883,-0.032471,0.127042,152358
0.033668,-0.033818,0.198868,152378
0.017807,0.020800,0.162955,152398
0.016460,0.006584,0.218022,152418
-0.001047,0.017807,0.191686,152438
0.006285,0.021847,0.219219,152458
-0.015862,0.036512,0.173729,152478
0.009128,-0.016161,0.140210,152498
0.011223,-0.033968,0.146196,152518
0.006584,-0.012570,0.194080,152538
0.012570,-0.016310,0.160561,152558
0.047435,0.002993,0.203657,152578
-0.015263,0.021847,0.197671,152598
0.029778,-0.030825,0.190489,152618
-0.006883,0.008679,0.185700,152638
0.007482,-0.000748,0.245555,152658
-0.036960,-0.001347,0.147393,152678
0.008380,0.005836,0.154576,152698
-0.017358,-0.032771,0.167744,152718
0.010175,0.032471,0.184503,152738
0.029928,-0.024840,0.237176,152758
0.000150,-0.002693,0.174926,152778
-0.023044,-0.032471,0.233584,152798
0.018555,-0.042347,0.200065,152818
0.012570,-0.017059,0.195277,152838
-0.004938,0.000299,0.190489,152859
0.003741,0.000748,0.166547,152879
0.009577,0.045490,0.182109,152899
0.002693,0.010026,0.198719,152919
-0.022745,-0.013318,0.204704,152939
0.002693,-0.015562,0.184354,152959
0.009726,-0.013467,0.142455,152979
0.001496,-0.000599,0.177171,152999
0.012121,0.005686,0.205901,153019
-0.012570,-0.019603,0.226252,153039
-0.005088,-0.009278,0.220267,153059
0.045340,-0.009726,0.171185,153079
0.003591,0.026785,0.153229,153099
0.024690,-0.022745,0.243011,153119
0.002095,0.035314,0.187945,153139
-0.001347,-0.000898,0.213084,153159
-0.019902,0.010774,0.173580,153179
0.033369,-0.000748,0.205901,153199
-0.005836,-0.018405,0.159214,153219
-0.000898,-0.007632,0.189142,153239
-0.000599,-0.009876,0.199916,153259
0.035763,-0.006584,0.196325,153279
-0.014066,0.014664,0.174777,153299
0.016759,0.003891,0.131681,153319
0.035314,0.039654,0.139013,153339
0.028730,-0.037709,0.188094,153359
-0.008080,-0.016610,0.176123,153379
0.006434,-0.045490,0.174777,153399
0.013318,-0.030975,0.155773,153419
0.027234,-0.034716,0.174926,153439
0.016310,-0.019752,0.189292,153459
0.046388,0.002993,0.185700,153479
-0.024541,0.007931,0.227599,153499
-0.011971,-0.007033,0.198868,153519
-0.016310,-0.009577,0.184354,153539
0.012121,-0.003292,0.193930,153559
0.028431,-0.027234,0.182109,153579
0.005686,0.003142,0.198868,153599
-0.007183,-0.011223,0.223858,153619
0.005836,-0.000898,0.120907,153639
0.017508,-0.003442,0.168941,153659
0.034866,0.001496,0.190489,153679
-0.016161,0.007781,0.146196,153699
0.002095,-0.001347,0.148441,153719
0.021997,-0.030077,0.182109,153739
0.012270,0.015113,0.225205,153759
0.026336,0.015113,0.207248,153779
0.016460,0.014216,0.164152,153799
0.004788,0.020500,0.198868,153819
-0.006883,0.024690,0.188094,153839
0.019154,-0.007781,0.149787,153860
-0.001047,-0.003442,0.190489,153880
-0.013467,-0.042048,0.174777,153900
0.010325,-0.019902,0.180912,153920
-0.009726,-0.025887,0.150835,153940
0.007183,0.017807,0.210690,153960
0.030526,0.001496,0.203507,153980
0.005387,-0.017208,0.162955,154000
-0.013168,-0.007781,0.199916,154020
0.016610,0.004639,0.172383,154040
0.000000,0.013617,0.210690,154060
0.002544,0.028132,0.165200,154080
-0.000898,-0.029928,0.179565,154100
0.016909,-0.012121,0.123301,154120
-0.047585,0.031424,0.153229,154140
0.004040,-0.026187,0.209493,154160
0.027533,0.001197,0.227449,154180
0.001347,-0.008679,0.175974,154200
-0.003142,-0.017358,0.173580,154220
0.036811,0.018555,0.193930,154240
0.043096,0.038906,0.179565,154260
0.003591,-0.014814,0.195127,154280
0.012869,-0.013018,0.208296,154300
-0.016610,-0.043844,0.184354,154320
0.041150,0.000449,0.193930,154340
0.015862,-0.035913,0.153229,154360
0.029479,0.019453,0.143802,154380
0.004489,0.006734,0.177321,154400
0.012719,-0.012270,0.198868,154420
0.003292,0.005986,0.212036,154440
0.003591,-0.002095,0.192883,154460
-0.015113,-0.015562,0.241964,154480
-0.021548,-0.010924,0.144849,154500
0.025887,0.006135,0.207098,154520
0.030077,-0.002394,0.178518,154540
0.001496,0.011073,0.192733,154560
-0.030825,-0.010924,0.190339,154580
0.014515,-0.028431,0.204704,154600
0.031723,-0.004190,0.136469,154620
0.005537,-0.011223,0.215478,154640
0.012570,0.003442,0.165200,154660
-0.009726,0.036661,0.159214,154680
0.023343,0.029928,0.184354,154700
0.001796,0.025588,0.134075,154720
-0.001347,0.005237,0.166397,154740
0.001197,-0.002843,0.186748,154760
0.020051,0.021997,0.155623,154781
0.008080,-0.013318,0.179565,154800
0.004489,0.002544,0.186748,154820
-0.017657,0.017508,0.180762,154840
0.026187,-0.026486,0.147243,154861
-0.009278,-0.011971,0.175974,154881
0.023792,-0.015413,0.183156,154901
0.008230,-0.018405,0.171185,154921
-0.010475,0.000748,0.210690,154941
0.035614,-0.005387,0.183156,154961
0.014216,-0.009278,0.187945,154981
0.011522,0.023194,0.142605,155001
0.023044,-0.010774,0.172532,155021
0.007482,-0.030227,0.178518,155041
0.014515,0.010924,0.201263,155061
0.037709,-0.013916,0.226402,155081
0.015862,-0.036512,0.207248,155101
0.004040,-0.019303,0.182109,155121
0.012420,0.019902,0.173729,155141
0.020500,0.002394,0.194080,155161
0.011971,0.027982,0.161758,155181
0.024840,-0.003142,0.225205,155201
0.013916,-0.018705,0.210839,155221
-0.009726,0.001347,0.155773,155241
-0.011672,-0.005686,0.203657,155261
0.001646,0.029030,0.165350,155281
0.008829,0.027234,0.176123,155301
0.007632,0.014066,0.208445,155321
-0.001945,-0.032771,0.188094,155341
0.042647,-0.014365,0.178518,155361
0.027683,-0.029778,0.170138,155381
0.007183,-0.035015,0.106692,155401
-0.014964,-0.045490,0.164152,155421
0.017208,0.000599,0.099509,155441
-0.043844,0.017358,0.164152,155461
0.000748,-0.059256,0.225205,155481
0.006734,-0.009577,0.192883,155501
0.012420,-0.009278,0.158167,155521
0.034417,-0.008529,0.165350,155541
0.008080,0.003891,0.192883,155561
0.026785,-0.016161,0.159364,155581
-0.004190,0.014365,0.134225,155601
0.013617,-0.027084,0.170138,155621
0.023942,-0.028581,0.195277,155641
0.002693,-0.029030,0.239570,155661
-0.019453,-0.012719,0.200065,155681
-0.005986,-0.001197,0.203657,155701
-0.041749,0.029928,0.146196,155721
0.004938,-0.033968,0.189292,155741
0.002693,0.047884,0.183306,155761
0.023942,-0.002544,0.256329,155781
0.001347,-0.044442,0.200065,155801
0.000299,-0.012869,0.168941,155821
-0.010026,-0.001347,0.144999,155841
0.027683,0.019154,0.147393,155862
0.018854,0.005387,0.189292,155882
0.030227,-0.019752,0.172532,155902
0.012270,0.015263,0.235978,155922
0.011971,-0.010175,0.167744,155942
-0.004489,-0.034417,0.137816,155962
0.020201,-0.000898,0.148590,155982
0.001347,0.019303,0.174926,156002
-0.001796,-0.023493,0.221613,156022
0.038158,-0.008978,0.130634,156042
-0.000150,-0.001047,0.148590,156062
0.004788,-0.010026,0.156970,156082
0.013168,0.036063,0.203657,156102
-0.004788,-0.008829,0.128239,156122
-0.019752,-0.021398,0.191686,156142
0.001945,-0.002095,0.186897,156162
-0.010774,-0.001496,0.153379,156182
0.049231,0.039953,0.140210,156202
0.030676,0.016310,0.247950,156222
-0.033070,-0.025289,0.179715,156242
0.022745,0.001945,0.216825,156262
0.005836,-0.037260,0.156970,156282
0.007033,-0.001796,0.172532,156302
0.000000,-0.022745,0.227599,156322
0.020051,0.016759,0.207248,156342
0.007033,0.022745,0.176123,156362
0.043096,-0.002843,0.182109,156382
0.014365,-0.002544,0.154576,156402
0.018854,-0.013467,0.192883,156422
-0.001347,0.001047,0.160561,156442
0.030376,0.024690,0.191686,156462
0.019303,0.042796,0.194080,156482
0.001496,-0.005237,0.233584,156502
0.007482,0.021548,0.184503,156522
0.007482,-0.022745,0.136619,156542
-0.018405,-0.050877,0.222810,156562
-0.001347,0.012270,0.192883,156582
-0.015113,-0.000599,0.178518,156602
-0.008679,-0.014964,0.140210,156622
-0.009427,0.000150,0.216825,156642
0.022595,-0.010175,0.204854,156662
-0.035015,-0.017657,0.197671,156682
-0.024541,-0.010774,0.176123,156702
0.042946,0.011522,0.142605,156722
0.040851,0.011073,0.155773,156742
0.010774,-0.004788,0.130634,156762
0.008380,-0.007183,0.192883,156782
-0.025588,-0.007931,0.202460,156802
-0.024840,-0.035314,0.210839,156822
0.035614,-0.011971,0.259921,156843
0.024541,-0.040253,0.206051,156863
-0.019154,-0.006434,0.204854,156883
-0.013916,0.032322,0.223858,156903
0.014814,0.028880,0.184354,156923
0.006285,-0.012570,0.175974,156943
0.041450,0.004190,0.196474,156963
0.014964,-0.010175,0.182109,156983
0.008829,-0.001197,0.189292,157003
-0.006285,-0.011223,0.183306,157023
-0.007183,-0.013916,0.201113,157043
-0.010475,0.048483,0.175974,157063
0.002843,0.010026,0.152032,157083
0.006434,0.008978,0.160412,157103
-0.001796,0.048333,0.217872,157123
0.035763,-0.035464,0.168791,157143
0.004639,-0.007332,0.164003,157163
-0.001347,-0.009278,0.175974,157183
-0.012869,-0.027833,0.166397,157203
-0.021697,-0.020800,0.214281,157223
0.001197,0.054318,0.122104,157243
-0.016310,0.000599,0.192733,157263
0.021697,0.025738,0.134075,157283
0.020201,-0.004040,0.179565,157303
-0.028431,-0.015263,0.156820,157323
0.024840,0.001796,0.141258,157343
0.006734,0.016759,0.152032,157363
-0.014365,-0.009876,0.178368,157383
-0.004489,0.025738,0.216675,157403
0.002693,0.046837,0.179565,157423
-0.017059,0.017508,0.177171,157443
0.021997,0.014066,0.207098,157463
0.012121,0.008380,0.141258,157483
-0.012570,0.007183,0.198719,157503
0.053421,0.016909,0.178368,157523
-0.003741,-0.002394,0.165200,157543
0.016460,0.003891,0.191536,157563
0.011522,0.002544,0.191536,157583
0.030077,-0.029778,0.191536,157603
0.039953,-0.031125,0.141258,157623
0.004190,-0.006734,0.167594,157643
-0.000299,0.030676,0.161609,157663
0.008080,0.008978,0.171185,157683
0.006734,-0.012420,0.108936,157703
0.018256,0.013018,0.226252,157723
0.001646,-0.016610,0.222661,157743
-0.013467,0.006734,0.167594,157763
-0.010624,0.031274,0.209493,157783
0.029329,0.014515,0.128090,157803
0.005537,-0.020351,0.196325,157823
0.019603,0.021548,0.141258,157843
0.036661,0.003292,0.174926,157864
0.011522,0.043844,0.152181,157884
0.017208,0.014814,0.162955,157904
-0.000449,0.027234,0.161758,157924
0.002095,-0.029778,0.208445,157944
0.044143,0.024840,0.149787,157964
0.019902,0.038008,0.170138,157984
0.004190,0.008978,0.206051,158004
0.027533,-0.026187,0.203657,158024
0.027084,-0.003292,0.225205,158044
-0.038906,-0.002843,0.195277,158064
-0.000449,0.036661,0.198868,158084
0.026635,-0.006285,0.152181,158104
0.010924,-0.024241,0.182109,158124
0.017807,0.025738,0.209642,158144
0.011522,0.016161,0.186897,158164
0.029030,0.013916,0.178518,158184
0.008529,0.001646,0.237176,158204
0.025887,-0.004639,0.196474,158224
-0.001347,0.001646,0.240767,158244
0.000000,-0.002993,0.195277,158264
-0.010475,0.037409,0.155773,158284
-0.016161,0.058059,0.188094,158304
-0.015413,0.021697,0.158167,158324
0.013168,0.001047,0.184503,158344
0.029479,0.004190,0.220416,158364
-0.017807,0.008230,0.180912,158384
-0.025438,-0.009876,0.159364,158404
0.013916,0.017508,0.146196,158424
-0.001496,0.006434,0.159364,158444
-0.009427,-0.001496,0.147393,158464
-0.009128,-0.016161,0.206051,158484
0.029928,-0.005387,0.221613,158504
0.009427,-0.016460,0.207248,158524
0.031274,0.015712,0.133028,158544
0.000449,0.014515,0.190489,158564
0.008829,-0.021847,0.189292,158584
-0.014515,-0.010475,0.140210,158604
-0.025887,0.008080,0.208445,158624
-0.025139,0.043545,0.203657,158644
0.007183,-0.007183,0.188094,158664
0.002394,-0.001796,0.216825,158684
-0.016161,-0.009876,0.198719,158704
-0.023792,0.021548,0.209493,158724
0.007332,0.011372,0.168791,158744
-0.005387,0.042796,0.225055,158764
-0.013318,0.029030,0.243011,158784
0.044293,0.022446,0.137667,158804
0.017657,0.019752,0.154576,158824
-0.005986,-0.038158,0.189142,158844
0.030526,0.003591,0.167744,158865
-0.021398,0.008529,0.174777,158885
-0.010175,0.046537,0.140061,158905
-0.002843,-0.011522,0.210690,158925
-0.007332,0.002993,0.181959,158945
0.035165,-0.014365,0.197522,158965
0.027533,0.000449,0.161609,158985
-0.008080,-0.014515,0.174777,159005
0.030825,0.003292,0.179715,159025
0.013916,0.029479,0.166547,159045
0.033668,-0.002693,0.208445,159065
0.021249,-0.017059,0.210839,159085
0.019752,-0.021997,0.186897,159105
0.023942,0.018555,0.184503,159125
-0.017358,-0.010774,0.156970,159145
-0.019154,0.013617,0.179715,159165
0.030526,-0.010475,0.201263,159185
0.013767,0.047435,0.221613,159205
0.016011,-0.004489,0.171335,159225
0.036811,-0.008679,0.167744,159245
-0.008230,-0.013018,0.179715,159265
-0.005686,-0.036661,0.203657,159285
-0.001945,-0.003741,0.168941,159305
-0.014814,-0.001796,0.174926,159325
-0.015413,0.012570,0.183306,159345
0.005237,0.014814,0.185700,159365
0.011223,0.030526,0.183306,159385
0.013467,-0.019004,0.188094,159405
0.004040,-0.025887,0.185700,159425
-0.017807,-0.001796,0.235829,159445
0.013168,0.001496,0.166397,159465
0.031574,-0.000299,0.167744,159485
0.021697,0.029928,0.207248,159505
0.006135,0.016460,0.168941,159525
-0.005537,0.020650,0.148590,159545
0.025139,0.007183,0.160561,159565
-0.008080,-0.001347,0.154576,159585
0.009876,0.023343,0.209642,159605
0.014515,0.012270,0.216825,159625
-0.025438,-0.028581,0.147243,159645
0.023194,-0.007931,0.177321,159665
-0.004190,0.007183,0.167594,159685
0.018106,0.005686,0.105495,159705
0.047136,0.006734,0.129437,159725
0.003142,-0.021099,0.196474,159745
0.020949,0.011073,0.201263,159765
0.031125,0.025887,0.204854,159785
0.028282,0.005537,0.155773,159805
-0.016610,0.020051,0.173729,159825
0.027234,0.021249,0.184503,159845
0.006734,-0.024840,0.189292,159866
0.021847,-0.021398,0.191686,159886
-0.010026,-0.001496,0.183306,159906
-0.009427,-0.013168,0.186897,159926
0.030676,0.048333,0.159364,159946
0.009128,0.026486,0.137816,159966
0.010325,0.006584,0.129437,159986
0.036063,0.010924,0.196474,160006
-0.026486,0.016909,0.210839,160026
0.019752,-0.009278,0.186897,160046
0.022895,0.008679,0.216825,160066
0.003741,0.020051,0.127042,160086
-0.007931,0.012719,0.185700,160106
0.027533,0.049081,0.202460,160126
0.019004,0.102053,0.216825,160146
0.002544,-0.134375,0.155773,160166
0.007482,-0.188094,0.176123,160186
-0.008978,0.092177,0.240767,160206
-0.036661,0.044293,0.167744,160226
0.015712,-0.087688,0.152181,160246
0.042198,0.106692,0.177321,160266
0.023942,0.075268,0.221613,160286
-0.023194,-0.079906,0.168941,160306
-0.009577,0.044293,0.177321,160326
-0.023194,0.035314,0.200065,160346
0.011223,-0.091578,0.123451,160366
0.028730,0.003142,0.135422,160386
-0.007931,0.137816,0.209642,160406
-0.056713,-0.037858,0.150984,160426
-0.002544,-0.049680,0.186748,160446
0.016310,0.083797,0.220416,160466
0.010325,-0.010475,0.179715,160486
0.011372,-0.059107,0.192883,160506
0.039504,0.025139,0.207248,160526
0.014216,0.016310,0.227599,160546
0.016310,-0.010325,0.159364,160566
0.031424,0.058059,0.183306,160586
0.016011,0.027982,0.212036,160606
-0.025438,-0.092027,0.188244,160626
-0.026785,0.009278,0.213383,160646
-2.999037,-0.668730,0.240019,160666
-3.111415,-0.230741,0.224008,160686
-2.268955,-0.428861,0.330998,160706
-0.903213,-0.225354,0.205153,160726
-0.061052,1.663821,0.106991,160746
0.982371,0.967407,0.262913,160766
0.644788,-1.104176,-0.000449,160786
-0.937928,-0.891840,0.102202,160806
-3.216012,0.126294,0.306607,160826
-1.985242,-0.139163,0.257526,160847
-1.039682,-0.143951,0.227748,160867
-0.377985,-0.122404,0.291344,160887
-1.655591,-0.046088,-0.165499,160907
-2.626888,-0.010175,0.006734,160927
-1.914912,-0.294636,-0.106093,160947
-1.212663,-0.241365,0.522983,160967
-0.430058,-0.123750,-0.023792,160987
-0.520889,0.154576,-0.042497,161007
-0.079607,0.113725,0.470012,161027
0.226402,0.015862,0.021099,161047
0.659004,0.275932,0.396689,161067
0.027982,0.217573,0.500837,161087
0.357335,0.088436,-0.168642,161107
-0.252439,-0.095170,-0.146944,161127
0.322020,-0.471508,0.184503,161147
0.953640,-0.182857,0.262913,161167
0.745943,0.313790,0.114173,161187
0.995838,0.380528,0.284760,161207
1.098340,0.219668,0.285509,161227
1.173757,0.272789,0.682497,161247
1.331625,0.075866,0.296582,161267
2.553267,0.129287,0.464774,161287
1.801936,0.109684,0.346112,161307
2.032228,-0.044293,-0.292990,161327
1.730409,0.099509,0.458939,161347
2.060809,-0.332944,0.576703,161367
1.384597,-0.328155,-0.133926,161387
2.039710,-0.368557,0.318279,161407
2.989460,-0.290895,0.763002,161427
2.718616,-0.163853,0.350900,161447
2.168099,0.148740,-0.146495,161467
2.098218,-0.013168,0.130933,161487
0.937629,0.454749,0.367660,161507
1.221492,0.374842,0.382174,161527
1.709909,0.000898,0.297928,161547
1.531242,0.024541,0.193332,161567
1.036989,-0.449212,0.019902,161587
-0.300472,0.054767,0.149787,161607
-0.282217,0.002544,0.187646,161627
-0.292392,0.034267,0.226701,161647
-0.259172,0.004788,0.189292,161667
-0.305261,0.050578,0.169689,161687
-0.292990,-0.012570,0.200365,161707
-0.269198,0.012121,0.208296,161727
-0.251840,0.050428,0.182857,161747
-0.233734,0.069282,0.237625,161767
-0.231190,0.043545,0.246902,161787
-0.226551,0.043993,0.156820,161807
-0.232537,0.026486,0.211588,161827
-0.247501,0.016759,0.237475,161848
-0.242413,0.062249,0.164152,161868
-0.232836,-0.005986,0.178218,161888
-0.200065,0.028880,0.172083,161908
-0.222960,0.009876,0.222062,161928
-0.209193,0.030077,0.179864,161948
-0.221464,0.025588,0.174777,161968
-0.212336,0.032022,0.186598,161988
-0.208146,-0.026187,0.201861,162008
-0.173580,0.037260,0.199317,162028
-0.159813,0.016310,0.197821,162048
-0.178069,0.029329,0.218022,162068
-0.147842,0.023792,0.202310,162088
-0.121805,0.035763,0.224905,162108
-0.148740,0.013916,0.213982,162128
-0.166098,0.004040,0.216077,162148
-0.182857,-0.005836,0.201562,162168
-0.124349,0.017208,0.170288,162188
-0.138564,0.000898,0.173729,162208
-0.136170,0.016310,0.187945,162228
-0.118663,0.059406,0.204555,162248
-0.130933,-0.012420,0.164901,162268
-0.115670,0.031723,0.206799,162288
-0.144251,0.027384,0.174328,162308
-0.142904,0.031574,0.237625,162328
-0.121655,0.015562,0.166846,162348
-0.124349,0.018705,0.181062,162368
-0.115071,0.053121,0.208445,162388
-0.111031,-0.012270,0.208296,162408
-0.102202,0.052972,0.199916,162428
-0.107589,-0.014365,0.240468,162448
-0.109535,0.014964,0.203208,162468
-0.084246,-0.029628,0.197073,162488
-0.093823,0.028431,0.153977,162508
-0.125097,0.004339,0.212485,162528
-0.066888,0.012719,0.257975,162548
-0.038457,0.051176,0.201562,162568
-0.086191,0.025738,0.219518,162588
-0.090830,-0.014814,0.209792,162608
-0.094272,0.028581,0.218172,162628
-0.101005,0.026785,0.166547,162648
-0.088885,0.022446,0.156820,162668
-0.106243,0.033519,0.140061,162688
-0.065990,0.009278,0.256030,162708
-0.057162,-0.006734,0.197372,162728
-0.050877,0.007482,0.175824,162748
-0.101903,-0.009427,0.170886,162768
-0.070030,0.029329,0.210390,162788
-0.045939,0.014664,0.167145,162808
-0.057311,0.018854,0.159963,162828
-0.069731,0.014066,0.188543,162848
-0.049081,-0.007332,0.172981,162869
-0.041749,-0.010774,0.238822,162889
-0.073173,-0.002095,0.190788,162909
-0.073622,0.020051,0.174029,162929
-0.069282,0.003591,0.246902,162949
-0.065092,-0.007931,0.202609,162969
-0.062249,0.028581,0.213383,162989
-0.042946,0.030227,0.128389,163009
-0.047585,-0.001796,0.197671,163029
-0.040402,-0.005237,0.221613,163049
-0.002993,0.035015,0.148590,163069
-0.062399,0.015862,0.184503,163089
-0.055964,0.026336,0.245406,163109
-0.045041,-0.017358,0.138864,163129
-0.038008,-0.015263,0.117316,163149
-0.024092,-0.003142,0.207098,163169
-0.062997,-0.011073,0.160262,163189
-0.024989,-0.035314,0.166247,163209
-0.017059,-0.011522,0.161459,163229
-0.051475,-0.026037,0.187795,163249
-0.027982,-0.006734,0.196025,163269
-0.024690,0.049081,0.168492,163289
-0.038008,-0.024092,0.166098,163309
-0.017208,0.005836,0.179266,163329
-0.023643,0.008080,0.152930,163349
-0.016011,0.014814,0.202011,163369
-0.056264,0.027384,0.181510,163389
-0.009278,0.023493,0.167145,163409
-0.041599,0.031125,0.174328,163429
-0.015862,0.033220,0.187496,163449
-0.013018,0.021398,0.120458,163469
-0.017208,0.013467,0.162357,163489
0.002245,-0.037559,0.168342,163509
-0.014066,-0.020500,0.100108,163529
-0.025139,0.024989,0.198270,163549
-0.013916,0.003292,0.198120,163569
0.021697,0.023792,0.188543,163589
-0.031125,0.021249,0.200514,163609
-0.010475,0.027084,0.192135,163629
-0.007482,0.003142,0.222062,163649
-0.054917,-0.010026,0.166996,163669
0.000299,0.023493,0.243610,163689
-0.063596,0.013168,0.189591,163709
0.011821,0.045639,0.140510,163729
-0.044442,0.060603,0.229095,163749
-0.013767,-0.001496,0.189591,163769
-0.043545,-0.017208,0.206350,163789
-0.021398,-0.027384,0.186000,163809
0.023643,0.002693,0.212336,163829
-0.012869,-0.009278,0.166846,163849
0.022745,-0.055067,0.188394,163870
-0.023194,-0.008978,0.163255,163890
-0.020051,0.021398,0.230143,163910
0.006135,0.027533,0.184653,163930
-0.005387,0.049979,0.194230,163950
-0.019154,-0.047136,0.166696,163970
-0.012719,0.002993,0.216975,163990
0.018106,-0.002993,0.184653,164010
-0.024092,-0.020650,0.201412,164030
-0.016310,0.036063,0.152331,164050
0.015862,-0.005537,0.142754,164070
-0.008829,-0.005836,0.199018,164090
-0.023643,-0.009427,0.172682,164110
0.014515,0.010475,0.171485,164130
-0.026635,0.001047,0.206201,164150
-0.026935,-0.008230,0.225205,164170
-0.003891,0.044442,0.177321,164190
0.004639,0.020351,0.152181,164210
0.005836,0.005686,0.155773,164230
-0.015113,-0.016460,0.190489,164250
-0.014515,0.020800,0.195277,164270
-0.005836,0.010175,0.182109,164290
-0.006734,-0.047285,0.172532,164310
-0.004040,0.064494,0.202460,164330
-0.003891,0.019603,0.176123,164350
0.017657,0.005836,0.253935,164370
-0.005836,-0.002394,0.186897,164390
-0.030227,0.028431,0.165350,164410
-0.016310,0.004788,0.195277,164430
-0.005237,0.010026,0.186897,164450
0.016161,-0.021697,0.185700,164470
0.014814,0.070928,0.222810,164490
0.008978,0.010026,0.180912,164510
-0.023792,-0.002544,0.141258,164530
0.004938,0.012570,0.150984,164550
-0.020650,0.001646,0.168791,164570
0.016161,-0.011672,0.147243,164590
0.018405,-0.002544,0.232238,164610
0.013617,0.000449,0.136469,164630
0.029778,0.034566,0.176123,164650
-0.016310,0.027533,0.131831,164670
0.011372,0.026037,0.136469,164690
0.005387,-0.036960,0.147243,164710
0.000748,-0.037409,0.221464,164730
0.011522,-0.026037,0.191536,164750
-0.003891,0.017657,0.209493,164770
-0.007033,0.038756,0.203507,164790
0.000299,-0.021847,0.173580,164810
0.021548,-0.011672,0.171185,164830
0.034117,-0.017358,0.162806,164850
-0.020351,0.023643,0.167594,164871
-0.021997,-0.008978,0.135272,164891
-0.021249,0.018854,0.228646,164911
0.019154,-0.008230,0.190339,164931
0.000150,0.047285,0.186748,164951
0.000299,0.020800,0.235829,164971
-0.023044,0.004190,0.167594,164991
-0.008380,-0.021249,0.132878,165011
-0.006883,-0.007033,0.219069,165031
0.001347,-0.042347,0.150835,165051
0.009726,-0.022446,0.169988,165071
0.011821,-0.019902,0.135272,165091
-0.006883,-0.020351,0.141258,165111
0.027234,0.000150,0.154426,165131
-0.008380,0.026336,0.241814,165151
-0.015263,-0.015862,0.208296,165171
-0.027683,-0.027533,0.140061,165191
0.014066,-0.004788,0.193930,165211
0.004489,0.008679,0.146046,165231
-0.017807,0.025588,0.193930,165251
-0.002095,0.015562,0.214281,165271
0.005088,-0.000898,0.185551,165291
-0.000748,-0.006734,0.169988,165311
-0.036960,0.021398,0.169988,165331
0.008380,-0.020201,0.142455,165351
0.016310,-0.006135,0.147243,165371
0.006584,-0.010924,0.146046,165391
0.004190,0.017208,0.183156,165411
0.034716,0.011971,0.185551,165431
0.018705,-0.019154,0.156820,165451
-0.010924,-0.006434,0.235829,165471
0.028132,-0.027234,0.192733,165491
-0.012270,-0.022595,0.178368,165511
-0.011971,-0.004639,0.201113,165531
-0.006734,-0.010624,0.248997,165551
0.000599,0.019603,0.220267,165571
0.006734,0.026635,0.203507,165591
0.006734,-0.002544,0.166397,165611
0.006584,-0.028581,0.154426,165631
-0.003891,0.005686,0.162806,165651
-0.016460,0.008380,0.217872,165671
0.019154,0.038906,0.187945,165691
0.017657,0.012420,0.185551,165711
-0.014066,-0.005387,0.204555,165731
-0.013467,0.002693,0.190189,165751
-0.016310,-0.029778,0.187795,165772
0.022745,-0.015413,0.192584,165791
0.037559,-0.049680,0.212934,165811
-0.007632,-0.025438,0.160262,165831
-0.010924,0.039504,0.185401,165851
-0.004639,0.030825,0.171036,165872
0.011821,-0.009876,0.141108,165892
-0.009278,-0.004190,0.246453,165912
0.002843,0.010325,0.154276,165932
0.009876,0.001646,0.179415,165952
0.009876,0.022895,0.162656,165972
0.019004,0.016909,0.191386,165992
0.037409,0.000150,0.157868,166012
-0.006434,0.007931,0.209343,166032
0.018405,0.001197,0.185401,166052
0.016909,0.001197,0.171036,166072
0.017957,0.027084,0.179415,166092
-0.016310,0.039804,0.206949,166112
0.002693,0.005986,0.161459,166132
0.039055,0.018854,0.205901,166152
0.001047,-0.017957,0.232238,166172
0.018555,-0.014216,0.166397,166192
-0.001347,0.011971,0.211737,166212
-0.023493,0.027084,0.202160,166232
0.012270,-0.005836,0.184204,166252
0.010774,0.022895,0.131531,166272
-0.011672,0.003741,0.178218,166292
0.000599,0.061202,0.196175,166312
-0.000449,0.024092,0.194978,166332
0.029030,0.006584,0.153079,166352
0.023792,0.042647,0.193781,166372
-0.011672,0.011073,0.209343,166392
0.011971,0.032322,0.205752,166412
0.041150,-0.002993,0.134075,166432
0.001646,0.010475,0.202310,166452
0.039055,0.024690,0.211887,166472
0.026486,-0.013916,0.217872,166492
-0.000898,0.016310,0.219069,166512
0.002544,0.012570,0.177171,166532
-0.014964,0.017957,0.189142,166552
0.011223,0.013168,0.235829,166572
0.006434,0.005836,0.199916,166592
-0.042647,0.018256,0.140061,166612
0.015862,0.004639,0.166397,166632
-0.001945,0.006584,0.245406,166652
0.031873,-0.026336,0.143652,166672
0.011522,-0.038008,0.135272,166692
0.006734,0.008380,0.140061,166712
-0.002693,-0.008978,0.189142,166732
0.017358,0.015413,0.234632,166752
0.025289,-0.009278,0.148441,166772
0.026037,0.022446,0.186748,166792
-0.030526,-0.004040,0.183156,166812
0.011223,-0.007033,0.173580,166832
-0.006434,0.008679,0.169988,166853
0.002095,0.015562,0.204555,166873
-0.003591,-0.002245,0.130334,166893
-0.003292,0.030227,0.185401,166913
0.005237,0.013467,0.179415,166933
0.000449,0.049530,0.197372,166953
0.007632,0.012869,0.186598,166973
-0.009726,0.050578,0.245256,166993
-0.022146,-0.001646,0.161459,167013
-0.000449,0.017957,0.124349,167033
-0.007632,0.042347,0.172233,167053
-0.011073,0.061800,0.131531,167073
-0.022296,0.049380,0.163853,167093
-0.014664,0.011522,0.154276,167113
-0.002394,-0.012420,0.197372,167133
-0.009278,0.017508,0.205752,167153
0.009577,0.012869,0.221314,167173
0.045789,0.025139,0.181810,167193
0.024989,0.020201,0.168642,167213
0.024541,0.021099,0.167444,167233
-0.009876,0.002544,0.173430,167253
0.039504,-0.002544,0.193781,167273
0.011821,-0.002843,0.168642,167293
0.040851,-0.019752,0.184204,167313
0.002544,0.031125,0.165050,167333
-0.039355,0.033070,0.184204,167353
0.006135,0.055964,0.172233,167373
-0.004489,0.010475,0.147094,167393
0.023643,0.038756,0.171036,167413
-0.001047,0.040402,0.221314,167433
-0.015113,-0.022446,0.157868,167453
-0.037858,0.027384,0.175824,167473
-0.007781,0.011223,0.153079,167493
0.000748,0.077662,0.206949,167513
-0.022446,0.037260,0.149488,167533
0.015712,-0.022296,0.216526,167553
0.013168,0.018555,0.229694,167573
-0.034866,-0.015562,0.183007,167593
-0.004788,-0.015113,0.210540,167613
0.018854,0.034267,0.177021,167633
-0.010624,0.003442,0.166247,167653
0.008529,0.013018,0.203358,167673
-0.040701,0.019603,0.163853,167693
-0.018555,-0.031574,0.145747,167713
-0.018106,0.009876,0.174477,167733
0.010475,-0.016460,0.138564,167753
0.018555,-0.028581,0.186448,167773
0.055665,-0.003442,0.211737,167793
0.013617,0.019603,0.210540,167813
-0.000599,0.035913,0.184204,167833
0.024241,0.012570,0.193781,167853
0.013018,0.020650,0.166247,167874
0.017508,-0.004639,0.180613,167894
-0.003741,0.001197,0.199766,167914
0.029329,0.018106,0.163853,167934
0.001796,-0.017657,0.173430,167954
0.011073,0.031125,0.186598,167974
0.010924,0.005387,0.136320,167994
-0.000748,0.022595,0.160262,168014
-0.000599,0.004938,0.203358,168034
-0.001646,0.014964,0.159065,168054
0.013617,0.003891,0.153079,168074
0.012270,-0.006285,0.159065,168094
-0.043993,0.059107,0.200963,168114
-0.007781,-0.031723,0.154276,168134
0.005387,-0.021249,0.214131,168154
0.001796,-0.031424,0.177021,168174
-0.006285,0.005237,0.178218,168194
0.007931,0.014216,0.178218,168214
0.005387,0.014365,0.183007,168234
-0.009726,-0.035464,0.181810,168254
0.030376,0.017508,0.223708,168274
0.008679,0.041599,0.155473,168294
0.009726,0.002993,0.194978,168314
0.003741,-0.022446,0.132729,168334
0.015413,-0.051176,0.221314,168354
0.027982,0.003741,0.148291,168374
0.011223,0.023792,0.248847,168394
0.016759,0.029030,0.223708,168414
0.000000,0.062549,0.211737,168434
0.024541,0.027533,0.165050,168454
0.020650,0.015263,0.163853,168474
-0.031125,-0.032471,0.204555,168494
-0.012719,0.005088,0.199766,168514
0.024840,0.033818,0.125546,168534
0.014964,0.001796,0.082450,168554
0.013617,0.031424,0.166247,168574
0.036661,0.003142,0.187795,168594
0.010175,0.008380,0.184204,168614
0.008829,0.015263,0.198569,168634
0.017957,0.007332,0.120758,168654
0.004788,0.012420,0.168642,168674
0.051475,-0.000299,0.184354,168694
-0.017358,0.011372,0.202310,168714
0.001796,0.004639,0.213084,168734
0.005088,0.005537,0.155623,168754
-0.011223,-0.001796,0.165050,168774
0.027683,0.001796,0.169988,168794
0.003591,-0.010624,0.168791,168814
0.020051,-0.002993,0.209493,168834
0.012570,0.002544,0.125696,168854
0.014664,0.027982,0.126893,168875
-0.010026,0.008829,0.172383,168895
0.010026,0.001796,0.169988,168915
0.027533,-0.011073,0.146046,168935
0.005986,-0.016460,0.174777,168955
0.019902,0.018705,0.167594,168975
-0.021249,0.025289,0.162806,168995
-0.017208,0.019303,0.233435,169015
-0.015562,-0.002095,0.229843,169035
-0.008080,0.026935,0.160412,169055
-0.012570,-0.002245,0.181810,169075
0.014664,-0.009427,0.209493,169095
0.008529,0.009427,0.196325,169115
0.011971,0.013617,0.117316,169135
-0.023343,0.010325,0.161459,169155
0.013617,0.026635,0.161609,169175
0.034566,-0.001945,0.180762,169195
-0.000150,0.015263,0.209493,169215
0.011821,-0.019154,0.195127,169235
-0.005836,-0.002843,0.172383,169255
-0.013916,0.011821,0.171185,169275
0.006285,0.027982,0.155623,169295
-0.000748,0.024092,0.216675,169315
0.012270,-0.008529,0.150835,169335
0.026037,0.008529,0.193930,169355
0.006883,-0.004040,0.184354,169375
-0.014066,0.013318,0.164003,169395
-0.005537,-0.041899,0.178368,169415
0.016759,0.040552,0.181959,169435
-0.007033,0.023643,0.201113,169455
-0.005686,0.018405,0.174777,169475
-0.011372,-0.039504,0.172383,169495
-0.001646,-0.010774,0.231040,169515
0.003142,-0.000449,0.185401,169535
-0.004938,0.026336,0.159065,169555
0.001047,0.013318,0.119560,169575
0.033668,-0.005686,0.134075,169595
0.001496,0.003891,0.199766,169615
0.007332,-0.014216,0.172233,169635
-0.005686,0.043545,0.162806,169655
-0.004339,-0.014066,0.160412,169675
0.036512,-0.010624,0.167594,169695
0.029928,0.014814,0.208296,169715
0.018854,-0.015562,0.203507,169735
0.026785,0.004190,0.175974,169755
-0.028730,0.020500,0.185551,169775
0.006135,0.020051,0.177171,169795
0.000000,0.024989,0.168791,169815
0.009427,-0.012270,0.184354,169835
0.027982,0.015413,0.135272,169855
-0.032172,-0.008679,0.135272,169876
-0.013916,0.021099,0.122104,169896
-0.001646,0.012420,0.171185,169916
0.007931,-0.001347,0.186748,169936
0.007931,0.016460,0.179565,169956
-0.029628,0.044742,0.135272,169976
-0.006584,-0.007332,0.239420,169996
-0.001646,-0.006883,0.226252,170016
0.027533,0.013318,0.137667,170036
0.002544,0.004040,0.159214,170056
0.014365,0.023643,0.202310,170076
0.024391,-0.021847,0.216675,170096
0.008829,0.033070,0.217872,170116
-0.010026,-0.028880,0.205901,170136
-0.017807,-0.000150,0.125696,170156
-0.000898,-0.020800,0.166247,170176
0.018854,0.024840,0.192733,170196
0.002095,0.011672,0.199916,170216
0.004339,0.006285,0.187945,170236
-0.019154,0.019752,0.112527,170256
-0.006883,0.013318,0.172383,170276
0.022745,0.019752,0.217872,170296
0.023343,-0.049829,0.204704,170316
0.013617,-0.011971,0.214281,170336
0.002693,0.001347,0.154426,170356
0.002843,0.055665,0.185551,170376
0.011223,0.005537,0.216675,170396
-0.005237,0.026635,0.204704,170416
0.007781,0.033220,0.209493,170436
-0.019303,-0.012570,0.215478,170456
0.004639,0.049530,0.209493,170476
0.012719,0.012869,0.196325,170496
0.004339,0.006135,0.262165,170516
0.007781,0.019004,0.174777,170536
-0.007482,0.007183,0.184354,170556
-0.002843,0.016310,0.092177,170576
-0.004040,0.003891,0.210690,170596
0.028880,-0.014814,0.193930,170616
0.003591,0.027384,0.186748,170636
-0.024541,0.019902,0.191536,170656
0.000748,0.020949,0.207098,170676
0.005537,0.020351,0.186748,170696
0.000748,-0.039055,0.166397,170716
-0.002693,0.008529,0.220267,170736
0.006883,-0.007931,0.196325,170756
-0.008380,-0.003142,0.211887,170776
0.018854,0.005088,0.251391,170796
-0.020051,-0.002394,0.167594,170816
0.024989,0.035913,0.158017,170836
-0.042048,0.044891,0.166397,170856
0.011672,0.002843,0.225055,170877
0.041899,-0.009128,0.160412,170897
0.010475,0.003591,0.227449,170917
0.009128,0.003591,0.173580,170937
-0.011971,0.009577,0.202310,170957
-0.016310,0.010175,0.209493,170977
-0.008829,-0.021697,0.235829,170997
0.006734,0.001496,0.186748,171017
-0.008679,0.021847,0.173580,171037
-0.030526,-0.036212,0.188992,171057
-0.006434,-0.020949,0.167444,171077
0.045191,-0.014515,0.138864,171097
-0.009577,-0.024541,0.194978,171117
-0.017657,0.006584,0.159065,171137
-0.007781,0.007033,0.149488,171157
0.002993,0.023643,0.163853,171177
-0.010924,0.003741,0.188992,171197
-0.008380,-0.048333,0.191386,171217
-0.004639,-0.026785,0.147094,171237
0.029329,0.014964,0.194978,171257
-0.002843,0.009427,0.175824,171277
-0.007332,-0.022745,0.171036,171297
0.012869,0.001347,0.177021,171317
0.017208,0.017059,0.218920,171337
-0.015862,0.027982,0.179415,171357
0.029030,-0.013916,0.187795,171377
-0.032471,0.020500,0.183007,171397
0.018705,0.031274,0.180613,171417
-0.005088,0.020351,0.203358,171437
0.001945,0.019004,0.139911,171457
0.004190,0.050428,0.148291,171477
-0.001646,-0.004040,0.188992,171497
-0.048333,0.014664,0.171036,171517
-0.009577,0.017358,0.130334,171537
0.012719,0.020650,0.142305,171557
-0.031574,-0.027833,0.181810,171577
0.028880,0.012570,0.234482,171597
0.011971,0.018705,0.186598,171617
-0.011821,-0.026935,0.179415,171637
-0.000898,-0.020800,0.193781,171657
-0.033519,-0.030526,0.171036,171677
0.036512,-0.007183,0.220117,171697
-0.005237,0.040552,0.177021,171717
0.023044,0.034117,0.166247,171737
0.007482,0.000748,0.211737,171757
0.012121,-0.004489,0.163853,171777
0.000449,-0.000599,0.144700,171797
0.040253,0.042048,0.179415,171817
-0.001646,-0.016460,0.133926,171837
0.010175,0.004489,0.246453,171857
0.021697,-0.000299,0.202160,171878
0.009427,0.040552,0.136320,171898
-0.016310,-0.020800,0.192584,171918
0.016759,-0.020650,0.204555,171938
-0.008080,0.006883,0.118363,171958
-0.016161,-0.021398,0.162656,171978
-0.007482,-0.000449,0.236876,171998
0.010325,-0.013168,0.150685,172018
0.006883,-0.020201,0.196175,172038
0.025588,0.026635,0.168642,172058
-0.025139,0.040851,0.200963,172078
-0.019902,0.006734,0.167444,172098
0.026336,-0.005237,0.159065,172118
0.010475,-0.010175,0.142305,172138
-0.010774,0.028431,0.160262,172158
-0.007033,0.030526,0.160262,172178
0.007332,0.023044,0.147094,172198
0.032920,0.030825,0.223708,172218
-0.016909,-0.002693,0.171036,172238
0.009427,0.026037,0.187795,172258
0.009278,0.002095,0.186598,172278
0.033668,-0.011223,0.209343,172298
0.000299,0.032471,0.135123,172318
0.017957,-0.015862,0.162656,172338
0.031723,-0.003292,0.203358,172358
0.014814,-0.018405,0.178218,172378
0.018106,0.010624,0.171036,172398
-0.027683,0.000000,0.115969,172418
0.004489,0.043395,0.183007,172438
0.016161,-0.006883,0.136320,172458
0.016909,-0.022446,0.173430,172478
0.007183,0.019603,0.190189,172498
-0.004639,-0.014664,0.133926,172518
0.009577,0.002095,0.183007,172538
-0.025438,0.002245,0.216526,172558
-0.002544,0.017657,0.227300,172578
0.007033,-0.017059,0.171036,172598
-0.002394,-0.002843,0.200963,172618
-0.013767,0.008380,0.179415,172638
0.021548,0.018106,0.203358,172658
-0.027833,0.019752,0.254833,172678
-0.015413,0.034866,0.194978,172698
-0.016161,0.012270,0.167444,172718
0.005237,0.014814,0.153079,172738
-0.007632,-0.001496,0.177021,172758
-0.001496,0.012270,0.224905,172778
-0.009726,-0.020051,0.198569,172798
0.009427,0.006434,0.235679,172818
0.031424,-0.002843,0.185401,172838
-0.002993,-0.019154,0.148291,172858
0.038008,0.039804,0.204555,172879
0.027833,0.011372,0.181810,172899
0.013318,-0.005237,0.194978,172919
0.029628,0.021697,0.217723,172939
0.022146,0.038158,0.224905,172959
0.018256,0.000748,0.222511,172979
-0.002095,-0.007781,0.218920,172999
-0.004339,0.006883,0.159065,173019
0.010026,0.011223,0.218920,173039
-0.008679,0.007033,0.190189,173059
0.039504,0.008080,0.168791,173079
0.011821,-0.004040,0.155623,173099
0.011672,0.020201,0.191536,173119
-0.002245,0.019453,0.158017,173139
-0.010325,-0.001646,0.231040,173159
0.029778,-0.007781,0.184354,173179
0.003591,0.020800,0.262165,173199
-0.023194,-0.017957,0.171036,173219
0.008978,0.001347,0.144700,173239
-0.000599,-0.000748,0.190339,173259
0.012121,0.015413,0.175974,173279
0.009726,0.007931,0.171185,173299
0.012121,-0.020500,0.130484,173319
-0.003442,-0.012121,0.195127,173339
0.010774,-0.017358,0.164003,173359
-0.023493,0.022745,0.184354,173379
0.021548,-0.007183,0.155623,173399
0.018705,0.020949,0.174777,173419
-0.008529,0.046687,0.146046,173439
-0.001197,0.023044,0.217872,173459
-0.002245,-0.009427,0.142455,173479
0.024690,-0.030526,0.141258,173499
0.008978,-0.017059,0.175974,173519
-0.013318,0.003442,0.198719,173539
0.006734,0.025289,0.207098,173559
-0.021398,0.019453,0.148441,173579
0.019004,-0.024541,0.198719,173599
-0.029329,-0.018405,0.220267,173619
-0.020351,-0.026187,0.104148,173639
-0.002095,0.038906,0.204704,173659
0.005088,0.017358,0.235679,173679
0.007482,0.020650,0.208296,173699
-0.009278,0.002095,0.128090,173719
-0.031274,0.025588,0.188992,173739
-0.002394,-0.001796,0.226102,173759
0.001347,-0.019303,0.141108,173779
-0.008080,0.020800,0.168642,173799
0.013318,-0.016161,0.192584,173819
0.004788,0.007183,0.194978,173839
0.005836,0.016310,0.203358,173859
0.005836,0.011372,0.181810,173880
0.003292,-0.021697,0.174627,173900
0.003292,0.013168,0.153079,173920
0.016161,-0.015263,0.151882,173940
0.008829,-0.009577,0.219069,173960
0.011073,-0.001646,0.217872,173980
0.011073,0.013767,0.235829,174000
0.022446,-0.007332,0.215478,174020
0.023194,0.013318,0.203507,174040
0.027533,0.000449,0.178368,174060
-0.005836,-0.025738,0.135272,174080
0.027084,-0.008679,0.203507,174100
-0.000299,-0.020201,0.172383,174120
0.019752,-0.017059,0.210690,174140
-0.019154,-0.007931,0.201113,174160
-0.009278,0.012570,0.130484,174180
0.015562,0.027982,0.209493,174200
0.025887,-0.002843,0.184354,174220
0.008978,0.007781,0.220267,174240
0.046238,-0.035614,0.191536,174260
0.000898,-0.001796,0.173580,174280
-0.016460,0.027234,0.168791,174300
-0.001945,0.016610,0.171185,174320
-0.006584,-0.024092,0.193930,174340
0.029778,0.020351,0.213084,174360
0.008080,-0.000299,0.160412,174380
0.024391,-0.024391,0.220267,174400
0.028581,0.034566,0.165200,174420
-0.013018,0.010774,0.253785,174440
0.028282,-0.009128,0.171185,174460
0.014964,0.011372,0.169988,174480
0.016011,-0.018854,0.222661,174500
0.041450,0.002693,0.153379,174520
-0.003891,-0.030077,0.238373,174540
-0.039953,-0.046388,0.158017,174560
0.021697,-0.024989,0.167594,174580
0.035165,-0.018106,0.240767,174600
0.008679,-0.008529,0.182109,174620
0.009577,0.003142,0.192883,174640
-0.031574,-0.016161,0.153229,174660
0.009278,-0.000449,0.180762,174680
0.012719,-0.004489,0.222810,174700
-0.006285,0.001496,0.166397,174720
0.004339,0.008080,0.150984,174740
-0.035464,0.016909,0.202310,174760
-0.006285,-0.037260,0.223858,174780
0.019752,-0.043844,0.219069,174800
-0.002843,-0.033220,0.199916,174820
-0.020201,0.008829,0.160412,174840
0.001347,-0.021697,0.186748,174860
0.013168,0.017208,0.198719,174881
0.014216,-0.016759,0.233435,174901
0.008080,0.007781,0.184354,174921
0.014964,0.016460,0.172383,174941
-0.005088,-0.016610,0.179565,174961
-0.035314,0.000898,0.195127,174981
-0.006285,-0.030526,0.207098,175001
0.016011,-0.002095,0.189142,175021
-0.021548,-0.015712,0.247800,175041
0.014216,0.005986,0.214281,175061
-0.024690,0.010774,0.196325,175081
0.028581,0.015862,0.197522,175101
0.032771,-0.010774,0.219069,175121
-0.002993,-0.030077,0.189142,175141
0.001796,-0.024092,0.183156,175161
0.041599,0.020201,0.197522,175181
-0.001347,0.007931,0.184354,175201
0.023343,-0.013467,0.192733,175221
-0.007482,-0.013168,0.168791,175241
-0.031574,-0.030376,0.216675,175261
-0.002843,-0.015862,0.197522,175281
0.013617,-0.008080,0.245406,175301
0.001646,0.019453,0.112527,175321
0.013318,-0.035015,0.201113,175341
0.001496,0.006584,0.187945,175361
0.006285,0.007482,0.169988,175381
-0.030825,0.008380,0.051475,175401
-0.199168,-0.012719,0.078709,175421
-3.287538,-1.095198,0.390405,175441
-0.432004,0.491709,0.064643,175461
0.540192,0.542885,0.103400,175481
0.184354,-0.565780,0.232537,175501
-0.941669,-0.021697,0.106542,175521
-1.521665,0.274435,-0.021997,175541
-1.232116,-0.106542,0.196773,175561
-1.682974,-0.316184,0.112677,175581
-1.909675,-0.389207,0.200065,175601
-1.127968,-0.310199,0.276680,175621
-1.656039,-0.249296,0.236128,175641
-0.983867,-0.500388,-0.110732,175661
-0.919523,-0.305560,-0.073322,175681
-1.336862,-0.001347,0.385616,175701
-0.930147,-0.138564,-0.120309,175721
-0.707187,-0.275034,0.042946,175741
-0.478840,0.240019,0.501735,175761
-0.678906,0.310947,0.795474,175781
-0.318429,0.137068,-0.303315,175801
0.237026,-0.074520,0.595707,175822
-0.172383,0.076315,0.278476,175842
1.336563,0.260220,0.451307,175862
-0.876128,0.847996,0.460285,175882
-0.216675,0.474351,0.260369,175902
0.702997,0.237475,0.176273,175922
1.168520,-0.219069,0.314538,175942
0.637905,-0.167145,0.211288,175962
1.229872,0.120458,0.652420,175982
0.021997,0.521337,-0.013168,176002
0.093823,0.366762,0.153229,176022
0.525827,-0.004040,0.177021,176042
0.712125,-0.225205,0.562338,176062
0.756717,0.148889,-0.190938,176082
-0.395791,0.600346,-0.157269,176102
0.429610,0.436643,0.241365,176122
0.663493,-0.018705,-0.105943,176142
1.751658,-0.687734,0.597653,176162
2.031929,-0.107889,0.429909,176182
1.929577,-0.080655,0.504279,176202
2.229151,-0.160412,0.317980,176222
1.391181,-0.100257,0.240468,176242
1.435474,-0.555904,-0.309600,176262
0.928052,-0.485724,0.169539,176282
1.356166,-0.113126,0.099509,176302
1.759140,-0.038457,0.100556,176322
1.339406,-0.089633,0.023643,176342
0.606481,0.047435,0.370054,176362
-0.823605,0.396689,0.024690,176382
1.861791,-0.051326,0.086042,176402
1.176451,0.515651,0.514454,176422
2.341380,-0.019303,0.121805,176442
2.450914,-0.186598,0.060005,176462
1.857302,0.041450,-0.309600,176482
-0.501136,0.355090,0.138564,176502
-0.353145,0.037409,0.178817,176522
-0.282665,-0.010026,0.224008,176542
-0.336535,-0.041749,0.158915,176562
-0.284162,0.036212,0.146645,176582
-0.328604,-0.031125,0.182109,176602
-0.312443,-0.002245,0.227150,176622
-0.267402,-0.004639,0.162207,176642
-0.247950,-0.022595,0.177470,176662
-0.254683,0.009726,0.171185,176682
-0.243909,0.020500,0.200814,176702
-0.253037,0.005537,0.184952,176722
-0.218920,0.018405,0.184802,176742
-0.224008,-0.009427,0.172532,176763
-0.240767,0.014814,0.178218,176782
-0.241814,-0.010774,0.173131,176802
-0.183605,0.002693,0.111929,176823
-0.204854,0.005237,0.171634,176843
-0.204405,0.010175,0.214431,176863
-0.209942,-0.007332,0.187945,176883
-0.218770,0.007033,0.187646,176903
-0.225055,0.012719,0.228197,176923
-0.196325,0.034866,0.163404,176943
-0.178667,-0.017657,0.201412,176963
-0.170886,0.018106,0.166547,176983
-0.151583,0.027234,0.162806,177003
-0.178218,-0.019154,0.199766,177023
-0.123601,0.037858,0.218920,177043
-0.140510,-0.019902,0.185251,177063
-0.139462,-0.005986,0.152780,177083
-0.172233,0.019902,0.195726,177103
-0.125995,-0.005537,0.127342,177123
-0.147543,-0.013467,0.171485,177143
-0.159214,0.009278,0.191686,177163
-0.121356,0.007781,0.209642,177183
-0.140659,-0.024840,0.162806,177203
-0.112827,-0.017358,0.180613,177223
-0.122852,-0.006734,0.151882,177243
-0.115221,-0.040701,0.130185,177263
-0.139313,0.000449,0.163554,177283
-0.154576,0.042198,0.166996,177303
-0.120458,0.017807,0.170587,177323
-0.106991,0.002843,0.211139,177343
-0.119560,-0.020800,0.128539,177363
-0.106093,-0.007482,0.160711,177383
-0.105943,-0.041300,0.113874,177403
-0.119860,-0.026037,0.184503,177423
-0.127491,-0.029329,0.150835,177443
-0.081253,-0.019004,0.220267,177463
-0.083947,-0.024241,0.179415,177483
-0.083049,-0.037260,0.193781,177503
-0.089184,-0.015562,0.139762,177523
-0.096367,-0.011372,0.158915,177543
-0.112827,-0.016161,0.235380,177563
-0.090231,0.003741,0.136021,177583
-0.073921,-0.004339,0.184952,177603
-0.109535,0.009876,0.143054,177623
-0.070779,0.029179,0.146645,177643
-0.073622,0.027683,0.223110,177663
-0.060304,0.015562,0.169240,177683
-0.095020,-0.010624,0.200365,177703
-0.086939,0.016011,0.140360,177723
-0.048483,-0.015712,0.171485,177743
-0.026336,-0.020201,0.155922,177763
-0.072425,-0.000599,0.161908,177783
-0.054169,-0.015413,0.160561,177803
-0.082001,-0.004788,0.167744,177823
-0.069432,0.013467,0.219219,177843
-0.080505,-0.011672,0.134075,177864
-0.051625,-0.009876,0.164003,177884
-0.058508,-0.029778,0.152032,177904
-0.029030,-0.004190,0.187795,177924
-0.048034,0.002095,0.168642,177944
-0.036362,0.021997,0.101604,177964
-0.056413,0.017508,0.169839,177984
-0.071227,0.006584,0.172233,178004
-0.042497,-0.008080,0.185251,178024
-0.043844,-0.011522,0.170886,178044
-0.015862,-0.002843,0.162506,178064
-0.057461,0.005986,0.182857,178084
-0.031574,-0.014814,0.131382,178104
-0.055216,-0.017657,0.151583,178124
-0.015113,-0.054917,0.177919,178144
0.004040,-0.016460,0.159963,178164
-0.004190,-0.017358,0.200664,178184
-0.028581,-0.001197,0.170737,178204
-0.044293,0.007781,0.143203,178224
-0.045490,-0.005836,0.162357,178244
-0.032621,-0.023343,0.183905,178264
-0.038756,0.015113,0.151433,178284
0.010175,0.012570,0.238822,178304
-0.026187,0.005237,0.161010,178324
-0.044143,0.005088,0.181361,178344
-0.024241,0.041899,0.138265,178364
-0.018854,-0.033519,0.181361,178384
-0.023044,-0.027234,0.163404,178404
-0.073771,-0.022296,0.193182,178424
-0.024092,-0.023044,0.166846,178444
-0.047884,-0.026486,0.190788,178464
-0.045490,0.012570,0.194379,178484
-0.031574,0.041150,0.178817,178504
-0.027234,-0.016011,0.141707,178524
-0.028730,0.000898,0.196624,178544
-0.024391,0.020650,0.188244,178564
-0.006285,0.021548,0.134375,178584
-0.058658,0.010924,0.212186,178604
-0.023194,0.023493,0.135572,178624
-0.026037,0.027234,0.125995,178644
-0.063746,-0.013467,0.200215,178664
-0.017807,0.019154,0.181062,178684
0.005986,-0.005836,0.154725,178704
-0.018705,-0.002245,0.210989,178724
-0.033220,0.007033,0.155773,178744
-0.034866,-0.003891,0.166547,178764
0.004639,0.036960,0.214431,178784
0.023343,-0.004339,0.155773,178804
-0.056563,-0.010175,0.174926,178824
-0.028282,0.028880,0.156970,178845
-0.007632,-0.000449,0.152181,178865
0.013617,-0.021847,0.158167,178885
-0.012270,-0.016460,0.139013,178905
-0.014216,-0.019752,0.202460,178925
-0.013767,0.024989,0.166547,178945
0.004190,0.025438,0.190489,178965
0.000599,0.020351,0.091129,178985
0.013467,0.000150,0.190489,179005
-0.031424,-0.010774,0.093524,179025
0.016161,-0.004190,0.162955,179045
-0.017957,-0.014066,0.176123,179065
-0.010475,0.006584,0.161758,179085
-0.018256,-0.002993,0.158167,179105
-0.021249,-0.015562,0.154576,179125
-0.010175,0.008230,0.192883,179145
-0.019154,0.014365,0.138864,179165
-0.040851,-0.029928,0.178368,179185
-0.028132,-0.018705,0.201113,179205
-0.029628,-0.008080,0.232238,179225
-0.010325,0.038307,0.177171,179245
-0.008829,0.033070,0.184354,179265
-0.008529,-0.009577,0.156820,179285
-0.022146,0.026336,0.177171,179305
-0.005237,0.037110,0.168791,179325
0.005537,-0.008679,0.124498,179345
-0.072724,0.014216,0.183007,179365
0.005237,-0.017358,0.154276,179385
0.026336,0.027384,0.152032,179405
0.009427,0.020500,0.179565,179425
-0.012719,0.011372,0.235679,179445
-0.000748,0.017657,0.128090,179465
-0.032322,-0.016011,0.200963,179485
0.000150,0.007033,0.169839,179505
-0.004489,0.000299,0.239271,179525
0.003891,0.013467,0.155473,179545
0.030676,-0.018555,0.208146,179565
-0.022296,0.014664,0.239271,179585
0.004040,0.007482,0.177021,179605
0.034566,0.021398,0.209343,179625
-0.013916,-0.000599,0.199766,179645
0.011073,0.015413,0.159065,179665
0.000449,-0.001047,0.179415,179685
0.014664,0.000898,0.132729,179705
-0.024092,0.007931,0.242862,179725
-0.014066,-0.031424,0.188992,179745
-0.021847,0.024690,0.209343,179765
0.002245,-0.026635,0.218920,179785
-0.012869,-0.004489,0.167444,179805
-0.001945,-0.016310,0.179415,179825
-0.014515,0.008679,0.124349,179846
-0.017657,0.005986,0.144700,179866
-0.018256,0.018405,0.175824,179886
0.001047,0.016161,0.199766,179906
-0.004788,-0.022146,0.185401,179926
-0.004639,-0.010624,0.186448,179946
-0.000898,0.023493,0.143353,179966
-0.012270,0.034866,0.179266,179986
0.020949,0.013168,0.158915,180006
-0.008380,0.008080,0.133776,180026
0.008230,0.025887,0.100257,180046
0.007033,0.026037,0.237924,180066
-0.019752,0.017508,0.123002,180086
-0.007632,-0.002095,0.161309,180106
0.002095,0.015113,0.145747,180126
-0.006135,-0.004489,0.163704,180146
0.009278,0.022296,0.196025,180166
-0.001347,-0.013916,0.200814,180186
0.018555,-0.014964,0.203208,180206
-0.021398,0.033818,0.125396,180226
-0.017208,-0.017208,0.145747,180246
-0.009577,-0.011971,0.175675,180266
-0.002245,-0.015113,0.101454,180286
-0.005537,0.020201,0.224756,180306
0.004040,0.063147,0.175675,180326
-0.005237,0.033818,0.143353,180346
-0.014365,-0.013916,0.175675,180366
0.010624,0.020949,0.167295,180386
-0.001047,-0.024241,0.126593,180406
-0.034866,-0.020051,0.229544,180426
0.015263,0.028581,0.176872,180446
0.034866,0.030676,0.179266,180466
0.024840,-0.021697,0.191237,180486
-0.005986,0.021249,0.179266,180506
0.012869,0.016161,0.170886,180526
0.010325,-0.017657,0.126593,180546
-0.003741,-0.033519,0.158915,180566
-0.022146,0.043993,0.172083,180586
0.042796,0.045340,0.219967,180606
0.038457,0.011223,0.163704,180626
-0.009128,-0.008679,0.128988,180646
0.024092,-0.025887,0.136170,180666
0.003741,-0.019154,0.207996,180686
-0.017358,0.030526,0.114622,180706
0.001796,-0.046088,0.192434,180726
0.001945,0.001945,0.168492,180746
-0.022446,-0.012570,0.154127,180766
-0.004190,0.004489,0.157718,180786
0.002993,0.012420,0.173280,180806
0.032172,-0.000898,0.126593,180826
-0.002245,-0.016460,0.190040,180847
0.019004,0.001047,0.169689,180867
-0.025738,-0.004788,0.161309,180887
0.018256,0.036362,0.207996,180907
0.008380,0.017059,0.099060,180927
0.030526,0.032771,0.211588,180947
-0.001646,0.048931,0.179266,180967
-0.013168,-0.025139,0.155324,180987
0.013018,0.014515,0.148141,181007
0.005537,-0.027533,0.168492,181027
0.007931,0.009128,0.205602,181047
-0.008529,0.014664,0.142156,181067
-0.011522,0.002245,0.156521,181087
0.006434,0.002245,0.219967,181107
0.039055,-0.010175,0.149338,181127
0.013617,0.010774,0.217573,181147
-0.025438,-0.012570,0.172083,181167
-0.000150,0.016610,0.163704,181187
0.018705,-0.018106,0.163704,181207
-0.011971,0.023792,0.178069,181227
-0.006883,0.006584,0.217573,181247
-0.001945,-0.020051,0.133776,181267
0.011073,0.007332,0.108637,181287
0.017957,-0.021398,0.133776,181307
0.004788,0.005387,0.205602,181327
-0.002245,-0.000449,0.196025,181347
-0.016310,-0.004040,0.188843,181367
-0.007482,0.035614,0.185251,181387
0.008080,0.049530,0.197222,181407
-0.008380,0.019752,0.170886,181427
-0.026785,-0.030376,0.157718,181447
0.002095,0.000150,0.200814,181467
-0.004938,-0.001496,0.128988,181487
0.001197,0.012121,0.222361,181507
0.009427,0.011073,0.126593,181527
0.037409,-0.034566,0.145747,181547
0.020201,0.017657,0.138564,181567
0.018705,-0.002993,0.163704,181587
0.008080,0.014365,0.182857,181607
-0.015562,-0.017358,0.139762,181627
-0.012719,0.004938,0.155324,181648
0.019303,-0.004489,0.211588,181667
0.028282,0.015862,0.267851,181687
0.002993,-0.017957,0.143353,181707
-0.005237,-0.006135,0.151733,181727
0.005387,0.009876,0.182857,181747
0.025289,0.008380,0.125396,181767
-0.013916,-0.020650,0.245106,181787
-0.015862,0.002394,0.178069,181807
0.011372,0.047285,0.105046,181827
-0.013318,-0.009427,0.150535,181848
0.006883,0.027833,0.184054,181868
0.004489,-0.000748,0.218770,181888
0.030077,-0.010774,0.174477,181908
0.013018,-0.017208,0.121805,181928
0.023343,0.022895,0.186448,181948
0.019453,-0.013767,0.161309,181968
0.000299,0.054917,0.184054,181988
-0.010026,0.034566,0.128988,182008
-0.011971,0.019303,0.152930,182028
-0.030227,0.013617,0.211588,182048
0.000898,-0.031723,0.137367,182068
0.013767,0.019752,0.163704,182088
0.032022,-0.027384,0.164901,182108
-0.024690,0.005686,0.205602,182128
0.000449,0.002544,0.099060,182148
0.027533,-0.002245,0.187646,182168
0.019902,-0.037559,0.196025,182188
0.025289,0.008679,0.174477,182208
-0.025438,0.014365,0.206799,182228
0.001047,0.004190,0.180463,182248
-0.003442,-0.008080,0.179266,182268
-0.005686,-0.009577,0.181660,182288
-0.018106,0.018106,0.157718,182308
-0.009278,0.002693,0.209193,182328
-0.000898,0.009876,0.193631,182348
0.015712,-0.031723,0.125396,182368
0.039804,-0.003741,0.120608,182388
0.007482,0.030376,0.191237,182408
0.028282,-0.003591,0.133776,182428
0.020800,0.031574,0.164901,182448
0.023942,0.020051,0.124199,182468
-0.008080,-0.010175,0.126593,182488
-0.001945,0.013916,0.145747,182508
0.024989,-0.019603,0.139762,182528
0.017657,-0.031574,0.190040,182548
-0.020051,-0.024391,0.162506,182568
-0.005387,0.010175,0.175675,182588
0.033519,0.023493,0.212785,182608
-0.002245,0.008380,0.170886,182628
0.030526,0.012270,0.163704,182648
-0.007632,0.000898,0.142156,182668
-0.015413,-0.005686,0.172083,182688
0.009577,0.023343,0.234332,182708
0.002544,0.021997,0.209193,182728
-0.004639,0.025438,0.162506,182748
0.020201,-0.023343,0.169689,182768
-0.022146,0.013467,0.115820,182788
-0.009876,-0.048632,0.164901,182808
0.036063,0.030975,0.191237,182828
-0.001945,-0.018705,0.127791,182849
0.006434,0.017807,0.161309,182869
0.029628,-0.003292,0.174477,182889
-0.014216,0.023493,0.186448,182909
0.017807,-0.004339,0.097863,182929
0.019902,-0.024690,0.197222,182949
-0.008230,-0.005836,0.196025,182969
0.028132,-0.016011,0.179266,182989
-0.011073,-0.025887,0.152930,183009
0.011372,0.043096,0.166098,183029
-0.026037,0.023194,0.173280,183049
-0.001047,-0.003591,0.160112,183069
0.004938,-0.025887,0.139762,183089
0.011821,0.007033,0.154127,183109
0.005686,-0.022595,0.145747,183129
-0.008380,0.025438,0.193631,183149
0.010774,-0.001796,0.163704,183169
0.034117,0.012869,0.221164,183189
0.008829,0.012270,0.178069,183209
-0.023942,0.000150,0.188843,183229
-0.013916,0.005537,0.229544,183249
0.002843,0.026037,0.138564,183269
-0.003891,0.031424,0.213982,183289
0.003442,0.039355,0.150535,183309
0.022146,0.025438,0.176872,183329
0.024092,0.024989,0.231938,183349
0.006135,-0.006285,0.222361,183369
-0.024241,-0.001496,0.174477,183389
0.005836,-0.002095,0.209193,183409
0.030376,-0.003142,0.134973,183429
-0.010026,0.036212,0.139762,183449
-0.008529,0.017208,0.215179,183469
0.033818,0.026486,0.239121,183489
0.012121,0.007781,0.152930,183509
-0.023044,0.012121,0.210390,183529
-0.033968,0.021697,0.149338,183549
0.016011,-0.015113,0.202011,183569
0.008679,0.005836,0.142156,183589
-0.005387,-0.014066,0.194828,183609
0.007781,0.011372,0.194828,183629
0.027533,-0.013018,0.217573,183649
0.014216,-0.026037,0.197222,183669
0.019603,-0.015113,0.156521,183689
0.037858,-0.008679,0.169689,183709
0.001945,-0.038906,0.209193,183729
0.007781,-0.001047,0.200814,183749
0.029928,-0.033968,0.188843,183769
-0.038457,-0.006734,0.156521,183789
-0.009427,-0.012121,0.121805,183809
-0.007931,0.033968,0.184054,183830
0.000599,0.000000,0.101454,183850
0.029778,-0.049231,0.216376,183870
-0.008080,-0.007033,0.126593,183890
0.009726,0.017059,0.229544,183910
-0.009128,0.017957,0.162506,183930
0.009726,0.035015,0.223559,183950
0.029179,-0.000150,0.097863,183970
0.008679,0.008080,0.193631,183990
-0.001796,0.010026,0.216376,184010
0.066140,0.008529,0.178069,184030
0.015562,-0.021398,0.167295,184050
-0.000898,-0.000898,0.168492,184070
0.019004,-0.037260,0.143502,184090
0.018555,0.007332,0.121955,184110
0.022895,0.001945,0.175824,184130
0.043395,0.006285,0.230891,184150
-0.017208,-0.016460,0.135123,184170
-0.033070,0.017807,0.172233,184190
0.007632,0.024541,0.191386,184210
0.012270,0.005088,0.119560,184230
-0.017208,0.010026,0.192584,184250
-0.010924,-0.010175,0.218770,184270
0.009427,0.018106,0.192434,184290
-0.009427,-0.002993,0.197222,184310
0.019154,0.005237,0.205602,184330
0.002544,-0.001496,0.202011,184350
0.019004,-0.033818,0.200814,184370
0.013018,-0.046687,0.217573,184390
-0.015413,0.005686,0.156521,184410
0.000150,-0.016011,0.155324,184430
0.013018,0.047435,0.160112,184450
-0.002394,0.017208,0.173280,184470
0.022296,-0.007632,0.176872,184490
0.021847,0.035464,0.134973,184510
0.000299,0.012869,0.138564,184530
0.020201,-0.002544,0.196175,184550
-0.014216,0.011223,0.160262,184570
-0.006734,-0.014964,0.192434,184590
0.015712,-0.007931,0.148141,184610
0.001347,0.006135,0.197222,184630
0.006135,0.018405,0.163704,184650
-0.008978,0.000150,0.174477,184670
-0.026336,0.014664,0.196025,184690
-0.027833,0.005088,0.127791,184710
0.004489,-0.028431,0.186448,184730
0.034866,-0.040701,0.176872,184750
-0.023044,-0.015862,0.160112,184770
0.005836,-0.000299,0.121805,184790
-0.026785,0.012420,0.213982,184810
0.034566,0.013018,0.176872,184831
0.001347,0.006434,0.179266,184851
-0.002245,-0.006734,0.151733,184871
-0.019453,0.009726,0.144550,184891
0.006734,0.005686,0.182857,184911
-0.016759,0.021997,0.221164,184931
0.000150,0.003142,0.131382,184951
-0.006734,0.003891,0.216376,184971
0.007632,0.024541,0.155324,184991
0.037858,-0.026486,0.179266,185011
0.020650,-0.009278,0.160112,185031
0.000449,0.045789,0.185251,185051
0.021398,0.009278,0.166098,185071
-0.011821,-0.010325,0.215179,185091
0.027234,0.025588,0.185251,185111
0.006734,0.029628,0.156521,185131
-0.011821,-0.003142,0.168492,185151
-0.017358,0.009128,0.142156,185171
-0.005237,0.001945,0.184054,185191
-0.017807,-0.012270,0.217573,185211
0.001646,-0.006285,0.185251,185231
0.011073,0.024541,0.149338,185251
-0.012420,0.014365,0.181660,185271
0.031125,0.009427,0.191237,185291
0.029329,0.031424,0.186448,185311
0.004190,0.011821,0.163704,185331
0.015862,-0.022895,0.131382,185351
0.008529,0.009876,0.151733,185371
-0.011522,-0.000898,0.127791,185391
0.016759,0.039953,0.179266,185411
-0.010325,0.002245,0.162506,185431
-0.010026,0.037709,0.130185,185451
0.000898,0.015413,0.149338,185471
-0.014216,0.028132,0.186448,185491
-0.042946,-0.002843,0.172083,185511
0.029479,-0.003442,0.186448,185531
0.016011,0.001496,0.196025,185551
0.020500,0.021997,0.213982,185571
-0.006734,0.009577,0.185251,185591
0.019303,0.005686,0.163704,185611
0.008529,-0.012420,0.224756,185631
0.011821,-0.030376,0.185251,185651
0.001197,-0.007632,0.151733,185671
0.013018,0.023493,0.179266,185691
0.018854,0.017807,0.182857,185711
0.002245,0.026785,0.101454,185731
0.009427,-0.004190,0.152930,185751
-0.009427,0.016460,0.187646,185771
0.029329,0.038607,0.185251,185791
-0.001646,-0.011821,0.163704,185811
-0.010774,0.001197,0.149338,185832
0.024541,-0.014066,0.169689,185852
0.015862,-0.003442,0.213982,185872
0.013018,0.044293,0.170886,185892
-0.000150,-0.010026,0.137367,185912
-0.035165,0.038158,0.152930,185932
0.020650,0.002394,0.197222,185952
-0.007781,-0.038607,0.144550,185972
-0.020351,0.015862,0.209193,185992
0.012869,-0.014216,0.178069,186012
0.031274,0.042796,0.113425,186032
0.038906,-0.023942,0.181660,186052
0.019303,-0.020051,0.128988,186072
0.022446,0.046837,0.114622,186092
-0.002544,-0.008529,0.136170,186112
0.003591,-0.018705,0.179266,186132
0.000000,0.025738,0.123002,186152
-0.027982,-0.018705,0.140959,186172
-0.016610,0.019902,0.133776,186192
-0.023044,-0.033818,0.174477,186212
0.021997,0.023792,0.173280,186232
-0.010026,-0.000748,0.170886,186252
-0.016909,-0.005986,0.187646,186272
0.019902,0.002245,0.180463,186292
0.005537,0.002394,0.157718,186312
0.006734,-0.008978,0.155324,186332
-0.003891,0.022745,0.152930,186352
0.044293,0.031873,0.173280,186372
0.032771,0.030376,0.222511,186392
-0.002993,0.012420,0.219967,186412
-0.003891,-0.022595,0.178069,186432
-0.002544,-0.003292,0.142156,186452
-0.019902,0.012270,0.178069,186472
0.009876,-0.000599,0.162506,186492
0.004938,0.011672,0.172083,186512
0.037559,0.026187,0.159065,186532
-0.002843,-0.022595,0.130334,186552
-0.003891,-0.024391,0.187646,186572
-0.003741,0.019154,0.206799,186592
-0.018854,-0.037110,0.121805,186612
-0.029928,0.002993,0.151733,186632
0.003591,-0.000449,0.176872,186652
0.035015,-0.004489,0.167295,186672
0.010924,-0.011073,0.155324,186692
0.031873,0.007931,0.191237,186712
0.024241,0.028730,0.134973,186732
0.015562,-0.012121,0.128988,186752
-0.015113,0.007033,0.139762,186772
-0.004040,0.020800,0.187646,186792
0.012270,0.023942,0.180463,186812
-0.008978,0.042198,0.162506,186832
-0.006285,0.017957,0.170886,186853
0.015113,-0.052074,0.174477,186873
-0.002843,-0.011073,0.150535,186893
0.027833,-0.002394,0.164901,186913
-0.014664,0.000299,0.150535,186933
-0.022446,-0.004788,0.193631,186953
0.006135,0.014964,0.150535,186973
0.010624,0.033668,0.119411,186993
-0.009427,0.009577,0.194828,187013
-0.012570,-0.033968,0.133776,187033
0.012420,0.021249,0.199617,187053
-0.012121,-0.008080,0.184054,187073
0.011522,0.005237,0.155324,187093
0.028880,0.027683,0.175675,187113
0.000299,-0.013767,0.149338,187133
-0.004190,0.007781,0.180463,187153
0.021697,0.023942,0.173280,187173
-0.003142,0.022446,0.221164,187193
0.032022,0.000898,0.207996,187213
0.009128,0.004040,0.182857,187233
0.017208,0.001496,0.174477,187253
-0.005387,0.006883,0.164901,187273
-0.003891,-0.027384,0.202011,187293
0.002095,-0.024541,0.182857,187313
-0.005986,-0.013318,0.151733,187333
0.005986,0.022745,0.178069,187353
0.029329,-0.008230,0.225953,187373
-0.002993,0.009427,0.112228,187393
-0.008679,-0.027084,0.202011,187413
0.004489,-0.015113,0.175675,187433
-0.004938,0.013617,0.181660,187453
0.022296,0.008978,0.176872,187473
-0.020201,0.032322,0.199617,187493
0.022446,0.010924,0.136170,187513
-0.017807,0.006584,0.149338,187533
0.031873,0.025139,0.197222,187553
0.035913,0.001646,0.232088,187573
-0.002394,-0.003591,0.160262,187593
-0.019752,-0.033220,0.196025,187613
-0.014515,-0.040103,0.156521,187633
-0.005986,-0.037709,0.149338,187653
-0.021847,0.013467,0.114622,187673
-0.015263,0.024840,0.180463,187693
0.016759,0.014664,0.124199,187713
-0.008080,0.005237,0.192434,187733
0.013168,-0.021997,0.193631,187754
0.022296,-0.001347,0.145747,187773
0.042946,-0.021847,0.126593,187793
0.009278,-0.003591,0.182857,187813
0.008230,-0.000150,0.128988,187834
0.005836,-0.002993,0.173280,187854
0.007931,0.007781,0.180463,187874
0.002095,0.009876,0.167295,187894
-0.015413,-0.028880,0.198419,187914
0.011971,-0.013767,0.203208,187934
0.011821,-0.007183,0.174477,187954
0.005686,0.029928,0.206799,187974
0.015113,0.053121,0.119411,187994
0.025438,0.009427,0.186448,188014
-0.025289,0.016161,0.173280,188034
0.014066,-0.006584,0.204405,188054
-0.015263,-0.010026,0.186448,188074
0.006285,0.000000,0.188843,188094
0.004938,-0.003142,0.117017,188114
0.006135,0.016909,0.154127,188134
0.017807,-0.006883,0.174477,188154
-0.001047,0.004040,0.172083,188174
-0.038457,0.008529,0.176872,188194
0.038307,-0.006883,0.163704,188214
0.008380,-0.014365,0.170886,188234
0.033968,0.024690,0.154127,188254
-0.021697,0.002693,0.160112,188274
-0.041001,-0.005686,0.205602,188294
0.017358,0.022745,0.170886,188314
0.021548,-0.046388,0.157718,188334
-0.024541,0.020500,0.155324,188354
0.013617,-0.015562,0.158915,188374
0.008829,0.040253,0.172083,188394
-0.026187,-0.052822,0.192434,188414
0.007332,0.008080,0.206799,188434
0.017807,0.004339,0.132579,188454
-0.003591,0.039055,0.126593,188474
0.000150,0.029628,0.139762,188494
0.019004,0.001646,0.224756,188514
-0.024541,0.001496,0.106243,188534
0.012270,0.035913,0.219967,188554
-0.009128,-0.005237,0.150535,188574
0.022895,-0.026037,0.185251,188594
-0.002245,0.034417,0.192434,188614
-0.005686,-0.024690,0.180463,188634
-0.005237,-0.034417,0.190040,188654
0.002993,0.017059,0.168492,188674
-0.002993,-0.023942,0.174477,188694
-0.007632,-0.005686,0.239121,188714
-0.028730,0.001796,0.202011,188734
0.032771,0.029479,0.162506,188754
0.004040,-0.007033,0.197222,188774
0.006285,-0.004489,0.139762,188794
-0.004339,-0.014515,0.202011,188814
-0.006584,-0.020650,0.186448,188835
0.005387,-0.001047,0.193631,188855
0.014515,-0.020800,0.190040,188875
0.042198,0.015562,0.173280,188895
0.021398,-0.030376,0.133776,188915
0.022146,-0.000599,0.161309,188935
0.007781,0.003891,0.198419,188955
0.004190,-0.000299,0.202011,188975
0.010026,-0.023792,0.170886,188995
-0.005387,-0.005387,0.151733,189015
0.018106,0.009726,0.130185,189035
-0.032621,-0.030526,0.155324,189055
-0.020351,0.010924,0.207996,189075
-0.005836,-0.006584,0.182857,189095
-0.005686,0.000748,0.169689,189115
0.017957,0.004190,0.146944,189135
-0.034866,0.022895,0.202011,189155
0.002095,-0.038607,0.168492,189175
-0.000150,0.000898,0.148141,189195
-0.005986,0.020800,0.154127,189215
-0.004639,0.009577,0.131382,189235
0.000299,-0.023493,0.160112,189255
0.011971,-0.034117,0.157718,189275
-0.004639,-0.028431,0.179266,189295
-0.020800,-0.013767,0.146944,189315
0.025438,-0.015413,0.152930,189335
0.015413,0.011223,0.193631,189355
0.023343,-0.017508,0.203208,189375
0.020650,0.040253,0.185251,189395
0.035314,0.005088,0.182857,189415
-0.011971,-0.014964,0.204405,189435
0.014066,-0.028880,0.142156,189455
-0.013018,0.017059,0.239121,189475
0.008380,0.031424,0.190040,189495
0.003591,0.006734,0.150535,189515
-0.010325,-0.042796,0.161309,189535
-0.006434,0.021249,0.194828,189555
-0.019154,-0.024541,0.132579,189575
-0.013916,-0.027833,0.158915,189595
0.023792,0.011821,0.215179,189615
0.005537,-0.019752,0.130185,189635
-0.030526,0.045340,0.207996,189655
-0.008679,0.031723,0.158915,189675
0.000748,-0.021398,0.218770,189695
-0.013168,0.002843,0.205602,189715
0.005836,-0.011073,0.142156,189735
0.000000,-0.007332,0.178069,189755
0.017508,-0.008380,0.133776,189775
-0.035314,0.009128,0.126593,189795
0.057760,0.003442,0.144550,189815
0.020201,-0.009577,0.162506,189836
0.034716,-0.013767,0.172083,189856
-0.024391,0.000599,0.158915,189876
-0.000449,0.001646,0.157718,189896
0.025289,0.023343,0.197222,189916
-0.003142,-0.008230,0.188843,189936
-0.003142,-0.032920,0.181660,189956
0.005088,0.001047,0.172083,189976
0.023643,-0.011522,0.162506,189996
0.006883,-0.013168,0.222361,190016
-0.014216,-0.038457,0.149338,190036
-0.019752,-0.017657,0.146944,190056
0.019303,0.010624,0.174477,190076
0.013018,0.009128,0.179266,190096
0.021997,0.008829,0.183007,190116
-0.014814,-0.022146,0.171036,190136
0.006584,-0.005836,0.137517,190156
-0.017957,-0.013916,0.188843,190176
-0.004489,-0.027683,0.161309,190196
0.016610,0.027084,0.126743,190216
0.005537,0.013467,0.137517,190236
0.010175,-0.012869,0.151733,190256
0.035614,0.018405,0.273986,190276
0.026635,0.012420,0.184204,190296
-0.018256,-0.005537,0.238073,190316
0.000000,-0.021099,0.145897,190336
0.002245,0.005537,0.192584,190356
0.015263,-0.004489,0.139911,190376
-0.015712,-0.019303,0.153079,190396
0.019752,-0.029179,0.163853,190416
-0.002993,0.021997,0.147094,190436
-0.024989,-0.008829,0.109834,190456
-0.004489,-0.005686,0.161309,190476
0.018854,-0.002993,0.231938,190496
0.008080,0.000449,0.178218,190516
-0.015712,0.008380,0.197372,190536
0.001197,0.012121,0.162506,190556
0.010774,0.032172,0.243909,190576
0.015263,0.006734,0.204555,190596
-0.016610,0.010924,0.197372,190616
-0.021697,-0.049979,0.146944,190636
0.022296,0.011223,0.146944,190656
0.010026,-0.000299,0.167295,190676
0.026336,0.016161,0.184204,190696
0.004788,0.008230,0.142305,190716
-0.012869,0.022296,0.160262,190736
-0.010325,0.019752,0.179415,190756
-0.015712,0.033519,0.193781,190776
0.011821,-0.030227,0.240318,190796
-0.011672,-0.055815,0.204405,190817
-0.011372,0.004938,0.125396,190837
0.021697,-0.011073,0.161309,190857
0.015562,0.013916,0.205602,190877
-0.027982,0.015413,0.179266,190897
-0.018854,-0.007332,0.172083,190917
-0.022745,0.037110,0.162506,190937
0.015113,0.003741,0.138564,190957
-0.023643,-0.036212,0.187646,190977
0.014515,0.001646,0.203208,190997
0.015413,-0.005986,0.139762,191017
-0.007033,0.055067,0.225953,191037
0.016610,0.014814,0.180463,191057
-0.015263,-0.020500,0.155324,191077
0.017957,-0.024989,0.197222,191097
0.017657,-0.001945,0.172083,191117
-0.010624,-0.012719,0.169689,191137
0.013168,0.042647,0.164901,191157
0.016610,0.022745,0.180463,191177
0.022296,0.022895,0.161309,191197
0.014814,-0.020201,0.185251,191217
0.007482,0.013617,0.170886,191237
0.021697,-0.006285,0.215179,191257
-0.000898,0.001197,0.215179,191277
0.005088,0.021398,0.130185,191297
0.001646,0.028880,0.216376,191317
0.006135,0.021398,0.191237,191337
0.012121,-0.003142,0.193631,191357
0.022595,-0.009726,0.185251,191377
-0.002394,0.013467,0.204405,191397
0.026037,-0.012869,0.197372,191417
0.005537,-0.014066,0.106243,191437
-0.004938,-0.003741,0.132579,191457
0.029030,-0.009577,0.099210,191477
0.001646,-0.017957,0.160262,191497
0.033369,-0.021249,0.161459,191517
-0.022146,-0.019453,0.199617,191537
-0.022595,-0.057311,0.194828,191557
0.014365,-0.010774,0.225953,191577
0.020051,0.006584,0.170886,191597
0.027683,0.053121,0.188992,191617
0.002544,0.023792,0.147094,191637
0.003591,0.010624,0.220117,191657
0.013168,0.005387,0.136320,191677
-0.018555,0.004489,0.197222,191697
0.001796,-0.006883,0.194978,191717
0.020500,-0.002843,0.174627,191737
-0.014964,0.010774,0.196025,191757
0.028880,-0.003442,0.131531,191777
0.001347,0.010026,0.228497,191797
-0.003292,-0.044592,0.163853,191818
-0.008829,-0.023493,0.173280,191838
-0.002843,0.015862,0.154127,191858
0.006734,0.005537,0.183007,191878
0.025438,-0.018405,0.185401,191898
-0.016909,-0.004489,0.196025,191918
0.014066,-0.012270,0.155473,191938
0.012570,-0.037709,0.181810,191958
-0.035464,0.038307,0.168492,191978
0.034417,-0.027982,0.187646,191998
-0.008529,0.005686,0.200814,192018
-0.005686,-0.026635,0.120608,192038
0.019154,-0.025438,0.199617,192058
-0.007033,0.038158,0.121805,192078
-0.018405,0.030077,0.173280,192098
-0.002693,-0.021398,0.191237,192118
-0.008380,-0.030676,0.175675,192138
-0.019752,-0.007033,0.199617,192158
-0.023792,0.003891,0.181660,192178
0.027234,-0.028730,0.178069,192198
0.006734,0.027533,0.160112,192218
0.027683,-0.007781,0.157718,192238
-0.027833,0.009128,0.184054,192258
-0.016460,0.033070,0.167295,192278
-0.001796,0.005387,0.121805,192298
0.011372,-0.019004,0.164901,192318
0.002993,-0.006584,0.113425,192338
-0.003891,-0.004639,0.231938,192358
0.002095,-0.028730,0.172083,192378
-0.016460,0.008230,0.176872,192398
-0.007632,0.000000,0.204405,192418
-0.020201,0.003142,0.196025,192438
0.011821,-0.009278,0.180463,192458
0.007183,-0.025588,0.200814,192478
-0.001197,-0.015712,0.160112,192498
0.013018,-0.003142,0.188843,192518
0.012719,0.004339,0.167295,192538
0.003142,0.014664,0.162506,192558
0.008978,-0.034866,0.176872,192578
0.018256,-0.006285,0.173280,192598
-0.000898,0.003292,0.193631,192618
0.006285,0.006883,0.190040,192638
-0.020800,0.000150,0.168492,192658
-0.007332,-0.001347,0.206799,192678
-0.001047,-0.031873,0.175675,192698
0.014365,-0.012420,0.169689,192718
0.027982,0.023044,0.163704,192738
-0.021548,0.020500,0.194828,192758
0.026785,-0.020351,0.099060,192778
-0.027384,-0.005537,0.179266,192798
-0.028880,-0.008080,0.192434,192819
0.014066,0.014964,0.191237,192839
0.017208,-0.009427,0.148141,192859
-0.006434,0.020800,0.137367,192879
-0.017957,-0.036212,0.189890,192899
0.025738,0.000000,0.156521,192919
-0.009726,0.000150,0.186299,192939
-0.014066,0.016011,0.131232,192959
-0.017059,-0.006734,0.189890,192979
0.026785,0.006285,0.192284,192999
0.027384,-0.018405,0.153977,193019
0.001047,-0.014814,0.185102,193039
0.033818,0.001496,0.211588,193059
0.003891,-0.007332,0.194828,193079
0.005088,0.007632,0.173280,193099
0.006135,0.005088,0.213982,193119
0.017807,0.048632,0.185251,193139
0.032771,-0.014964,0.176872,193159
0.005237,0.008380,0.187646,193179
0.015562,0.003591,0.188843,193199
0.014066,0.021249,0.154127,193219
0.010475,-0.012719,0.194828,193239
0.006734,-0.021398,0.166098,193259
0.008978,0.059855,0.133776,193279
0.032322,-0.004040,0.139762,193299
0.024690,-0.030376,0.215179,193319
-0.025887,-0.007183,0.234332,193339
0.021697,-0.018555,0.205602,193359
0.015263,0.023942,0.155324,193379
0.033668,-0.017059,0.182857,193399
0.009577,0.033968,0.210390,193419
-0.020949,-0.001496,0.138564,193439
0.018854,0.065990,-0.531812,193459
0.005986,0.029030,0.276231,193479
-0.011821,0.012121,0.210390,193499
-0.040103,-0.004190,0.276081,193519
0.006734,0.031424,0.180463,193539
0.052523,-0.037559,0.035614,193559
0.036811,0.043694,0.113425,193579
0.018555,-0.007033,0.240468,193599
