-0.136170,-0.048333,-0.470311
-0.001347,-0.091129,-0.551714
0.136918,-0.129736,-0.517297
0.305111,-0.138864,-0.415993
0.449062,-0.132579,-0.389207
0.542436,-0.178069,-0.347159
0.625934,-0.146944,-0.320823
0.604536,-0.144700,-0.371251
0.616058,-0.111630,-0.336834
0.570568,-0.034566,-0.249895
0.569820,0.017508,-0.125845
0.514155,0.091877,0.000449
0.463727,0.152630,0.014216
0.374992,0.137667,0.080655
0.260369,0.170737,0.087388
0.167145,0.124349,0.150236
0.089034,0.130185,0.253935
0.057311,0.069581,0.371999
0.046238,0.006135,0.415843
0.047285,-0.041450,0.418087
-0.001945,-0.048931,0.457442
0.026187,-0.099958,0.495749
0.050877,-0.096217,0.506523
0.112228,-0.105495,0.400281
0.159963,-0.128688,0.315586
0.195277,-0.201113,0.175974
0.233435,-0.209792,0.094870
0.256928,-0.266953,0.085593
0.291793,-0.266205,0.014066
0.268899,-0.337433,-0.007332
0.276530,-0.369156,-0.038457
0.214730,-0.389058,-0.110283
0.200215,-0.357035,-0.061351
0.246154,-0.382025,-0.130933
0.227000,-0.284611,-0.037858
0.251840,-0.225504,-0.006883
0.276381,-0.165050,0.012121
0.292542,-0.069282,-0.001197
0.239719,-0.052972,-0.006135
0.125696,0.044143,-0.011073
0.017957,0.091578,0.096666
-0.084845,0.145448,0.146944
-0.157419,0.174777,0.228197
-0.255282,0.260220,0.264260
-0.247201,0.239719,0.282366
-0.253187,0.253336,0.302867
-0.240019,0.214281,0.264709
-0.244358,0.154426,0.211139
-0.235530,0.124498,0.145448
-0.188543,0.154576,0.144550
-0.184802,0.123451,0.112677
-0.103998,0.151134,0.051924
-0.074669,0.193182,0.034417
-0.025588,0.145747,0.009577
0.017208,0.156521,-0.028431
-0.033220,0.078859,-0.034117
-0.024840,0.061052,-0.091429
-0.018405,0.012420,-0.070779
-0.001945,-0.023493,-0.055067
0.029179,-0.034267,-0.029778
0.009427,-0.054019,0.062549
-0.094272,-0.067487,0.053121
-0.190040,-0.055964,0.064045
-0.257826,0.016310,0.136021
-0.266205,0.106692,0.150535
-0.356437,0.204854,0.175974
-0.381875,0.263063,0.134225
-0.354641,0.288651,0.076914
-0.336086,0.336984,0.067487
-0.309301,0.334889,-0.014964
-0.282516,0.325013,-0.077213
-0.232836,0.281019,-0.138415
-0.121955,0.184354,-0.109984
-0.047734,0.101155,-0.087538
0.002095,0.048483,-0.035314
0.031424,-0.076315,-0.019154
-0.014216,-0.183156,-0.004339
-0.001047,-0.296881,0.138564
0.030077,-0.304812,0.240617
-0.052972,-0.304513,0.357185
-0.066738,-0.256928,0.525078
-0.120309,-0.263213,0.684592
-0.173131,-0.106392,0.817919
-0.149039,-0.037409,0.851887
-0.114922,0.027084,0.882563
-0.015413,0.082301,0.967257
0.012570,0.130933,0.947805
0.026785,0.156521,0.784999
0.065990,0.123601,0.634314
0.073322,0.047734,0.486023
0.084096,-0.026037,0.359430
0.016011,-0.074669,0.263811
0.005387,-0.142605,0.131232
-0.043245,-0.111480,0.117166
-0.067935,-0.138864,0.128239
-0.034566,-0.099509,0.207398
0.015712,-0.068534,0.254384
0.065392,-0.052972,0.349254
0.065392,0.023194,0.392499
0.128688,0.055815,0.347459
0.198719,0.062399,0.255581
0.219967,0.038756,0.198569
0.274735,-0.012270,0.088735
0.292093,-0.083498,0.067487
0.310348,-0.159963,-0.010026
0.329951,-0.147842,-0.115071
0.297629,-0.212036,-0.174627
0.244807,-0.228347,-0.241515
0.164751,-0.224456,-0.175525
0.102801,-0.122703,-0.234033
0.068534,-0.163853,-0.130933
0.002245,-0.114772,-0.013617
-0.096516,-0.084845,0.059556
-0.188394,-0.043694,0.076315
-0.249596,-0.025887,0.200814
-0.311845,0.019902,0.269198
-0.382324,0.024840,0.240617
-0.398036,0.116268,0.249147
-0.358083,0.185102,0.247052
-0.294038,0.166696,0.215179
-0.257227,0.200963,0.134075
-0.210390,0.236577,0.090381
-0.155623,0.189142,-0.018106
-0.062100,0.176423,-0.081104
-0.020051,0.134375,-0.119112
0.046687,0.083348,-0.111480
0.118064,0.038756,-0.156671
0.174926,0.010475,-0.127641
0.212934,-0.046388,-0.169390
0.216675,-0.026187,-0.190788
0.219518,0.002394,-0.181062
0.177620,0.021697,-0.152181
0.134973,0.061202,-0.122104
0.115221,0.135422,-0.056114
0.039654,0.192733,-0.034566
0.073771,0.317232,-0.048632
0.014964,0.405668,-0.054318
0.088735,0.431854,-0.077961
0.036661,0.432602,-0.141258
0.020800,0.364966,-0.125396
0.024092,0.326958,-0.156521
0.089184,0.319925,-0.120458
0.117017,0.262315,-0.125247
0.116119,0.244807,-0.072724
0.142754,0.143652,0.020500
0.138116,0.096816,0.076465
0.092775,0.032920,0.084545
0.152331,0.057012,0.160860
0.107589,-0.003442,0.122254
0.066589,-0.044592,0.113575
-0.009876,-0.063147,-0.020800
-0.056264,0.001945,-0.095319
-0.120159,0.017208,-0.132579
-0.210839,0.075567,-0.177171
-0.185700,0.113276,-0.172532
-0.243909,0.175675,-0.237625
-0.260220,0.193033,-0.281019
-0.333243,0.201861,-0.338780
-0.354192,0.143353,-0.340426
-0.325462,0.118513,-0.227300
-0.286556,0.080206,-0.065242
-0.216526,0.026187,0.060903
-0.155025,-0.003442,0.251541
-0.096965,-0.027234,0.415993
-0.036811,-0.094421,0.508469
0.037260,-0.065841,0.588076
0.099958,-0.121206,0.775422
0.177769,-0.072874,0.857573
0.178667,-0.058359,0.820164
0.180313,-0.049680,0.735020
0.162656,-0.002993,0.641646
0.143502,-0.016011,0.513556
0.095618,-0.026037,0.393996
0.015562,-0.037110,0.288801
-0.061501,-0.059705,0.214730
-0.094421,-0.060005,0.107141
-0.078709,-0.038607,0.103699
-0.079906,0.001496,0.073771
-0.044442,-0.032322,0.098910
-0.053421,-0.047884,0.117914
-0.020650,-0.023343,0.122553
0.002245,-0.064195,0.165350
0.053421,0.023493,0.258574
0.055366,0.003442,0.272939
0.100108,-0.064494,0.244059
0.105345,-0.046986,0.197222
0.122404,-0.064045,0.186448
0.182259,-0.102352,0.180313
0.180613,-0.134823,0.142006
0.176872,-0.188394,0.158616
0.256329,-0.178368,0.188394
0.238822,-0.195127,0.155922
0.249296,-0.186748,0.233734
0.232537,-0.224307,0.250344
0.164452,-0.220267,0.212934
0.089633,-0.228197,0.235530
-0.002993,-0.185401,0.163554
-0.134524,-0.112228,0.177620
-0.196325,-0.095020,0.127192
-0.285209,0.026486,0.101754
-0.296282,0.089932,0.214281
-0.338181,0.173729,0.271592
-0.350302,0.203358,0.308702
-0.325462,0.234482,0.264410
-0.303016,0.235081,0.301520
-0.210540,0.189441,0.263213
-0.121955,0.145597,0.268151
-0.031424,0.067935,0.172532
0.043245,0.013168,0.140360
0.193930,-0.008679,0.067487
0.284311,-0.081852,0.054468
0.332644,-0.164003,0.005537
0.314239,-0.192883,-0.087688
0.345064,-0.218172,-0.155922
0.280720,-0.246453,-0.161908
0.258424,-0.209343,-0.233734
0.197222,-0.123750,-0.128389
0.156222,-0.039654,-0.132130
0.092476,0.034866,-0.122553
-0.019004,0.118363,-0.068833
-0.092177,0.193332,-0.026935
-0.092626,0.183456,-0.038906
-0.059855,0.216975,-0.046238
-0.060603,0.213383,-0.086939
-0.024391,0.247052,-0.071527
0.007183,0.164452,-0.028581
0.098761,0.132130,-0.046687
0.159663,0.074071,0.021398
0.197073,-0.008829,0.104896
0.238672,-0.071976,0.188394
0.197222,-0.125546,0.345962
0.201861,-0.143353,0.358831
0.181810,-0.186000,0.412401
0.112079,-0.157119,0.408660
0.095020,-0.100407,0.469712
0.018405,-0.035464,0.389507
-0.050877,0.044293,0.297480
-0.180762,0.008380,0.278476
-0.240168,0.066289,0.136170
-0.274585,0.141258,0.062249
-0.299724,0.166397,0.099659
-0.273986,0.255581,-0.030526
-0.243909,0.280421,-0.047136
-0.221164,0.284611,-0.104447
-0.187047,0.238522,-0.105495
-0.134225,0.219069,-0.018106
-0.023343,0.120009,-0.082899
0.088137,0.057311,0.062997
0.172981,0.030676,0.119112
0.207398,-0.085742,0.154725
0.222810,-0.095768,0.161758
0.270395,-0.086939,0.303914
0.280870,-0.114622,0.179266
0.231938,-0.118064,0.158765
0.173430,-0.039953,0.219818
0.083199,0.007931,0.164751
-0.082600,0.098462,0.090680
-0.132130,0.120608,0.161309
-0.221763,0.204405,0.142156
-0.295085,0.274585,0.111031
-0.359878,0.293290,0.119411
-0.328006,0.292990,0.163554
-0.300023,0.232387,0.244807
-0.232986,0.188394,0.214730
-0.185401,0.134225,0.238522
-0.123750,0.059705,0.270545
-0.076315,-0.032322,0.309899
0.014964,-0.066888,0.323965
0.058359,-0.134973,0.356138
0.138714,-0.185401,0.497096
0.160262,-0.157868,0.465971
0.170886,-0.124349,0.425270
0.186299,-0.073771,0.407314
0.186897,-0.098761,0.367959
0.141108,-0.024541,0.292691
0.147543,-0.012570,0.252289
0.084695,0.030376,0.226102
0.093524,-0.010924,0.180912
0.070180,0.046537,0.110433
0.071078,0.080056,0.047285
0.083049,0.014964,0.051026
0.082001,-0.034566,0.023643
0.103998,-0.020500,0.107440
0.121356,-0.070479,-0.006135
0.150685,-0.117017,0.033369
0.153678,-0.114473,0.128090
0.119560,-0.055815,0.062399
0.108936,-0.080206,0.103100
0.084695,-0.031873,0.031574
0.072125,-0.050278,0.007632
0.022446,-0.036661,0.012570
0.007482,-0.073771,-0.074819
0.006285,-0.095918,-0.010325
0.003741,-0.037110,-0.041450
0.013318,-0.066589,-0.046238
0.038158,-0.024690,-0.045041
0.036811,-0.019752,-0.021099
0.050877,0.014964,0.001646
0.037409,0.066589,0.025588
0.018705,0.032771,-0.011372
0.039654,0.061800,0.000748
-0.027234,0.038008,0.002095
-0.066140,0.025438,-0.016909
-0.096217,0.008829,-0.142305
-0.169839,-0.017208,-0.184054
-0.181062,-0.015263,-0.210091
-0.193182,-0.002095,-0.214880
-0.186448,0.079158,-0.171634
-0.165649,0.056413,-0.130783
-0.220267,0.075268,-0.163255
-0.173131,0.097115,-0.174178
-0.189591,0.021249,-0.068983
-0.159663,0.019752,0.047884
-0.109834,-0.031274,0.224606
-0.096516,-0.083647,0.330699
-0.032471,-0.111031,0.406865
0.067487,-0.174178,0.486472
0.054618,-0.209792,0.457293
0.114024,-0.254384,0.456993
0.122703,-0.201412,0.451756
0.108487,-0.166247,0.370203
0.076465,-0.127791,0.349553
0.013617,-0.113874,0.257227
-0.079458,-0.080804,0.162656
-0.155025,-0.042497,0.167295
-0.176123,0.015712,0.186299
-0.203657,0.013318,0.341772
-0.251840,-0.017059,0.334590
-0.316184,-0.027533,0.361973
-0.309600,-0.089783,0.394145
-0.289549,-0.099060,0.474202
-0.180014,-0.141856,0.536301
-0.124648,-0.137966,0.566229
-0.041300,-0.130783,0.610521
0.037559,-0.110433,0.581791
0.118064,-0.079906,0.571167
0.181211,-0.097414,0.571316
0.215029,-0.140360,0.411054
0.216376,-0.143502,0.292691
0.197073,-0.130185,0.282217
0.163554,-0.158317,0.175824
0.105195,-0.186748,0.185401
0.089932,-0.211737,0.129137
0.019603,-0.206799,0.164901
0.043245,-0.220117,0.231789
0.001796,-0.196923,0.206500
-0.064943,-0.193631,0.238522
-0.031873,-0.171634,0.288352
-0.118363,-0.150087,0.320374
-0.196624,-0.143951,0.372598
-0.250942,-0.123750,0.374693
-0.289848,-0.120009,0.436493
-0.243610,-0.070779,0.424073
-0.222960,-0.096367,0.508768
-0.243311,-0.089932,0.526275
-0.278176,-0.070629,0.590620
-0.295684,-0.024690,0.578349
-0.256628,0.044592,0.605733
-0.238373,0.038756,0.545579
-0.214730,0.066738,0.493954
-0.205602,-0.015562,0.438588
-0.222062,0.022146,0.495749
-0.241216,-0.000449,0.429759
-0.242862,-0.029928,0.514454
-0.214131,-0.066289,0.439935
-0.279822,-0.140659,0.448165
-0.293140,-0.140959,0.364068
-0.344466,-0.127042,0.387711
-0.408660,-0.145597,0.369605
-0.502034,-0.111929,0.375441
-0.630423,-0.107889,0.332046
-0.731429,0.005088,0.380977
-0.836474,0.019453,0.326958
-0.868197,0.077363,0.389058
-0.892738,0.234781,0.370952
-0.825251,0.278924,0.439186
-0.774674,0.268151,0.623540
-0.766593,0.258125,0.488268
-0.772130,0.227898,0.423624
-0.784101,0.136918,0.253636
-0.767940,0.081852,0.197372
-0.751330,0.098312,0.123152
-0.765995,0.112827,0.011821
-0.739359,0.038457,0.019004
-0.670526,0.038906,-0.032471
-0.633266,0.052822,-0.070928
-0.605284,0.006883,-0.085293
-0.595857,-0.012121,-0.195576
-0.581192,-0.054019,-0.199317
-0.569371,-0.107889,-0.217423
-0.631920,-0.074071,-0.306159
-0.730232,-0.135572,-0.380528
-0.854580,-0.096965,-0.433500
-1.048361,-0.093374,-0.522385
-1.187075,0.047435,-0.514454
-1.376816,0.101005,-0.507720
-1.466897,0.233135,-0.380080
-1.538574,0.307206,-0.288501
-1.536030,0.382025,-0.198120
-1.604115,0.423923,-0.032172
-1.648408,0.464026,0.109684
-1.632247,0.502333,0.264709
-1.566556,0.568024,0.415095
-1.356315,0.585682,0.561889
-1.150115,0.510563,0.749684
-1.014244,0.361076,0.721852
-0.890942,0.164601,0.661997
-0.947056,-0.030227,0.520589
-0.925359,-0.212785,0.452354
-0.908300,-0.284162,0.309750
-0.911143,-0.270694,0.211588
-0.959626,-0.210690,0.170737
-0.999878,-0.089334,0.088137
-1.107767,0.013767,0.101305
-1.150863,0.156222,0.159813
-1.109862,0.280122,0.120309
-1.089811,0.336685,0.090531
-1.056442,0.424223,0.153977
-1.033397,0.440383,0.078709
-0.998232,0.478691,0.045490
-0.894983,0.436343,0.060005
-0.734122,0.327856,0.039804
-0.598550,0.202909,0.007781
-0.530615,0.066140,-0.081852
-0.465822,-0.044891,-0.147543
-0.471957,-0.125097,-0.271892
-0.442179,-0.165050,-0.301819
-0.459836,-0.110433,-0.433351
-0.543334,-0.048183,-0.411803
-0.579846,-0.048183,-0.456245
-0.606780,-0.052972,-0.353594
-0.595707,-0.070629,-0.183905
-0.452654,-0.081852,0.041899
-0.257826,-0.129736,0.366014
-0.147842,-0.191686,0.668431
0.092177,-0.253935,0.875380
0.261118,-0.375890,0.992397
0.490362,-0.524629,0.944513
0.654365,-0.617255,0.891840
0.709881,-0.760458,0.774674
0.612317,-0.835876,0.609624
0.442179,-0.849942,0.513856
0.305410,-0.738013,0.389357
0.152630,-0.595558,0.300921
0.004040,-0.404919,0.222062
-0.124199,-0.262764,0.109535
-0.262913,-0.085293,-0.000449
-0.294636,0.062698,-0.033668
-0.380379,0.165798,-0.088585
-0.315436,0.249895,-0.106243
-0.255132,0.270844,-0.122703
-0.106841,0.345214,-0.190489
0.017358,0.309750,-0.263063
0.141258,0.205452,-0.321272
0.235380,0.115820,-0.405817
0.288352,0.001197,-0.537049
0.235530,-0.115520,-0.808492
0.254833,-0.156072,-0.827496
0.317531,-0.136021,-0.789189
0.347459,-0.146944,-0.777218
0.290147,-0.177470,-0.648230
0.281917,-0.183007,-0.467917
0.178069,-0.175675,-0.247052
-0.076914,-0.175226,-0.034566
-0.285509,-0.087837,0.290147
-0.407762,0.022745,0.583886
-0.563834,0.171934,0.771232
-0.693271,0.224905,0.743400
-0.842011,0.350002,0.672471
-0.940023,0.433500,0.453402
-1.000178,0.544232,0.382773
-0.953640,0.625784,0.233435
-0.916830,0.694169,0.020650
-0.972046,0.686238,-0.152331
-1.002123,0.608427,-0.453552
-0.892888,0.511162,-0.603937
-0.727388,0.371999,-0.671873
-0.607080,0.203956,-0.737414
-0.546177,-0.013767,-0.715717
-0.632967,-0.228646,-0.694318
-0.752976,-0.416292,-0.552312
-0.906804,-0.424672,-0.316035
-1.011850,-0.319626,0.024241
-1.007510,-0.254384,0.405069
-0.903213,-0.165948,0.703446
-0.833930,-0.103549,0.865354
-0.721403,-0.066738,1.026215
-0.706589,-0.049231,1.154753
-0.722001,-0.085742,1.175852
-0.641646,-0.118812,1.345392
-0.546626,-0.246004,1.350031
-0.481384,-0.299425,1.342848
-0.443077,-0.418985,1.262792
-0.421230,-0.462979,1.106421
-0.470311,-0.566079,0.990751
-0.554707,-0.676063,0.866701
-0.737713,-0.613215,0.618303
-0.975488,-0.482581,0.402226
-1.139790,-0.270994,0.224307
-1.284340,-0.015113,0.011672
-1.367388,0.196474,-0.206949
-1.414973,0.285209,-0.402824
-1.437568,0.381576,-0.518794
-1.375768,0.410456,-0.501735
-1.293468,0.322918,-0.540042
-1.218649,0.194379,-0.569970
-1.208623,0.064494,-0.546177
-1.228824,0.033818,-0.516399
-1.167323,-0.111779,-0.534506
-1.143680,-0.156521,-0.516848
-0.942268,-0.230592,-0.588974
-0.766444,-0.331298,-0.517447
-0.523133,-0.441431,-0.504578
-0.302717,-0.619200,-0.473753
-0.072724,-0.719308,-0.196474
0.083498,-0.851288,-0.045939
0.105943,-0.910694,0.159514
0.085742,-0.880019,0.257077
-0.009128,-0.783802,0.371550
-0.001347,-0.643591,0.548272
-0.007033,-0.420631,0.499939
0.012719,-0.257676,0.436194
-0.025438,-0.127791,0.287603
-0.087688,-0.028282,0.131831
-0.112827,-0.008829,-0.055067
-0.151134,0.030825,-0.190339
-0.101454,0.023194,-0.377236
0.096965,0.017657,-0.388010
0.233584,-0.055366,-0.435894
0.398784,-0.105644,-0.394145
0.487220,-0.110283,-0.279224
0.574309,-0.090980,-0.156072
0.655862,-0.014964,-0.120159
0.744597,0.063446,-0.195576
0.889296,0.124498,-0.191835
1.049409,0.142455,-0.210839
1.130063,0.165200,-0.281468
1.084424,0.099359,-0.320823
0.990900,-0.005836,-0.380678
0.901118,-0.021249,-0.354492
0.812831,-0.005986,-0.325911
0.751779,0.027533,-0.230292
0.776170,0.068833,-0.115670
0.802507,0.125546,0.018256
0.909946,0.122404,0.082600
0.971148,0.147842,0.065541
1.007360,0.197222,-0.043545
1.070507,0.179116,-0.162207
1.106271,0.255581,-0.358532
1.214459,0.286107,-0.377835
1.221192,0.315286,-0.316932
1.227627,0.426916,-0.163704
1.182586,0.485724,0.088735
1.168520,0.555754,0.216825
1.114202,0.607080,0.315137
1.067964,0.544681,0.325911
1.029656,0.543035,0.460136
0.971597,0.565331,0.442179
1.026514,0.514005,0.515202
0.972196,0.514903,0.321272
0.878971,0.516998,0.201711
0.821062,0.467318,0.007632
0.806247,0.516998,-0.084545
0.853533,0.544980,-0.169539
0.899472,0.524629,-0.298826
0.884807,0.437989,-0.370652
0.863559,0.464176,-0.544531
0.817021,0.499640,-0.544681
0.746692,0.477643,-0.562937
0.694169,0.456095,-0.532111
0.635361,0.418387,-0.440234
0.565181,0.443675,-0.430058
0.477494,0.386514,-0.395791
0.451157,0.364368,-0.261267
0.397288,0.308253,-0.079906
0.529119,0.362273,0.250942
0.680253,0.377835,0.460884
0.850690,0.374992,0.628927
0.977582,0.253037,0.767042
1.161188,0.166696,0.923264
1.321899,0.049081,0.946757
1.478120,-0.076914,0.836325
1.546056,-0.226551,0.688782
1.505354,-0.282815,0.442179
1.390283,-0.270395,0.095020
1.320253,-0.159663,-0.123900
1.300949,-0.010924,-0.186000
1.302296,0.249895,-0.151134
1.212663,0.392350,-0.074220
1.086369,0.580893,-0.192434
0.911143,0.721104,-0.316783
0.730680,0.836774,-0.415993
0.521337,0.945410,-0.512808
0.393547,0.891690,-0.540491
0.293140,0.801309,-0.618452
0.280271,0.678307,-0.477494
0.258274,0.575357,-0.190638
0.388010,0.391452,0.117615
0.498892,0.183156,0.445022
0.727538,-0.098761,0.779612
0.882712,-0.286406,1.194407
1.032499,-0.528670,1.585410
1.093252,-0.661997,1.936760
1.223886,-0.746542,2.246509
1.332672,-0.859369,2.526182
1.409137,-0.964265,2.587982
1.394622,-0.945710,2.512266
1.430685,-0.940921,2.441188
1.455226,-0.873435,2.185906
1.493683,-0.787992,1.821688
1.514333,-0.707636,1.378462
1.517026,-0.598700,0.909048
1.431433,-0.475997,0.491260
1.321899,-0.346710,-0.012719
1.188422,-0.174328,-0.532111
0.985663,-0.045939,-0.830040
0.811485,0.155473,-1.093252
0.734122,0.271892,-1.121833
0.716614,0.423175,-1.004368
0.818967,0.565032,-0.882263
0.870891,0.651821,-0.677409
0.891690,0.663643,-0.360178
0.902165,0.623091,-0.032322
0.919673,0.468964,0.324414
1.040131,0.349553,0.878522
1.174206,0.212635,1.269825
1.380557,-0.016310,1.492486
1.500267,-0.150386,1.588104
1.610699,-0.365864,1.667113
1.612046,-0.506523,1.694646
1.681328,-0.566977,1.640776
1.715595,-0.642993,1.421707
1.745223,-0.693421,1.281646
1.676091,-0.716465,1.096245
1.608904,-0.686687,0.808941
1.455375,-0.681899,0.543185
1.319355,-0.504279,0.320524
1.167024,-0.416591,0.019004
0.958728,-0.313790,-0.220416
0.765696,-0.157718,-0.476596
0.572214,-0.055665,-0.725443
0.458939,0.082001,-0.852336
0.409708,0.185700,-0.890643
0.486173,0.266056,-0.746991
0.519242,0.306458,-0.625934
0.584185,0.372149,-0.491859
0.723348,0.365864,-0.418686
0.769287,0.304961,-0.325312
0.742502,0.326060,-0.352845
0.723199,0.216675,-0.309600
0.799214,0.132729,-0.359878
0.817919,0.051924,-0.315735
0.788590,-0.013916,-0.336236
0.657059,-0.058359,-0.471658
0.499790,0.020500,-0.456245
0.280571,0.062698,-0.486472
0.167594,0.215029,-0.402824
0.000299,0.291943,-0.339528
-0.109684,0.467019,-0.185251
-0.214880,0.596456,-0.053720
-0.350302,0.705990,0.008529
-0.421230,0.863858,-0.023792
-0.547823,0.976984,-0.094421
-0.600047,1.064672,-0.355240
-0.739210,1.184082,-0.569371
-0.781258,1.203835,-0.745195
-0.756268,1.252167,-0.954538
-0.767641,1.266832,-1.134103
-0.670526,1.217601,-1.341052
-0.643142,1.094300,-1.508646
-0.722450,0.938527,-1.798345
-0.713921,0.757316,-1.913416
-0.665738,0.596007,-1.847576
-0.559645,0.417339,-1.579575
-0.487070,0.281019,-1.262343
-0.387861,0.061800,-0.708085
-0.260669,-0.076016,0.015113
-0.129137,-0.232088,0.584036
0.090531,-0.371401,1.106271
0.257227,-0.409708,1.539023
0.454449,-0.524629,1.791013
0.624438,-0.577152,1.974917
0.725892,-0.654964,1.956512
0.767940,-0.734721,1.819743
0.783353,-0.816423,1.635090
0.771831,-0.802357,1.333121
0.761356,-0.728885,1.085022
0.678457,-0.572962,0.695516
0.616357,-0.499191,0.446070
0.558448,-0.402076,0.137667
0.436044,-0.289998,-0.098761
0.325013,-0.226252,-0.305560
0.183605,-0.111480,-0.508768
-0.039055,-0.043844,-0.685490
-0.336535,0.058209,-0.736367
-0.596904,0.231190,-0.686687
-0.711976,0.360926,-0.587477
-0.784400,0.481235,-0.394894
-0.820313,0.534655,-0.173280
-0.760309,0.533159,0.183905
-0.728735,0.445770,0.559046
-0.602740,0.341024,0.858920
-0.491560,0.263512,1.124078
-0.275184,0.161459,1.245583
-0.068684,0.058059,1.299752
0.155473,-0.029179,1.133654
0.291195,-0.196773,0.857124
0.403722,-0.387561,0.437091
0.459687,-0.500089,-0.065691
0.522235,-0.578649,-0.482282
0.537349,-0.614711,-0.746542
0.429011,-0.621744,-1.038186
0.282815,-0.534805,-1.088763
0.112976,-0.343119,-1.054197
-0.164452,-0.139163,-0.870891
-0.487370,0.191835,-0.799963
-0.827047,0.450409,-0.673968
-1.194557,0.733374,-0.613664
-1.482011,0.905008,-0.534356
-1.605911,1.009156,-0.226701
-1.617732,1.115997,0.148740
-1.484405,1.151611,0.359579
-1.332822,1.143980,0.606930
-1.103278,1.076493,0.696713
-0.801160,0.917279,0.714071
-0.506224,0.689829,0.642544
-0.232836,0.437391,0.490512
0.094421,0.187197,0.333542
0.229993,-0.146645,0.099060
0.292691,-0.364667,-0.116119
0.370652,-0.503082,-0.190788
0.465373,-0.637606,-0.117765
0.544232,-0.673369,0.138714
0.552163,-0.700454,0.298527
0.478990,-0.669479,0.483928
0.358532,-0.531662,0.614412
0.269946,-0.375291,0.812083
0.179864,-0.167145,0.899472
0.038307,-0.026336,1.034744
-0.042198,0.081253,0.931494
-0.045639,0.155174,0.742951
-0.102202,0.216675,0.552911
-0.081253,0.269348,0.375590
-0.047585,0.288352,0.145298
0.028880,0.274735,0.007033
0.083947,0.222960,-0.147094
0.152930,0.074370,-0.330250
0.234033,0.075268,-0.400879
0.309151,0.015113,-0.301520
0.342520,0.009128,-0.203358
0.403722,0.064344,-0.147094
0.470910,0.013617,0.026635
0.585382,-0.056264,0.166696
0.612766,-0.117765,0.200365
0.711527,-0.192883,0.304513
0.832434,-0.351499,0.383671
0.916979,-0.515053,0.362123
1.108366,-0.660201,0.375141
1.260547,-0.712275,0.452953
1.333720,-0.787543,0.421679
1.411083,-0.825850,0.443227
1.422455,-0.874183,0.366462
1.487248,-0.805948,0.257526
1.535132,-0.717363,0.299275
1.558176,-0.638803,0.436942
1.571494,-0.574309,0.481235
1.581370,-0.527323,0.640449
1.504307,-0.449960,0.660800
1.405546,-0.405219,0.798766
1.237353,-0.296881,0.895880
1.033547,-0.162506,0.998083
0.882862,-0.018854,1.215057
0.818967,0.065242,1.402254
0.774973,0.197971,1.552041
0.627730,0.321721,1.404948
0.490512,0.460734,1.282694
0.417040,0.535553,1.049109
0.396240,0.543484,0.828543
0.424372,0.567575,0.600645
0.518195,0.530016,0.357035
0.613664,0.523582,0.026037
0.687585,0.446070,-0.221015
0.786046,0.333692,-0.403423
0.861613,0.270395,-0.640898
0.935684,0.131083,-0.854131
1.050755,0.043694,-1.040879
1.095647,-0.076166,-1.059883
1.135450,-0.092326,-0.816572
1.175104,-0.074669,-0.543035
1.132457,0.055516,-0.233435
1.046416,0.146046,0.017508
0.929998,0.157119,0.327257
0.841861,0.260369,0.619200
0.772280,0.327557,0.811634
0.719757,0.387112,0.987309
0.663194,0.421828,0.978630
0.605284,0.468366,0.899172
0.522086,0.548721,0.790984
0.458490,0.554557,0.694618
0.395343,0.609025,0.580295
0.325013,0.590171,0.383372
0.297779,0.589423,0.234332
0.295684,0.569970,0.102053
0.279373,0.490213,-0.046837
0.317531,0.437989,-0.222062
0.383521,0.362422,-0.467767
0.485275,0.250194,-0.505177
0.531812,0.166397,-0.489764
0.596456,0.074220,-0.525677
0.590620,-0.071826,-0.648829
0.514005,-0.154426,-0.652420
0.543035,-0.252439,-0.399682
0.585981,-0.267402,0.027833
0.663643,-0.288801,0.482731
0.715268,-0.357933,0.748487
0.714071,-0.431106,0.971148
0.668880,-0.505326,1.271471
0.626383,-0.558597,1.577779
0.609773,-0.522235,1.661426
0.501885,-0.517596,1.721132
0.359729,-0.480486,1.695993
0.309899,-0.440084,1.584513
0.263063,-0.351948,1.348684
0.193332,-0.283563,1.042226
0.196474,-0.326360,0.564732
0.117017,-0.319776,0.198569
0.119860,-0.347459,-0.129137
0.181660,-0.397737,-0.298677
0.195576,-0.386364,-0.397737
0.179565,-0.382623,-0.425869
0.113276,-0.273388,-0.413449
0.079906,-0.170288,-0.309899
0.034117,-0.082750,-0.110582
0.066589,0.010774,0.031274
0.090082,0.092775,0.180164
0.133177,0.084246,0.232238
0.185251,0.028282,0.223259
0.236577,0.026785,0.088436
0.298976,-0.023194,-0.067935
0.310348,-0.069731,-0.291195
0.232836,-0.190040,-0.562488
0.128838,-0.249745,-0.801609
0.023343,-0.206799,-0.918476
-0.121655,-0.114922,-1.047613
-0.248698,0.083647,-0.884508
-0.229843,0.228946,-0.648529
-0.285808,0.311246,-0.416142
-0.394445,0.355090,-0.341772
-0.471358,0.340426,-0.391901
-0.570119,0.316932,-0.445621
-0.597802,0.260968,-0.423923
-0.601094,0.293888,-0.293140
-0.519841,0.295085,-0.315735
-0.504578,0.270545,-0.256928
-0.447865,0.274884,-0.298677
-0.386963,0.248548,-0.312743
-0.402974,0.180014,-0.304213
-0.356586,0.129586,-0.364966
-0.316783,0.079458,-0.448614
-0.309899,0.026935,-0.405368
-0.226102,-0.016011,-0.340575
-0.227599,-0.086042,-0.300921
-0.320823,-0.168642,-0.292542
-0.510713,-0.057012,-0.348805
-0.668581,0.064494,-0.137068
-0.785149,0.198419,0.142754
-0.818218,0.380379,0.307655
-0.810587,0.452055,0.435445
-0.807893,0.462679,0.556053
-0.717961,0.461632,0.498443
-0.668282,0.355988,0.425120
-0.613813,0.233734,0.345812
-0.524929,0.166397,0.259472
-0.424672,0.084096,0.288052
-0.360028,-0.054618,0.238672
-0.320224,-0.089034,0.382174
-0.177919,-0.129885,0.413149
-0.130484,-0.121356,0.423774
-0.059705,-0.177620,0.435745
-0.116717,-0.188992,0.415244
-0.291045,-0.218321,0.242862
-0.541987,-0.171335,0.235530
-0.822708,-0.032771,0.321571
-1.003170,0.228946,0.504578
-1.020977,0.397737,0.642095
-1.029806,0.475099,0.909048
-0.981174,0.592565,1.037138
-0.891990,0.595857,1.041927
-0.738312,0.448314,1.028908
-0.587777,0.282217,1.008707
-0.417938,0.095469,0.915483
-0.250044,-0.043245,0.811485
-0.068235,-0.194379,0.683694
0.084396,-0.320075,0.395492
0.217124,-0.369904,0.256928
0.359579,-0.379331,0.181959
0.429610,-0.424971,-0.010475
0.441880,-0.440084,-0.115520
0.505027,-0.432153,-0.056563
0.487669,-0.427066,-0.062399
0.520739,-0.461931,0.061052
0.509067,-0.416142,0.093524
0.451457,-0.437989,0.121206
0.340874,-0.445770,0.142904
0.215628,-0.409708,0.190938
0.083199,-0.346411,0.362123
-0.010475,-0.224756,0.505925
-0.108338,-0.111031,0.504877
-0.199617,-0.037709,0.530316
-0.344615,0.073023,0.445471
-0.401328,0.214730,0.406266
-0.431405,0.289698,0.210390
-0.463128,0.286406,0.150835
-0.467618,0.317082,0.066140
-0.410456,0.299574,0.037709
-0.391901,0.239271,0.020051
-0.423774,0.193332,-0.002544
-0.399832,0.176872,-0.118363
-0.369605,0.132579,-0.148141
-0.297330,0.102951,-0.134823
-0.139911,0.037559,-0.000449
-0.005088,-0.041150,0.121805
0.048782,-0.077063,0.147094
0.172831,-0.136918,0.265756
0.143353,-0.176872,0.197671
0.066738,-0.170288,0.187047
-0.044442,-0.191686,0.074819
-0.126743,-0.109834,0.057012
-0.196773,-0.024690,0.018854
-0.250942,0.050727,-0.009577
-0.238073,0.109535,0.038457
-0.256030,0.157419,0.055516
-0.326060,0.212785,0.062848
-0.333243,0.238223,0.024690
-0.390105,0.221464,0.009278
-0.417489,0.152630,0.066738
-0.435595,0.132130,0.246303
-0.386664,0.171185,0.333692
-0.302567,0.137667,0.534954
-0.280271,0.152331,0.477643
-0.249147,0.127491,0.336685
-0.257975,0.103849,0.224307
-0.269348,0.076764,0.011672
-0.178368,0.055815,-0.158017
-0.174777,0.017957,-0.263063
-0.179266,-0.007482,-0.395642
-0.142605,0.014515,-0.555754
-0.181660,0.011372,-0.495749
-0.152181,0.030526,-0.433351
-0.165350,0.016011,-0.355389
-0.164601,-0.023044,-0.204555
-0.177919,-0.043245,-0.147243
-0.244807,0.007033,-0.093374
-0.301370,0.009278,-0.122254
-0.332495,0.055067,-0.049380
-0.380528,0.043993,0.070330
-0.420931,0.101005,0.084545
-0.465074,0.109984,0.114323
-0.462979,0.143203,0.292542
-0.432902,0.125696,0.384569
-0.370203,0.083199,0.386963
-0.249296,0.073023,0.363021
-0.182109,-0.006584,0.266205
-0.060753,-0.053421,0.153678
0.046388,-0.158616,0.103549
0.088885,-0.217274,0.022296
0.195876,-0.316334,-0.044742
0.225354,-0.317082,-0.103250
0.232686,-0.310498,-0.082899
0.226252,-0.325163,-0.159514
0.191536,-0.287454,-0.169090
0.139163,-0.284910,-0.153528
0.064045,-0.187047,-0.084246
0.027084,-0.127042,-0.058059
-0.028431,-0.076465,0.048333
-0.053870,-0.018555,0.130783
-0.104447,0.022595,0.144999
-0.258574,0.047734,0.107739
-0.374094,0.120907,0.131531
-0.496348,0.175375,0.243909
-0.542287,0.268600,0.368258
-0.576853,0.335338,0.460435
-0.555754,0.422427,0.484227
-0.517447,0.460435,0.449661
-0.497246,0.426318,0.414945
-0.476147,0.430058,0.268899
-0.402376,0.337732,0.144550
-0.366911,0.222062,0.065541
-0.277278,0.154875,-0.050428
-0.161459,0.076315,-0.075567
-0.057311,0.002843,-0.165200
0.029928,-0.030227,-0.117316
0.093374,-0.101305,-0.127042
0.084246,-0.151433,-0.027683
0.069432,-0.140659,0.023643
0.028431,-0.133327,0.051176
-0.026935,-0.076764,0.167145
-0.082450,-0.038307,0.201861
-0.096965,0.040253,0.182558
-0.164751,0.068684,0.265158
-0.189441,0.104597,0.249446
-0.267552,0.120608,0.239869
-0.249895,0.114173,0.259023
-0.218920,0.170437,0.247201
-0.168492,0.110283,0.207697
-0.118513,0.082600,0.190938
-0.093823,0.016610,0.138265
-0.100706,0.024391,-0.005237
-0.095918,0.012121,0.029479
-0.058957,-0.001945,-0.048333
-0.076764,0.015413,-0.083049
-0.125097,0.064045,-0.083049
-0.153678,0.098312,-0.031574
-0.115221,0.147692,0.064045
-0.109086,0.132130,0.092626
-0.090231,0.099659,0.191835
-0.109535,0.080056,0.268300
-0.110732,0.044891,0.272939
-0.105195,0.039804,0.392499
-0.068534,-0.054169,0.383970
-0.040253,-0.082750,0.343119
0.043395,-0.084396,0.357335
0.090830,-0.128539,0.269946
0.133177,-0.189142,0.168193
0.157868,-0.217723,0.011372
0.121356,-0.209792,-0.029329
0.128988,-0.213683,-0.012570
0.145298,-0.203806,0.062698
0.127342,-0.149787,0.184802
0.108338,-0.144849,0.127192
0.051775,-0.082151,0.233734
0.004190,-0.056413,0.247950
-0.057012,-0.033220,0.284910
-0.077363,0.017508,0.295684
-0.156820,0.037260,0.296731
-0.191386,0.063446,0.357784
-0.182857,0.101754,0.358831
-0.158915,0.122703,0.419883
-0.133028,0.081552,0.386364
-0.170737,0.046837,0.331298
-0.125845,0.045789,0.270246
-0.093823,0.000898,0.324115
-0.116568,0.052074,0.306159
-0.102053,0.016310,0.297779
-0.059256,0.003891,0.242712
-0.048931,-0.020650,0.258424
-0.015263,-0.019303,0.224905
-0.007482,-0.036960,0.260968
0.029479,0.018555,0.235829
0.055815,-0.029179,0.220416
0.021847,-0.005237,0.268450
0.022895,0.004639,0.227898
-0.018405,0.002993,0.121356
-0.064494,-0.017358,0.053271
-0.102053,0.060903,0.005537
-0.153379,0.091129,0.020051
-0.214730,0.131980,-0.013318
-0.223259,0.137068,-0.030077
-0.265756,0.201263,-0.019154
-0.307356,0.181211,-0.010774
-0.308852,0.172682,-0.027384
-0.289249,0.210989,0.022745
-0.296432,0.202310,0.055216
-0.257676,0.203806,0.075567
-0.227000,0.188244,0.106692
-0.197522,0.120159,0.198868
-0.147842,0.068983,0.210690
-0.079607,0.009726,0.232238
-0.042946,-0.030975,0.190339
0.002544,-0.077063,0.158017
0.004639,-0.147243,0.104148
0.070928,-0.120458,0.146046
0.086191,-0.151583,0.131681
0.080655,-0.148141,0.087538
0.095768,-0.092326,0.033668
0.068534,-0.093224,-0.011672
0.040851,-0.083049,-0.112228
0.047285,-0.054917,-0.089334
0.007931,-0.028581,-0.127641
-0.047884,-0.034117,-0.073771
-0.076016,0.025438,-0.126294
-0.089184,0.094721,-0.120309
-0.082750,0.065990,0.048333
-0.087538,0.065841,0.097414
-0.083498,0.070479,0.106841
-0.110582,0.098312,0.118812
-0.079308,0.093972,0.128239
-0.093673,0.075118,0.105345
-0.072425,0.045041,0.169988
-0.038607,0.079009,0.244059
-0.027234,0.016011,0.251242
-0.021847,-0.001047,0.252439
-0.066738,0.035314,0.206949
-0.104297,0.006434,0.134973
-0.121805,0.053570,0.106243
-0.210989,0.076914,0.097863
-0.184802,0.136021,0.102801
-0.212934,0.182408,0.092027
-0.263811,0.219518,0.029778
-0.278924,0.228048,0.003292
-0.289549,0.236876,0.017657
-0.296432,0.230891,-0.013467
-0.296282,0.172083,0.057012
-0.293739,0.148740,0.123900
-0.224756,0.117615,0.195576
-0.205153,0.102202,0.323517
-0.165948,0.039654,0.310348
-0.126144,0.071078,0.348506
-0.082151,-0.023044,0.286257
-0.081403,-0.005836,0.289698
0.012121,-0.016610,0.253785
-0.029179,-0.056413,0.213084
-0.104297,-0.053421,0.207098
-0.103400,-0.025738,0.161459
-0.131681,0.028132,0.220117
-0.130484,0.021548,0.184204
-0.133626,0.051026,0.322918
-0.106542,0.061501,0.406715
-0.103849,0.064344,0.459387
-0.109834,0.064195,0.342221
-0.078410,0.060304,0.294337
-0.039355,0.071676,0.205901
-0.030825,0.037559,0.095918
-0.020650,0.011821,-0.024840
-0.055964,-0.060154,-0.164751
-0.075717,-0.036512,-0.246154
-0.096816,-0.027234,-0.249596
-0.067487,0.041749,-0.240019
-0.020500,0.000898,-0.068833
0.034716,0.054618,-0.046088
0.031424,0.036960,-0.012719
0.062997,-0.006434,0.045939
0.067187,-0.016161,0.118812
0.090980,0.007632,0.154725
0.099509,-0.072724,0.288651
0.191686,-0.073472,0.291045
0.202609,-0.122104,0.264559
0.220715,-0.143652,0.250194
0.218471,-0.229843,0.181810
0.274585,-0.222062,0.127940
0.264110,-0.200365,0.082450
0.228646,-0.214880,0.058508
0.193481,-0.186448,0.019004
0.184653,-0.107589,0.058508
0.123152,-0.073322,0.053720
0.114323,-0.024391,0.014066
0.076914,0.031574,0.027234
0.068085,0.024840,0.032022
-0.030825,0.080804,0.142006
-0.029179,0.076764,0.147992
-0.065841,0.083498,0.161010
-0.069133,0.081852,0.283114
-0.074669,0.087239,0.223110
-0.093374,0.092476,0.253037
-0.089184,0.091429,0.226551
-0.155025,0.106542,0.242114
-0.128838,0.137816,0.179864
-0.164302,0.189890,0.131980
-0.203208,0.190040,0.068534
-0.189292,0.188992,0.096067
-0.209044,0.207547,0.154725
-0.208595,0.171335,0.072125
-0.206051,0.152630,0.210989
-0.183456,0.223110,0.137966
-0.156072,0.137367,0.153528
-0.083498,0.082151,0.149937
-0.073472,0.095020,0.142754
-0.088286,0.075268,0.147543
-0.126893,-0.008080,0.103100
-0.134225,0.041599,0.013318
-0.117466,0.019154,-0.015413
-0.137218,0.007482,0.052672
-0.064943,0.009726,0.106542
-0.033220,-0.024989,0.153229
-0.020351,-0.021398,0.155473
0.003142,-0.033968,0.208146
-0.031574,-0.040253,0.277578
-0.057910,-0.032172,0.258274
-0.050877,0.008829,0.149338
-0.109535,0.041150,0.139762
-0.089184,0.055216,0.112228
-0.162955,0.068983,0.103998
-0.193332,0.146495,0.052523
-0.196175,0.161459,-0.020500
-0.188094,0.145448,-0.107889
-0.229843,0.141108,-0.067337
-0.175974,0.120009,-0.111630
-0.151583,0.064344,-0.066140
-0.196025,0.096217,-0.091429
-0.131083,0.065841,-0.010175
-0.087538,0.055665,0.164601
-0.043993,0.000748,0.312892
-0.016460,-0.032920,0.355988
-0.017957,-0.013617,0.373944
0.067935,-0.000898,0.383671
0.100257,0.009128,0.468815
0.120608,-0.037709,0.270246
0.174627,-0.072574,0.147094
0.154875,-0.072125,-0.058658
0.133477,-0.056563,-0.222361
0.098611,-0.054618,-0.289399
0.075417,-0.057162,-0.368258
0.096367,-0.021697,-0.431704
0.095768,-0.032920,-0.464176
0.085892,-0.033369,-0.364966
0.075118,-0.077812,-0.258574
0.072874,-0.087987,-0.042198
0.058658,-0.130035,0.143054
0.050129,-0.078709,0.311545
0.060753,-0.062399,0.392649
0.072425,-0.037260,0.457143
0.070928,-0.074968,0.521637
0.089932,-0.096516,0.545429
0.048183,-0.095469,0.523732
0.021847,-0.101903,0.520140
0.012869,-0.031723,0.495001
-0.041150,0.021697,0.424372
-0.025438,0.033220,0.461482
-0.019603,0.072275,0.349105
-0.026935,0.064344,0.245106
-0.036811,0.026785,0.083498
-0.089633,0.010624,0.042946
-0.082750,0.060603,-0.012121
-0.059406,0.081253,0.025139
-0.083049,0.079458,-0.004788
-0.094571,0.105943,-0.020351
-0.125995,0.121955,0.043096
-0.146645,0.171335,0.079009
-0.158765,0.162207,0.165200
-0.175675,0.181211,0.220267
-0.173580,0.165798,0.311097
-0.151134,0.183306,0.296731
-0.111779,0.159065,0.317082
-0.152032,0.148740,0.314538
-0.198719,0.102651,0.345663
-0.193930,0.067636,0.382773
-0.123601,0.024541,0.298976
-0.099060,0.050727,0.297779
-0.067487,0.020800,0.252439
-0.018256,0.025139,0.250044
-0.009577,0.070629,0.179565
-0.072425,0.024989,0.201263
-0.081253,-0.005836,0.149787
-0.088885,-0.008529,0.072125
-0.077512,0.029329,0.080505
-0.037559,0.037559,0.073472
-0.054019,0.069432,0.140510
-0.073472,0.100257,0.164452
-0.082450,0.102053,0.177620
-0.108188,0.094272,0.168043
-0.131232,0.053421,0.150087
-0.063895,0.053121,0.148889
-0.087239,0.005237,0.156072
-0.044742,0.035614,0.150087
-0.041899,0.019603,0.199168
-0.045191,0.030825,0.254234
-0.063147,-0.041599,0.208744
-0.088286,-0.017657,0.158466
-0.090680,0.007332,0.157269
-0.070180,-0.015413,0.182408
-0.066140,0.033369,0.178967
-0.060903,0.005836,0.220865
-0.022745,-0.019004,0.213683
-0.026037,-0.042347,0.163554
-0.035015,-0.054917,0.070180
0.023044,-0.059705,0.210241
0.094122,-0.085742,0.193631
0.147992,-0.110881,0.072724
0.197671,-0.122254,0.061950
0.218471,-0.157119,0.065691
0.254234,-0.202909,0.023792
0.272789,-0.238373,0.017807
0.278027,-0.229544,-0.006135
0.325163,-0.210390,-0.091129
0.338630,-0.249596,-0.124648
0.300323,-0.241066,-0.082750
0.282665,-0.217723,0.015263
0.203507,-0.183456,0.028431
0.125097,-0.138564,0.002095
0.034566,-0.053720,0.002095
-0.037260,0.020051,-0.003891
-0.046238,0.048034,0.009278
-0.126444,0.079009,0.027234
-0.107141,0.155773,0.072724
-0.168941,0.161609,-0.006285
-0.183905,0.131980,0.043993
-0.194080,0.179864,0.065541
-0.154725,0.137068,0.058359
-0.111330,0.085144,0.114622
-0.066589,0.076315,0.040402
-0.007931,0.054468,-0.048183
0.004040,0.021997,-0.049380
0.040851,-0.003142,-0.148740
0.039504,-0.043694,-0.178667
0.065092,-0.042347,-0.133177
0.075268,-0.039804,-0.074520
0.000150,-0.015712,-0.057760
-0.023194,0.016909,-0.032771
-0.049829,0.080505,-0.023194
-0.109684,0.140210,-0.036362
-0.146645,0.133028,-0.080655
-0.177470,0.150236,-0.055665
-0.198569,0.142305,-0.060603
-0.214730,0.208445,-0.052224
-0.232088,0.193033,0.039953
-0.180613,0.211139,0.067337
-0.186598,0.172233,0.105644
-0.106991,0.156671,0.147393
-0.065092,0.111630,0.213084
-0.045041,0.108637,0.296881
-0.012420,0.085144,0.244059
0.013767,0.068983,0.184054
0.042347,0.059855,0.154127
0.098013,0.015712,0.175525
0.097564,-0.026037,0.133477
0.157119,-0.043545,0.228048
0.117914,-0.121655,0.187197
0.093374,-0.100556,0.030227
0.053870,-0.056413,0.014664
0.025438,-0.052672,-0.045340
0.001347,-0.034866,-0.056264
-0.006584,0.013018,0.061052
-0.016759,0.098611,0.125546
-0.055366,0.096816,0.215329
-0.097564,0.018854,0.276231
-0.082750,-0.008380,0.284461
-0.058808,-0.036661,0.326210
-0.036512,-0.007183,0.350002
-0.055216,-0.037559,0.402675
-0.002693,-0.022446,0.404919
-0.000898,-0.014515,0.487370
0.030077,-0.068983,0.458490
0.092775,-0.005686,0.495600
0.096666,-0.042946,0.457143
0.096816,-0.077961,0.441431
0.032920,-0.055815,0.379182
0.070928,-0.038756,0.344466
0.112079,-0.070629,0.312144
0.115670,-0.067337,0.269048
0.121955,-0.049081,0.266654
0.096217,-0.069432,0.251092
0.102951,-0.057760,0.188992
0.132429,-0.090680,0.151882
0.146346,-0.085443,0.206949
0.098462,-0.087837,0.123152
0.035464,-0.062249,0.257227
-0.001047,0.022146,0.214131
-0.013916,-0.003292,0.253636
-0.054169,0.048632,0.262015
-0.061202,0.084994,0.276530
-0.122104,0.071227,0.259771
-0.118962,0.085293,0.263362
-0.103699,0.016759,0.245406
-0.139911,0.064344,0.341174
-0.102053,0.062848,0.359130
-0.076465,0.078111,0.357933
-0.023493,0.044891,0.420182
-0.005537,0.034267,0.368857
0.019154,0.025438,0.380828
0.005537,0.033668,0.329502
0.067786,-0.064643,0.270994
0.092775,-0.069133,0.117765
0.123601,-0.065841,0.062848
0.083049,-0.128239,-0.061501
0.122703,-0.042198,-0.039953
0.092476,-0.060154,-0.130783
0.085443,-0.056264,-0.088885
0.093224,-0.033070,-0.091129
0.031274,0.019603,-0.062399
-0.001347,0.047435,-0.068384
-0.039504,0.062997,0.065691
-0.078260,0.087837,0.116119
-0.053870,0.139612,0.136469
-0.066439,0.122254,0.159364
-0.082750,0.107141,0.195277
-0.082750,0.092177,0.261267
-0.084096,0.112827,0.238522
-0.102352,0.116268,0.166846
-0.079009,0.125696,0.073622
-0.023643,0.116418,-0.043545
-0.004190,0.061950,-0.054318
-0.031574,0.039055,-0.102202
0.032322,0.016310,-0.105644
0.032022,0.003741,-0.103250
0.039953,0.020201,-0.046986
0.046687,-0.053870,-0.049380
0.064195,-0.045490,-0.026635
0.048034,0.006584,0.039205
0.015413,-0.016759,0.073921
0.012420,-0.015263,0.072724
0.002843,-0.025738,0.101454
-0.019453,0.021847,0.124199
0.039205,0.046238,0.126593
-0.018106,-0.001047,0.059556
-0.001347,0.039205,0.053570
0.001347,0.000898,0.036811
-0.035015,0.022595,-0.000299
-0.065990,0.071527,-0.050578
-0.125995,0.051176,-0.019453
-0.135422,0.063297,-0.014664
-0.126893,0.094571,0.101305
-0.152930,0.074220,0.186299
-0.112378,0.144999,0.302418
-0.082151,0.101305,0.207847
-0.089932,0.112827,0.274884
-0.051326,0.077662,0.251092
-0.028282,0.034417,0.167295
-0.020800,0.037709,0.096666
0.000748,0.020949,0.071527
-0.003891,0.023044,0.047585
0.013018,-0.014216,0.057162
0.026037,-0.016610,-0.041001
0.006734,-0.004639,-0.051775
-0.050428,0.023942,-0.052972
-0.080954,0.077363,-0.032621
-0.066289,0.066738,0.040402
-0.085593,0.135422,0.099060
-0.131980,0.133477,0.138564
-0.145897,0.131531,0.182857
-0.134075,0.115371,0.200814
-0.119112,0.082899,0.239121
-0.096965,0.103849,0.173430
-0.082151,0.054468,0.241665
-0.032771,0.038756,0.155473
-0.001047,0.008230,0.029628
0.018555,-0.026635,0.000898
0.045639,-0.048483,0.090680
0.106093,-0.077961,0.163554
0.124798,-0.089034,0.227000
0.125696,-0.078859,0.207697
0.104746,-0.125845,0.246004
0.138116,-0.096666,0.279373
0.109834,-0.098312,0.282965
0.185401,-0.113276,0.176423
0.097414,-0.110133,0.078260
0.049231,-0.070180,0.000299
0.033519,-0.074520,-0.004489
0.022296,-0.030975,0.044592
-0.026635,-0.063596,0.125995
-0.022595,0.014515,0.215628
-0.039055,0.050877,0.395193
-0.022595,0.078260,0.461033
-0.029179,0.104746,0.456395
-0.036512,0.139313,0.408511
-0.007033,0.039654,0.376339
-0.024391,0.091279,0.183605
-0.029778,0.037110,-0.010175
-0.025289,0.041150,-0.084246
-0.064494,0.046687,-0.190788
-0.042198,0.082301,-0.281618
-0.057461,0.076465,-0.288801
-0.045490,0.065092,-0.225354
-0.022296,0.052672,-0.206201
-0.008230,0.044143,-0.085293
-0.043844,0.069432,-0.018405
-0.068384,0.061950,0.058209
-0.045191,0.050278,0.156371
-0.059406,0.091728,0.144400
-0.125995,0.046986,0.118064
-0.126893,0.079906,0.030676
-0.092177,0.074819,-0.075866
-0.121955,0.053121,-0.089034
-0.126144,0.066888,-0.019752
-0.025588,0.086939,0.073622
-0.026785,0.041300,0.117765
-0.022146,-0.004040,0.184802
0.030077,-0.075268,0.252888
-0.007482,-0.072724,0.350900
0.042796,-0.129736,0.475399
0.100257,-0.110133,0.518345
0.133776,-0.130484,0.450110
0.100856,-0.134375,0.349404
0.119112,-0.132280,0.272789
0.123152,-0.153977,0.206949
0.082001,-0.116119,0.210390
0.121057,-0.072724,0.164901
0.077961,-0.008679,0.167295
0.039504,0.018854,0.164901
0.029628,-0.015862,0.200664
0.016759,0.032471,0.191087
0.034566,0.008529,0.165948
0.003591,0.049380,0.165948
0.013767,0.053720,0.259322
0.009128,0.067038,0.266654
-0.015413,0.050278,0.249895
-0.061202,0.073771,0.319327
-0.043395,0.061800,0.206949
-0.061501,0.066140,0.229843
-0.027084,0.109535,0.267103
-0.012121,0.060454,0.267253
0.005686,0.064045,0.229095
-0.028132,0.068684,0.177769
-0.057610,0.042647,0.103699
-0.055216,-0.006584,0.121655
0.001047,-0.012420,0.107290
0.062848,0.000898,0.188693
0.042497,-0.046986,0.191087
0.075268,-0.053870,0.113126
0.053720,-0.071227,0.186149
0.084246,-0.079158,0.127342
0.059855,-0.030975,0.160860
0.076166,-0.016460,0.125995
0.040103,0.012719,0.133177
0.037858,0.002544,0.002693
0.050428,-0.009876,0.049380
0.056264,0.009278,0.052972
0.065392,-0.012270,0.039804
0.070928,0.003292,0.055366
0.118064,-0.015712,0.115221
0.098312,-0.011971,0.122404
0.091877,0.001197,0.116418
0.102053,-0.010624,0.205004
0.134674,-0.015263,0.190638
0.160112,-0.081702,0.115221
0.110732,-0.074669,0.146346
0.106841,-0.095170,0.122404
0.145597,-0.115520,0.104447
0.101903,-0.086790,0.106841
0.091877,-0.134973,0.070928
0.088735,-0.138564,0.064943
0.084545,-0.175675,-0.075118
0.057760,-0.134973,-0.083498
0.039654,-0.113425,-0.118214
0.056713,-0.098013,-0.132579
-0.002245,-0.078560,-0.205602
0.009726,-0.107739,-0.209193
-0.038607,-0.101005,-0.246453
-0.103100,-0.108038,-0.295534
-0.134375,-0.110582,-0.207098
-0.218471,-0.086939,-0.040851
-0.181660,-0.032771,0.136170
-0.166846,-0.024840,0.203058
-0.190638,-0.048931,0.173131
-0.239869,-0.032920,0.121506
-0.220416,-0.015862,0.092626
-0.207098,-0.063746,0.062698
-0.121655,-0.051924,0.030227
-0.024989,-0.078111,0.055216
0.055665,-0.066289,0.061052
0.088585,-0.013767,0.016610
0.119112,0.024092,0.072874
0.093374,0.035165,-0.033818
0.076016,0.154875,-0.164302
-0.014964,0.211139,-0.354791
-0.019453,0.267402,-0.481683
-0.066140,0.415993,-0.468515
-0.071676,0.523283,-0.479439
-0.064344,0.643591,-0.551265
-0.075118,0.771980,-0.473453
-0.096666,0.780809,-0.350152
-0.082750,0.758812,-0.322619
-0.130185,0.724994,-0.411204
-0.220566,0.731279,-0.547674
-0.211887,0.736516,-0.426766
-0.205452,0.792481,-0.293888
-0.156671,0.803404,-0.092775
-0.203058,0.813580,0.024541
-0.140959,0.783503,0.019752
-0.081552,0.661698,0.086790
-0.063746,0.591817,-0.006584
-0.012420,0.518045,0.017208
0.019004,0.423774,0.027833
0.091728,0.343867,0.048034
0.122404,0.240917,0.421380
0.199018,0.184952,0.846201
0.303315,0.165499,1.263989
0.375141,0.130035,1.593042
0.478242,0.134823,1.643320
0.466271,0.065841,1.491288
0.480187,0.000299,1.183633
0.525228,-0.092476,0.992247
0.577452,-0.112677,0.817470
0.608427,-0.079458,0.721702
0.625186,-0.045789,0.509965
0.679355,-0.045490,0.165200
0.616657,-0.008829,-0.153229
0.567875,0.067038,-0.228646
0.614262,0.071976,-0.223858
0.668880,0.098761,-0.076764
0.788740,0.156072,0.003442
0.839617,0.150984,-0.024241
0.923563,0.071227,-0.005387
1.069310,-0.063596,-0.052373
1.217901,-0.162806,-0.057610
1.325789,-0.198868,-0.054318
1.425597,-0.203358,-0.002095
1.499668,-0.230891,0.079009
1.620875,-0.318429,0.180313
1.764078,-0.387861,0.436194
1.852065,-0.411952,0.694468
1.980154,-0.475099,0.941969
2.007239,-0.549469,1.109413
2.008885,-0.610521,1.358261
1.947234,-0.646584,1.693299
1.879299,-0.624138,1.895759
1.743727,-0.605883,1.993921
1.666813,-0.543633,1.958307
1.560870,-0.469114,1.735946
1.543961,-0.410007,1.551742
1.588553,-0.428861,1.370082
1.711405,-0.393098,1.194407
1.822137,-0.467767,1.028459
1.997064,-0.483778,0.882712
2.151340,-0.578050,0.745495
2.207903,-0.644788,0.562787
2.207454,-0.664840,0.369306
2.230199,-0.684442,0.223708
2.305317,-0.745195,0.183456
2.325069,-0.765995,0.150386
2.319981,-0.795922,0.259621
2.305317,-0.816722,0.265906
2.293196,-0.722600,0.450409
2.264167,-0.636259,0.641945
2.277335,-0.612018,0.803404
2.252196,-0.583736,0.783951
2.249652,-0.612916,0.649278
2.243367,-0.632518,0.605583
2.282422,-0.654515,0.492308
2.245911,-0.626982,0.335787
2.255937,-0.650924,0.191237
2.199074,-0.631920,0.004788
2.159420,-0.517447,-0.148141
2.187253,-0.502184,-0.250643
2.127099,-0.447117,-0.208296
2.142960,-0.445920,-0.008978
2.182165,-0.473453,0.409408
2.260725,-0.519093,0.771681
2.259677,-0.559345,0.923264
2.165256,-0.634015,0.884658
2.113631,-0.673070,0.734870
1.990629,-0.607080,0.662895
1.912967,-0.558148,0.531363
1.814057,-0.557101,0.442927
1.648857,-0.494253,0.364068
1.470489,-0.436643,0.412252
1.236306,-0.372598,0.374244
1.083975,-0.337134,0.396240
0.928352,-0.197522,0.448314
0.786046,-0.115969,0.409408
0.688034,-0.086341,0.383671
0.640449,-0.036661,0.454898
0.625036,-0.039804,0.425719
0.490362,-0.061052,0.408660
0.336984,-0.077512,0.193930
0.193481,-0.067487,-0.027833
0.145597,-0.077512,-0.107141
0.179715,-0.121057,-0.147992
0.203657,-0.084994,-0.155324
0.261716,-0.105794,-0.220117
0.380828,-0.106093,-0.221314
0.390704,-0.212785,-0.373196
0.438588,-0.362871,-0.510863
0.543185,-0.520440,-0.508319
0.697760,-0.653467,-0.455497
0.843208,-0.870143,-0.309451
0.876128,-0.925060,-0.183755
0.853084,-1.055095,-0.122703
0.809240,-1.064522,-0.088137
0.758962,-1.027112,-0.107589
0.683395,-0.895431,-0.062399
0.522535,-0.766145,-0.018405
0.229843,-0.590320,-0.006883
-0.032322,-0.307954,-0.130484
-0.331447,0.036811,-0.160711
-0.607379,0.254833,-0.356138
-0.748787,0.434847,-0.504578
-0.846799,0.608427,-0.672172
-0.862810,0.675763,-0.771532
-0.848445,0.686388,-0.921019
-0.752976,0.576703,-1.138742
-0.581043,0.463877,-1.417517
-0.304064,0.298826,-1.679682
-0.104896,0.044442,-1.756446
0.172682,-0.152181,-1.706467
0.466869,-0.351798,-1.424700
0.693421,-0.500538,-1.000627
0.859070,-0.758363,-0.543334
0.973393,-0.944064,-0.196325
0.953341,-1.161188,0.194828
0.921768,-1.315913,0.573860
0.833033,-1.353323,0.806846
0.642843,-1.383400,0.861464
0.336535,-1.357063,0.770035
0.057162,-1.268777,0.604536
-0.222661,-1.056292,0.610072
-0.352247,-0.808642,0.512808
-0.518494,-0.598251,0.310199
-0.685939,-0.371999,0.001197
-0.741604,-0.209792,-0.381875
-0.783951,-0.055815,-0.546028
-0.827047,0.124798,-0.603788
-0.881515,0.256329,-0.550217
-0.985813,0.384269,-0.454749
-1.105672,0.503381,-0.329502
-1.176900,0.612616,-0.121655
-1.221492,0.744896,0.013318
-1.236456,0.931494,0.277727
-1.342249,1.056741,0.438139
-1.507748,1.131410,0.336535
-1.688211,1.324293,0.278027
-1.856703,1.468244,0.152481
-2.021604,1.552939,0.055665
-2.064400,1.564461,-0.020949
-2.043601,1.453729,-0.200664
-1.944241,1.285237,-0.271592
-1.855506,1.042376,-0.335637
-1.642273,0.787992,-0.371101
-1.385495,0.507421,-0.191087
-1.084124,0.246902,0.052373
-0.845153,0.055665,0.463577
-0.616208,-0.085293,0.771831
-0.517896,-0.176872,1.137695
-0.396989,-0.288801,1.429488
-0.348955,-0.364368,1.588553
-0.314239,-0.408511,1.662623
-0.301370,-0.406416,1.642273
-0.323217,-0.451307,1.501015
-0.374094,-0.423026,1.198298
-0.477494,-0.372149,0.809539
-0.642694,-0.270844,0.332195
-0.819565,-0.168193,-0.179715
-0.976834,-0.049231,-0.648679
-1.015441,0.052523,-0.873584
-0.968903,0.093673,-0.880767
-0.982221,0.099509,-0.853533
-1.019631,0.026336,-0.791583
-1.066916,-0.021099,-0.661698
-1.145177,-0.073771,-0.321272
-1.120486,-0.136918,0.228497
-1.050007,-0.150386,0.669329
-0.932691,-0.140360,1.051803
-0.776470,-0.175974,1.285986
-0.666336,-0.279972,1.352724
-0.666336,-0.345812,1.315614
-0.612018,-0.364368,1.164929
-0.559495,-0.343867,0.807594
-0.478840,-0.309750,0.442029
-0.461033,-0.248698,0.011971
-0.583138,-0.225803,-0.396540
-0.654665,-0.112079,-0.712724
-0.703596,0.032920,-0.836325
-0.665438,0.152032,-0.873884
-0.514005,0.222960,-0.765396
-0.435445,0.260968,-0.667833
-0.396091,0.191237,-0.673369
-0.389656,0.118962,-0.542586
-0.408960,0.022745,-0.346112
-0.378433,-0.073322,-0.009726
-0.279373,-0.190489,0.404321
-0.230741,-0.259621,0.764349
-0.229095,-0.259771,0.971298
-0.259472,-0.240917,1.129315
-0.287454,-0.210839,1.246631
-0.303764,-0.108787,1.344943
-0.318728,-0.108188,1.253065
-0.415544,-0.106841,0.934038
-0.547374,0.004190,0.616208
-0.644190,0.150535,0.239869
-0.780659,0.278476,-0.147243
-0.831237,0.412401,-0.390704
-0.877924,0.535403,-0.694019
-0.939126,0.512958,-0.851588
-0.973842,0.583736,-0.875230
-1.012298,0.546776,-0.776918
-1.052401,0.443077,-0.566528
-1.049409,0.405069,-0.447117
-1.004368,0.297330,-0.259472
-0.923563,0.296881,-0.178518
-0.812532,0.243610,-0.028132
-0.664990,0.152481,0.124648
-0.505326,0.073023,0.279822
-0.382773,0.026187,0.376488
-0.355539,-0.040402,0.397587
-0.349553,-0.102352,0.539743
-0.345663,-0.079757,0.652121
-0.339677,-0.071527,0.723647
-0.424672,-0.000449,0.784700
-0.458639,0.096816,0.707038
-0.530914,0.116418,0.597054
-0.501585,0.222960,0.398784
-0.478691,0.299574,0.355090
-0.537947,0.389058,0.230143
-0.695516,0.527473,0.030825
-0.950049,0.681001,-0.173131
-1.223736,0.806247,-0.354492
-1.411232,1.006612,-0.412850
-1.582867,1.234660,-0.367061
-1.709610,1.415871,-0.314239
-1.804031,1.590199,-0.219518
-1.857152,1.664868,-0.133477
-1.847276,1.659631,0.002993
-1.719785,1.446696,0.078111
-1.509843,1.220594,0.291045
-1.198597,0.928501,0.530316
-0.829292,0.615160,0.738462
-0.505775,0.265307,0.840365
-0.244657,-0.051625,0.745943
-0.172083,-0.246154,0.443526
-0.050877,-0.525827,0.160112
0.053870,-0.751929,-0.111181
0.118812,-0.826000,-0.256928
0.058957,-0.893187,-0.405069
-0.068384,-0.770334,-0.390554
-0.172083,-0.628927,-0.326958
-0.427066,-0.478092,-0.181062
-0.734721,-0.238073,-0.025588
-1.085322,0.028730,0.253037
-1.470339,0.360926,0.421380
-1.769764,0.620697,0.562338
-1.987786,0.880617,0.599149
-2.166304,1.063325,0.531812
-2.232144,1.100884,0.370054
-2.236933,0.959027,0.227300
-2.248904,0.794127,0.060753
-2.156278,0.607828,-0.090381
-1.909675,0.388459,-0.043993
-1.672799,0.243460,0.020351
-1.375469,0.120458,0.068085
-1.121384,-0.041001,0.164751
-0.908151,-0.198719,0.209044
-0.830489,-0.370203,0.189740
-0.663643,-0.485275,0.182408
-0.533757,-0.529119,0.152481
-0.569371,-0.583138,0.097264
-0.582988,-0.604087,-0.171036
-0.577003,-0.629376,-0.335338
-0.629675,-0.646584,-0.341623
-0.774075,-0.660500,-0.410306
-1.036240,-0.590769,-0.446968
-1.333421,-0.394894,-0.395043
-1.570297,-0.070330,-0.382773
-1.750311,0.273986,-0.342820
-1.823933,0.511162,-0.249147
-1.888875,0.819116,-0.094122
-1.985990,0.927604,0.029628
-2.062904,0.992696,0.068384
-2.139967,0.891391,0.146794
-2.200870,0.846201,0.117316
-2.197877,0.715118,0.061651
-2.147449,0.608576,0.001197
-2.045546,0.512060,-0.098761
-1.886332,0.472855,-0.064643
-1.754351,0.365116,0.073622
-1.655890,0.290447,0.136469
-1.605612,0.192284,0.049680
-1.664718,0.138564,-0.078859
-1.665167,0.143802,-0.172682
-1.636437,0.134823,-0.181660
-1.567753,0.127192,-0.340126
-1.610849,0.126144,-0.553809
-1.590199,0.120608,-0.712425
-1.544110,0.048632,-0.758663
-1.520617,-0.020351,-0.783503
-1.489044,-0.067187,-0.812083
-1.566706,-0.136320,-0.796371
-1.755997,-0.162506,-0.681599
-1.929727,-0.046687,-0.367959
-2.186804,0.053421,-0.011223
-2.180669,0.207098,0.534655
-2.168548,0.292242,1.185878
-2.153435,0.358382,1.665167
-2.138321,0.304363,1.810615
-2.193538,0.170587,1.902193
-2.122460,0.070928,1.727267
-2.000655,-0.076465,1.614590
-1.699734,-0.228946,1.501015
-1.481712,-0.332944,1.310825
-1.272369,-0.433650,1.186626
-0.994492,-0.569221,1.077840
-0.832733,-0.688483,1.019481
-0.678457,-0.679804,0.959925
-0.515053,-0.700304,0.793977
-0.429610,-0.737115,0.578798
-0.551265,-0.675015,0.271592
-0.639102,-0.536600,-0.108637
-0.744447,-0.507571,-0.442179
-0.825102,-0.454898,-0.821211
-1.056292,-0.458939,-1.178546
-1.404648,-0.423774,-1.436521
-1.851316,-0.341174,-1.437120
-2.293645,-0.200814,-1.294066
-2.579902,0.071676,-0.829890
-2.679411,0.343269,-0.125097
-2.530222,0.619649,0.644340
-2.364274,0.784849,1.413776
-2.168548,0.892888,1.907730
-2.001852,0.891242,2.163460
-1.703175,0.869095,2.135179
-1.363199,0.721702,1.851915
-1.044171,0.582390,1.484555
-0.700903,0.311695,1.110012
-0.378733,0.097115,0.704195
-0.086640,-0.045639,0.394295
0.155922,-0.194379,0.010026
0.306308,-0.298377,-0.326210
0.412252,-0.477943,-0.748787
0.436194,-0.615160,-1.092205
0.545429,-0.735469,-1.081431
0.624737,-0.873884,-0.949750
0.630573,-0.906205,-0.695067
0.541239,-0.848445,-0.546776
0.417788,-0.772729,-0.399832
0.262764,-0.643292,-0.200215
0.105943,-0.537648,0.078410
0.020949,-0.474501,0.363021
0.003591,-0.332495,0.588824
-0.030227,-0.287005,0.716614
-0.033968,-0.293290,0.847847
0.012420,-0.241365,0.980276
0.059705,-0.264410,1.189320
0.230442,-0.247950,1.297807
0.292542,-0.279972,1.248127
0.252888,-0.244957,1.015291
0.182708,-0.151433,0.722750
0.196175,-0.058658,0.603788
0.212485,0.070180,0.555455
0.345064,0.155473,0.546776
0.538546,0.170138,0.519093
0.667833,0.132130,0.447117
0.851139,0.031424,0.446968
1.029956,-0.149937,0.420482
1.245733,-0.325462,0.324564
1.405546,-0.434548,0.209642
1.467795,-0.579546,0.031125
1.493982,-0.712724,-0.143652
1.392528,-0.787243,-0.199916
1.414973,-0.833033,-0.150835
1.360505,-0.761955,-0.048931
1.174057,-0.679205,0.085144
0.977433,-0.571316,0.131831
0.795324,-0.440982,0.357035
0.667384,-0.311545,0.487519
0.540341,-0.170437,0.571167
0.357484,-0.063297,0.615460
0.236577,-0.020650,0.555305
0.123601,-0.000898,0.320524
0.046986,-0.016161,0.138265
0.004489,0.002993,-0.054917
-0.019004,-0.016759,-0.272041
0.046837,0.014664,-0.371700
0.145148,0.013018,-0.436792
0.166098,0.024989,-0.426467
0.164003,-0.006734,-0.464026
0.163105,-0.011821,-0.397288
0.196773,-0.043844,-0.042048
0.222511,0.023493,0.448314
0.291943,0.082600,0.776021
0.327407,0.067187,1.070208
0.319327,0.031125,1.069909
0.350152,0.068384,0.953491
0.424821,0.034267,0.652719
0.385466,0.032621,0.295834
0.398934,0.033220,-0.098162
0.345364,0.024989,-0.456095
0.381426,0.015413,-0.750582
0.424971,0.077213,-0.933589
0.445172,0.045191,-1.059285
0.491560,0.080206,-1.087865
0.441281,0.099210,-1.041178
0.457293,0.092476,-0.999280
0.385167,0.135422,-0.817321
0.317681,0.220117,-0.728885
0.271143,0.293439,-0.616507
0.055067,0.264110,-0.626383
-0.229394,0.260220,-0.669628
-0.371700,0.226851,-0.461632
-0.477045,0.249596,-0.214131
-0.405368,0.248548,0.143353
-0.276979,0.228048,0.489016
-0.133776,0.123601,0.816572
0.035913,-0.014365,1.273416
0.206350,-0.183755,1.531541
0.388759,-0.316783,1.722628
0.534356,-0.393547,1.695993
0.726491,-0.455946,1.529147
0.838270,-0.436044,1.248875
0.903811,-0.451008,0.888249
0.917727,-0.404171,0.544531
0.813131,-0.382474,0.096666
0.692373,-0.368109,-0.307954
0.523732,-0.323965,-0.555754
0.434847,-0.252439,-0.652719
0.364218,-0.115371,-0.524629
0.362422,-0.053870,-0.449212
0.383521,0.080355,-0.187047
0.319776,0.066439,-0.002843
0.309301,0.027533,0.064045
0.282516,0.026935,0.181211
0.316633,0.011672,0.287603
0.417339,0.040851,0.317232
0.415244,-0.032471,0.309899
0.429460,-0.030676,0.213982
0.479439,0.072125,0.219668
0.473154,0.128688,0.196773
0.394295,0.164302,0.224307
0.361674,0.217124,0.140360
0.315735,0.192135,0.105644
0.358831,0.160561,0.128239
0.371700,0.159514,0.183306
0.361225,0.077063,0.276680
0.346411,0.091578,0.329352
0.354791,0.031424,0.276680
0.321871,0.032022,0.235978
0.257526,0.031574,0.153528
0.264110,0.045939,0.000299
0.217124,0.078859,-0.077363
0.263512,0.097713,-0.219818
0.262165,0.050278,-0.314239
0.207398,0.064793,-0.381277
0.159214,0.084994,-0.369306
0.048931,0.006734,-0.320224
0.010325,0.006285,-0.134823
-0.007482,0.022296,0.219369
0.047285,0.079158,0.577302
0.017807,0.074819,0.828543
0.112378,0.083498,1.048660
0.250044,0.075717,1.154005
0.351948,-0.017957,1.091756
0.487669,-0.130334,0.963666
0.578050,-0.256180,0.708684
0.670227,-0.333991,0.492158
0.815974,-0.381726,0.344915
0.860566,-0.411204,0.170288
0.859668,-0.458639,0.011223
0.847248,-0.440832,-0.177769
0.717662,-0.325163,-0.241066
0.651223,-0.259771,-0.401328
0.572962,-0.178817,-0.444124
0.532560,-0.074520,-0.476297
0.440383,0.000150,-0.407912
0.372598,0.017807,-0.404022
0.255880,0.016759,-0.412252
0.128539,0.060005,-0.481534
0.110283,0.063446,-0.424971
0.149039,0.116119,-0.266804
0.212934,0.076315,-0.061950
0.309750,0.077213,0.001646
0.292841,0.053720,-0.030526
0.305410,-0.053121,0.029329
0.356736,-0.045490,-0.029179
0.425420,-0.158167,-0.071078
0.473453,-0.164452,-0.192135
0.533608,-0.166846,-0.284311
0.575805,-0.175675,-0.303465
0.553958,-0.208744,-0.401627
0.486472,-0.168941,-0.422128
0.432303,-0.155174,-0.455647
0.330699,-0.054318,-0.434099
0.207098,0.028282,-0.370802
0.043245,0.098462,-0.352845
-0.093673,0.199317,-0.281019
-0.255731,0.317232,-0.265607
-0.390405,0.403872,-0.224905
-0.408511,0.456993,-0.052523
-0.362871,0.497246,0.129287
-0.295534,0.463278,0.252588
-0.221015,0.420781,0.449960
-0.125247,0.327108,0.704943
-0.045789,0.195726,0.858172
0.026785,0.149937,0.998232
0.114323,0.146346,1.168221
0.176123,0.077363,1.119140
0.235530,0.039205,1.019930
0.250194,0.054318,0.753126
0.194230,0.045939,0.495749
0.130484,0.052074,0.172682
0.099060,-0.000150,-0.073771
0.066589,0.021548,-0.182708
-0.004489,0.026486,-0.217423
-0.074669,0.054767,-0.213683
-0.125396,0.117466,-0.155025
-0.158466,0.203058,-0.041300
-0.186448,0.288352,0.097564
-0.203358,0.321721,0.278176
-0.246603,0.328455,0.396689
-0.246902,0.339977,0.482881
-0.173580,0.305261,0.613365
-0.128239,0.199168,0.631321
-0.011672,0.158017,0.709133
0.069881,0.056563,0.735618
0.178368,-0.074669,0.746392
0.279972,-0.116119,0.711826
0.413000,-0.147543,0.521637
0.494253,-0.187496,0.461782
0.582390,-0.199018,0.312294
0.666486,-0.210241,0.208445
0.752378,-0.241365,0.098462
0.778415,-0.217573,-0.010325
0.758064,-0.246154,-0.119112
0.721104,-0.235530,-0.133327
0.684293,-0.238522,-0.181211
0.654365,-0.215478,-0.262464
0.470610,-0.208146,-0.374992
0.267851,-0.180912,-0.519841
0.078111,-0.062249,-0.544980
-0.044742,0.048632,-0.446818
-0.107589,0.167893,-0.196624
-0.074071,0.321721,-0.031574
-0.106692,0.429310,0.110732
-0.099359,0.504428,0.211288
-0.053271,0.476446,0.403872
0.013617,0.454150,0.499490
0.035614,0.324863,0.575955
0.191386,0.222212,0.573411
0.213982,0.079607,0.519542
0.280571,-0.087089,0.465523
0.334590,-0.152032,0.371999
0.392948,-0.256928,0.346710
0.499790,-0.313491,0.407762
0.510713,-0.323367,0.375441
0.502184,-0.391602,0.316783
0.398036,-0.302418,0.337134
0.316484,-0.257227,0.306159
0.318878,-0.206650,0.311097
0.244957,-0.090830,0.266804
0.189890,-0.036362,0.250344
0.052373,-0.020051,0.147393
-0.014515,0.039504,0.128389
-0.073322,0.022895,0.068684
-0.088286,0.055366,0.119112
-0.081253,0.075268,0.138265
-0.028581,0.107290,0.112079
0.053271,0.025438,0.136021
0.102202,0.041899,0.234183
0.131831,-0.010026,0.234183
0.152032,-0.082600,0.230592
0.172083,-0.079308,0.130185
0.178518,-0.124947,0.039205
0.211887,-0.098013,-0.022895
0.232537,-0.079009,-0.045490
0.259771,-0.025139,-0.070330
0.263213,0.065990,-0.145597
0.260968,0.024391,-0.182558
0.299126,0.099808,-0.160711
0.299574,0.095319,-0.200065
0.242263,0.090531,-0.290895
0.226701,0.067337,-0.318279
0.206201,0.048034,-0.324265
0.133028,0.019004,-0.415095
0.002245,-0.018405,-0.416441
-0.073023,0.004788,-0.333842
-0.140510,0.094122,-0.142455
-0.152630,0.191237,-0.016759
-0.131382,0.323217,0.071826
-0.105644,0.330549,0.216675
-0.048034,0.314688,0.252588
-0.028880,0.267702,0.290895
-0.006434,0.186598,0.300472
0.046837,0.099210,0.195127
0.108338,-0.004190,0.046837
0.141408,-0.065541,0.037260
0.236727,-0.083947,0.016909
0.306907,-0.091429,-0.033369
0.408062,-0.077812,-0.102801
0.435296,-0.109385,-0.183007
0.441132,-0.173580,-0.196175
0.392499,-0.190938,-0.178218
0.370353,-0.201711,-0.196175
0.316334,-0.199168,-0.101754
0.241216,-0.215329,0.083647
0.184204,-0.177620,0.070330
0.122104,-0.109684,0.243909
0.122852,-0.099808,0.292841
0.075268,-0.060753,0.413598
0.102053,-0.043844,0.479289
0.150386,-0.032771,0.556951
0.124798,0.001347,0.498293
0.098312,-0.017059,0.441880
0.103699,-0.041300,0.331597
0.102801,-0.078560,0.271592
0.111779,-0.051176,0.205752
0.152032,-0.035015,0.130185
0.172383,-0.018256,0.104896
0.150685,-0.018555,0.065392
0.182558,0.016011,0.092925
0.200514,0.075567,0.102352
0.188244,0.058658,0.192135
0.174178,0.101754,0.260369
0.228497,0.057162,0.320224
0.185251,0.056114,0.405219
0.162506,0.036512,0.398186
0.150386,0.062549,0.408960
0.158017,0.039355,0.383970
0.183905,0.001197,0.336086
0.182708,0.042647,0.343269
0.190638,0.011672,0.266804
0.138714,0.003292,0.171036
0.142754,-0.010475,0.114772
0.152930,0.005986,0.117166
0.122254,0.010774,0.029778
0.108038,-0.009577,0.008380
0.028730,0.076166,0.016759
-0.010475,0.126144,0.041899
-0.094272,0.204405,0.080206
-0.108188,0.257975,0.174777
-0.126593,0.293140,0.257526
-0.207996,0.282815,0.366462
-0.230442,0.266205,0.343718
-0.261267,0.205153,0.349853
-0.132579,0.137218,0.413449
-0.078560,0.219518,0.417040
-0.154725,0.189142,0.359729
-0.082450,0.116568,0.368258
-0.071227,0.102053,0.422128
-0.051775,0.057910,0.435445
-0.002095,0.015113,0.476297
0.076315,-0.019902,0.375740
0.066888,-0.019902,0.320823
0.105794,-0.015562,0.279074
0.118962,-0.004040,0.209792
0.128090,0.013467,0.072275
0.148889,0.008679,0.062848
0.100556,-0.008679,0.031723
0.018256,0.004190,-0.013617
-0.037110,0.022146,-0.031574
-0.113276,0.090231,0.055964
-0.099509,0.176872,0.145747
-0.190489,0.170138,0.196175
-0.149937,0.178069,0.187795
-0.135422,0.153229,0.219069
-0.058957,0.154127,0.213234
-0.008529,0.077961,0.218172
0.007332,0.053720,0.187197
0.091429,0.045789,0.089184
0.135871,-0.021997,0.041599
0.190788,0.033968,-0.069581
0.257526,0.003741,-0.118363
0.293739,-0.035913,-0.174477
0.378284,-0.043096,-0.251990
0.403872,-0.102951,-0.287753
0.383820,-0.138265,-0.339228
0.379631,-0.172831,-0.400131
0.374393,-0.195876,-0.269797
0.362273,-0.200664,-0.172831
0.357484,-0.216526,-0.090231
0.240767,-0.220416,-0.005387
0.210241,-0.247800,0.027982
0.169090,-0.238073,0.036212
0.131531,-0.187047,0.084096
0.092925,-0.124648,0.068384
0.056713,-0.079607,0.104148
0.033818,-0.031125,0.102951
0.052672,0.018555,0.130484
0.096367,0.005387,0.132878
0.111181,-0.086191,0.122104
0.127192,-0.032172,0.102951
0.164601,-0.114024,0.034716
0.119560,-0.140659,0.003442
0.167594,-0.098162,0.068085
0.154725,-0.085593,0.072874
0.247800,-0.024391,0.155473
0.235530,0.054318,0.127940
0.167594,0.055216,0.149488
0.190339,0.101305,0.149638
0.213084,0.061501,0.043096
0.218920,0.093224,-0.003591
0.257975,0.089034,-0.055067
0.304064,0.069432,-0.138714
0.255731,-0.008829,-0.188992
0.333393,-0.031574,-0.238073
0.339827,-0.094571,-0.118363
0.325312,-0.136619,0.023942
0.367959,-0.222212,0.264410
0.400430,-0.161908,0.515502
0.391452,-0.188094,0.754772
0.363470,-0.208595,0.838419
0.325013,-0.192135,0.887201
0.235679,-0.159214,0.954239
0.252139,-0.063596,0.829591
0.162955,-0.081403,0.709881
0.046687,-0.050278,0.589123
-0.005836,-0.005986,0.451457
-0.039804,0.061351,0.426467
-0.035165,0.035913,0.263811
-0.062399,0.016909,0.161010
-0.022446,0.009876,0.114473
-0.006883,0.014814,0.030975
0.056563,-0.046687,0.015562
0.072574,-0.072425,0.012121
0.096067,-0.105644,0.049231
0.051625,-0.154127,0.068534
-0.039953,-0.112677,0.064943
-0.077363,-0.074520,0.073472
-0.162357,-0.021997,0.139313
-0.169689,0.049081,0.238672
-0.178368,0.074520,0.382324
-0.158167,0.095618,0.358382
-0.137068,0.082600,0.425569
-0.088286,0.050129,0.371700
-0.006883,0.044592,0.302418
-0.008080,-0.027982,0.231938
0.064344,0.015712,0.131531
0.086640,0.033668,0.067187
0.083049,0.031274,-0.089483
0.112079,0.059855,-0.103549
0.080655,0.093075,-0.132130
0.089334,0.143054,-0.127192
0.075717,0.114473,-0.124498
0.043545,0.156371,-0.133926
-0.071078,0.186897,-0.160112
-0.103849,0.212635,-0.112079
-0.150236,0.182259,-0.039055
-0.133028,0.198719,0.158616
-0.123301,0.252139,0.271293
-0.142455,0.239869,0.262913
-0.071377,0.222511,0.272640
-0.063147,0.160561,0.190189
0.008080,0.082151,0.062249
0.005986,0.069731,0.076764
0.056114,0.027084,0.108038
0.109684,0.026336,0.035165
0.091728,0.010924,-0.004190
0.134674,0.010475,0.093972
0.167893,0.046088,0.125247
0.122553,0.053720,0.132579
0.046537,0.033668,0.090680
-0.050428,0.089334,0.052523
-0.147842,0.124050,0.034716
-0.203058,0.162656,0.022745
-0.244957,0.229544,0.135422
-0.207847,0.299724,0.124798
-0.176572,0.298377,0.116418
-0.159963,0.292990,0.085443
-0.073322,0.205602,0.084396
-0.048931,0.163704,-0.026785
0.014664,0.090830,-0.037409
0.074370,0.039654,-0.123451
0.115071,0.033968,-0.143652
0.159364,0.056114,-0.090980
0.186748,0.065392,-0.015413
0.280421,0.030825,0.062549
0.303166,-0.003442,0.026635
0.248249,-0.030077,-0.014066
0.256479,-0.080655,-0.039205
0.187346,-0.103100,-0.082450
0.193930,-0.130783,-0.053720
0.154127,-0.151134,0.089783
0.164901,-0.086042,0.080056
0.122404,-0.100856,0.077512
0.111330,-0.110732,0.063147
0.075567,-0.085443,0.114473
0.052224,-0.081104,0.187496
-0.003442,-0.081403,0.307056
-0.012570,-0.083049,0.358532
-0.036661,-0.083947,0.356138
-0.056563,-0.040402,0.401478
-0.009726,-0.032920,0.378733
0.006883,0.002245,0.314239
0.032771,-0.024989,0.240019
0.057012,-0.059256,0.166996
0.119112,-0.049081,0.152780
0.142156,-0.053421,0.143203
0.166247,-0.099509,0.024541
0.137966,-0.079906,0.084396
0.169240,-0.153079,0.132280
0.171784,-0.110433,0.150236
0.136320,-0.162058,0.170437
0.093524,-0.162207,0.153678
0.071227,-0.077512,0.190788
0.050129,-0.027533,0.165649
0.039804,-0.016460,0.087987
-0.003741,-0.010325,0.072425
-0.000299,0.011223,0.028282
-0.097863,0.052523,0.068983
-0.089034,0.044143,0.131382
-0.048183,0.120309,0.121805
-0.040701,0.098312,0.155473
0.011971,0.121506,0.141108
0.034417,0.107739,0.096816
0.070030,0.098761,0.068085
0.055216,0.046986,0.034716
0.047734,-0.004339,-0.002394
0.035614,-0.011522,0.022745
0.064195,0.027533,-0.022595
0.050877,0.057311,-0.080056
-0.012420,0.104746,-0.099060
-0.051625,0.105345,-0.128988
-0.084695,0.184354,-0.151733
-0.160262,0.195127,-0.067786
-0.199617,0.252289,-0.003142
-0.165499,0.242114,0.055516
-0.175076,0.297330,0.129586
-0.111480,0.303615,0.214580
-0.089184,0.240917,0.109086
-0.055516,0.198719,0.161758
0.016310,0.181062,0.181959
0.078709,0.097115,0.204704
0.165200,0.059107,0.217723
0.257676,0.000599,0.155324
0.344466,-0.046238,0.224756
0.385018,-0.134375,0.300023
0.435146,-0.186598,0.217423
0.428263,-0.266355,0.206650
0.427515,-0.286556,0.120309
0.350900,-0.316633,0.101155
0.266355,-0.271892,0.176572
0.181211,-0.205303,0.200365
0.111630,-0.116418,0.279224
0.045490,-0.004938,0.389357
-0.057162,0.095170,0.379780
-0.192284,0.207847,0.341473
-0.183605,0.290147,0.258873
-0.224456,0.284311,0.201412
-0.222661,0.294936,0.105644
-0.242263,0.300472,-0.047435
-0.161459,0.231340,-0.086939
-0.115221,0.166397,-0.181510
-0.047285,0.061501,-0.153977
0.014814,0.051326,-0.139762
0.077063,-0.040851,-0.091877
0.178518,-0.124349,-0.013018
0.217723,-0.182857,0.013168
0.290297,-0.205153,0.120758
0.299425,-0.233285,0.115820
0.244508,-0.290147,0.084396
0.190189,-0.272640,0.069881
0.135721,-0.202310,0.082899
0.170437,-0.184952,0.074370
0.138864,-0.101754,0.198719
0.085593,-0.076764,0.244209
0.040253,-0.051475,0.309899
0.029030,-0.035314,0.273986
0.017208,0.039953,0.262015
-0.014365,0.052074,0.265756
-0.076614,0.097713,0.215628
-0.040701,0.100407,0.150087
-0.076315,0.052224,0.087987
-0.007332,0.103998,0.084545
0.043245,0.052373,-0.002544
0.050428,0.055964,-0.028730
0.090680,0.051924,-0.145897
0.107739,0.056862,-0.120608
0.117615,0.041599,-0.144400
0.105943,0.034267,-0.130035
0.152481,0.032322,-0.116867
0.143951,0.003891,-0.046238
0.153379,0.004788,-0.026037
0.123451,0.000898,0.006135
0.151284,-0.027683,0.076764
0.170587,-0.044143,0.179565
0.132878,-0.061501,0.212934
0.020500,-0.075866,0.253486
-0.042497,-0.071676,0.283414
-0.126593,-0.053271,0.447267
-0.196175,-0.039355,0.474800
-0.258274,0.031873,0.533458
-0.276680,0.068384,0.599299
-0.247800,0.119860,0.544232
-0.253037,0.131382,0.509516
-0.294337,0.105195,0.407912
-0.269198,0.134075,0.298976
-0.214580,0.143353,0.187795
-0.110283,0.086191,0.185551
-0.033968,0.057610,0.123451
0.072874,0.021697,0.164152
0.092326,-0.051775,0.112827
0.097564,-0.091129,0.088885
0.120758,-0.104746,0.115221
0.159514,-0.158616,0.157119
0.125396,-0.145747,0.220566
0.076914,-0.128090,0.263811
0.047585,-0.118513,0.388160
-0.001646,-0.099958,0.420631
0.049081,-0.033818,0.543933
0.036212,-0.020051,0.523732
0.055067,-0.036512,0.596755
0.059107,0.015562,0.436643
0.092925,0.001047,0.367360
0.105046,-0.070479,0.117466
0.103250,-0.105644,0.056563
0.026935,-0.105943,0.000599
0.019453,-0.085443,0.049829
0.018854,-0.072425,0.174477
0.068833,-0.038158,0.234632
0.029778,-0.023493,0.281618
0.035314,-0.020051,0.364368
0.063596,-0.049829,0.485574
0.110732,-0.076764,0.558896
0.103849,-0.095918,0.513706
0.099060,-0.161609,0.493804
0.172383,-0.182857,0.403124
0.115071,-0.171934,-1.256806
-0.392051,0.304213,-3.926042
-0.825102,0.854880,-4.778378
-0.491111,0.874632,-2.772635
0.057910,0.737115,-1.011550
0.457143,0.460884,0.390105
0.792032,0.086491,1.698537
0.882563,-0.233135,2.580800
0.743400,-0.432752,2.789395
0.651971,-0.552462,2.525584
0.530765,-0.604237,1.934066
0.228796,-0.490063,1.201590
-0.103699,-0.405368,0.618901
-0.398335,-0.244957,0.231489
-0.537199,-0.049979,-0.054169
-0.579696,0.178817,-0.182857
-0.591966,0.249296,-0.257676
-0.552312,0.393846,-0.182857
-0.536900,0.378433,-0.185850
-0.455796,0.300622,-0.144700
-0.381277,0.219369,-0.175226
-0.262913,0.043245,-0.124648
-0.129137,0.010624,-0.131531
0.011372,-0.063297,-0.197222
