0.2491466105,-0.0252887551,0.1200093627
0.2475005984,-0.0314238966,0.0520738885
0.2240075022,-0.0390554145,-0.0184054263
0.2415151,0.0020949265,-0.0302267969
0.2123357654,0.0073322426,-0.0230441913
0.2085948288,0.0073322426,-0.0840963349
0.2169745266,0.0333691873,-0.0276829563
0.193032518,-0.0088286186,-0.0134673845
0.182258606,0.0031423897,-0.0016460137
0.1541267335,-0.0140659353,-0.0197521634
0.1399111599,0.0227449164,0.0040402152
0.1626560837,-0.0368108526,0.0420481674
0.1472434103,-0.0567126535,0.1197100878
0.1859995425,-0.0453401953,0.1852513552
0.1512836218,-0.0219967272,0.2054524273
0.0396539643,-0.0070329676,0.2721908092
0.0430956297,0.0260369442,0.2635118365
0.014963761,0.0620996058,0.2370259613
0.0755669922,0.0237923786,0.2117372155
0.0436941795,0.046537295,0.2522889972
0.0252887551,0.0178068746,0.2832639813
-0.0074818805,0.036212299,0.3944447339
-0.0447416455,0.0423474424,0.3643675745
-0.049230773,0.0240916554,0.3426701128
-0.0067336923,-0.0122702839,0.3664624989
0.0309749842,-0.0121206464,0.2896983922
-0.0050876788,-0.0137666594,0.2895487547
0.0188543387,-0.0432452671,0.2811690569
0.0674865618,-0.0381575897,0.26919806
0.1001075581,-0.0050876788,0.2416647375
0.1626560837,0.0134673845,0.2115875781
0.1716343313,0.0068833297,0.2618658245
0.1452981085,-0.01062427,0.2437596619
0.176422745,0.0423474424,0.2244564146
0.1457470357,0.1171662435,0.2278980762
0.1476923227,0.0743698925,0.2540846467
0.1297357976,0.0535702631,0.2599205077
0.0716764107,0.0610521436,0.3555389643
0.0637456179,0.0475847572,0.3360860646
0.0032920274,0.0205003526,0.4519055784
-0.0393546894,0.0191536136,0.5246294737
-0.0942716897,-0.0077811554,0.6019920707
-0.1397615224,0.0094271693,0.6938695908
-0.1107318252,-0.0335188247,0.8313865662
-0.0945709646,-0.068833299,0.8729857802
-0.1113303825,-0.1212064624,0.8728361726
-0.1559223831,-0.1059434265,0.8716390729
-0.1120785698,-0.0939724147,0.8022072315
-0.1481412351,-0.0936731398,0.7686883807
-0.1599625945,-0.109684363,0.7125743032
-0.1963245422,-0.1149216816,0.6097732186
-0.1750759929,-0.1129763946,0.5548562407
-0.1631049961,-0.1291372478,0.3947440088
-0.1722328812,-0.0843956098,0.26919806
-0.1569698453,-0.0938227773,0.2082955539
-0.1225531995,-0.0811035857,0.1283890605
-0.1081879884,-0.0541688129,0.065092355
-0.1069908887,-0.0933738649,0.0436941795
-0.1048959643,-0.0604535937,-0.0065840548
-0.0173579622,-0.0598550439,-0.0016460137
-0.0100257192,-0.0094271693,0.10235212
-0.0194528885,-0.0414496176,0.1107318252
0.0246902052,0.0028431145,0.1191115379
0.0270844065,-0.0041898531,0.1286883354
0.0124199213,0.0139162978,0.2256535143
-0.0477343947,0.0139162978,0.267552048
-0.074220255,0.0296282452,0.2867056429
-0.0782604665,0.0083797062,0.2663549483
-0.059555769,0.0040402152,0.3429693878
-0.0719756857,-0.0471358448,0.3896563351
-0.0673369244,-0.0257376675,0.3286041915
-0.1065419763,-0.0529717132,0.3130418658
-0.1439513713,-0.0011971008,0.3419219255
-0.1834557056,0.0239420161,0.2868552804
-0.2050035149,-0.0381575897,0.3467103243
-0.161458984,-0.005985504,0.256778121
-0.1033995822,-0.0797568411,0.2629132867
-0.059555769,-0.0733224303,0.2078466415
-0.0905307531,-0.1485901475,0.1719336063
-0.022296004,-0.0993593708,0.2054524273
0.0124199213,-0.1167173311,0.2531868219
0.0148141226,-0.0825999603,0.2747346461
0.0207996275,-0.1340752989,0.2997241318
0.0071826051,-0.1828571558,0.3259107172
0.0459387451,-0.1548749208,0.3341407776
0.0411503427,-0.180014044,0.4382885396
-0.0534206256,-0.182258606,0.3699041605
-0.0908300281,-0.1472434103,0.4152443707
-0.1569698453,-0.1382651478,0.4044704437
-0.2373252362,-0.1250970364,0.3827729821
-0.1876455545,-0.122702837,0.3312976658
-0.2439092994,-0.1387140602,0.2892494798
-0.2757821083,-0.1186626181,0.3084031045
-0.3305494785,-0.0749684423,0.2258031517
-0.3715501726,-0.0606032312,0.1515828967
-0.4034229815,-0.0011971008,0.0858919844
-0.386364311,0.039205052,0.0297778845
-0.3956418335,0.0686836615,0.0525228009
-0.3220201433,0.0228945538,0.0430956297
-0.3004723191,0.01062427,-0.0309749842
-0.2546831965,0.0097264443,-0.0333691873
-0.2234089524,0.0104746325,-0.070479311
-0.2162263393,0.0142155727,-0.0716764107
-0.1723825186,0.0118213706,0.0109235449
-0.1144727692,0.0510264225,0.0502782352
-0.0890343785,0.0568622909,0.1973720044
-0.061201781,0.0549170002,0.2678513229
0.0028431145,0.0496796854,0.2940379083
0.0318728089,0.010324995,0.3703530729
0.1026513949,0.0079307929,0.4575918019
0.1524807215,0.0178068746,0.417937845
0.2111386657,0.04189853,0.4764461517
0.2326864749,0.0613514185,0.4632780254
0.2436100245,0.0848445222,0.5015852451
0.2192190886,0.0399532393,0.4489128292
0.290296942,0.0546177253,0.4632780254
0.2832639813,-0.0339677371,0.427365005
0.2778770328,0.034566287,0.4047697186
0.2941875458,0.0665887371,0.3951929212
0.2424129248,0.0712274984,0.3953425586
0.2267009765,0.026934769,0.3115454912
0.2445078492,-0.0146644851,0.3402759135
0.2370259613,0.0092775319,0.3247136176
0.2117372155,0.0124199213,0.3318962157
0.2120364904,-0.0013467384,0.3965396583
0.181959331,-0.0010474633,0.3905541599
0.1312321872,-0.0456394702,0.3953425586
0.1080383509,-0.0212485399,0.3558382392
0.078110829,-0.0552162752,0.367809236
0.0453401953,-0.0972644463,0.3235165179
0.0374094024,-0.0879869089,0.3197755516
0.0412999801,-0.0831985101,0.3329436779
0.05117606,-0.1131260321,0.3197755516
0.0287304204,-0.0571615659,0.2635118365
0.0577601157,-0.0504278727,0.1916857809
-0.0061351419,-0.0454898328,0.1809118688
0.0052373162,-0.0205003526,0.1198597252
0.0055365916,-0.0314238966,0.1053448766
0.0005985504,-0.0270844065,0.0646434426
0.0052373162,-0.031573534,0.058508303
0.0184054263,-0.0498293228,0.0332195498
-0.0366612151,-0.01062427,0.0879869089
-0.0489314981,0.0002992752,0.1225531995
-0.0568622909,0.0288800579,0.1557727456
-0.0597054064,0.0644938052,0.2106897533
-0.0577601157,0.0264858566,0.2500444353
-0.1234510243,0.0679354742,0.3312976658
-0.1244984865,0.0926256776,0.3670610487
-0.126593411,0.0733224303,0.4028244317
-0.1222539246,0.0767640918,0.4614823759
-0.0972644463,0.0890343785,0.4961982965
-0.0948702395,0.0695814863,0.5201402903
-0.0483329482,0.0983119085,0.477194339
-0.0703296736,0.0966658965,0.4436754882
-0.0092775319,0.1204582751,0.419883132
0.031573534,0.135721311,0.3673603237
0.0725742355,0.1268926859,0.3256114423
0.1641524583,0.1255459487,0.2826654315
0.2382230759,0.1268926859,0.239569813
0.2964321077,0.1593640447,0.2253542393
0.3271078169,0.1430535465,0.2518400848
0.3859153986,0.1005564705,0.2685995102
0.4240729809,0.1403600723,0.3751414716
0.4593874514,0.1355716735,0.3453635871
0.4893149734,0.126593411,0.3848679364
0.4969464839,0.1366191357,0.4219780564
0.4691138864,0.1259948611,0.4113537669
0.3770867586,0.1146224067,0.4939537346
0.2983773947,0.1149216816,0.4819827378
0.2397194505,0.0543184504,0.507121861
0.1659481078,0.0270844065,0.5358522534
0.098461546,0.022296004,0.5681740046
0.0252887551,-0.0371101275,0.5563526154
-0.0653916374,-0.0371101275,0.509665668
-0.1270423234,-0.0796072036,0.5397428274
-0.2235585898,-0.0620996058,0.4727051854
-0.2522889972,-0.1140238568,0.4822820127
-0.2561795712,-0.1551741958,0.4800374508
-0.2443582118,-0.1625064462,0.4034229815
-0.2943371832,-0.1651999205,0.3975871205
-0.303016156,-0.178368032,0.3259107172
-0.3537433147,-0.1271919608,0.3057096303
-0.3546411395,-0.1035492271,0.2424129248
-0.3377320766,-0.0776619166,0.1960252672
-0.2579752207,-0.0978629962,0.0908300281
-0.2442085743,-0.1149216816,0.0191536136
-0.2237082273,-0.0613514185,-0.0058358666
-0.1954267174,-0.0474351197,-0.0284311455
-0.1833060682,-0.0034416649,-0.1048959643
-0.0972644463,0.0354641117,-0.1131260321
-0.0531213507,0.0257376675,-0.0989104584
0.0206499901,0.0398036018,-0.1324292868
0.0127191963,0.0218470898,-0.0701800361
0.0305260718,0.0706289485,-0.0537199005
-0.0092775319,0.0715267733,-0.0203507151
-0.0423474424,0.0956184268,0.0429459922
-0.1449988335,0.1408089846,0.0809539482
-0.2238578647,0.1249473989,0.1693897694
-0.2841618061,0.1280897856,0.2600701451
-0.3284545541,0.115071319,0.2778770328
-0.336534977,0.0643441677,0.299125582
-0.401627332,0.043544542,0.35284549
-0.4290110171,0.063147068,0.401627332
-0.4176385701,0.0558148287,0.3907037973
-0.3519476354,-0.0023942017,0.4635773003
-0.2241571397,-0.0395043269,0.4538508654
-0.1306336373,-0.0894832909,0.5374982953
-0.0912789404,-0.0287304204,0.6368576288
-0.0802057534,-0.0124199213,0.6534674168
0.000748188,0.0363619365,0.6606500149
0.0383072272,0.0276829563,0.6391022205
0.0712274984,0.034566287,0.60438627
0.124648124,-0.034566287,0.5493196249
0.1789665818,-0.0110731833,0.5015852451
0.2160767019,-0.1011550203,0.5244798064
0.1631049961,-0.0776619166,0.4658218622
0.1786673069,-0.070479311,0.4073135555
0.176422745,-0.0547673628,0.3452139497
0.2380734384,-0.0166097749,0.3022679687
0.2226607651,-0.061501056,0.2365770489
0.224606052,-0.0520738885,0.2557306588
0.2184709013,-0.0667383745,0.2654571235
0.2067991644,-0.0851437971,0.207996279
0.2126350403,-0.0299275219,0.234332487
0.2160767019,-0.0932242274,0.2690484226
0.2540846467,-0.0697311237,0.2379238009
0.2401683629,-0.1135749444,0.3025672436
0.2090437412,-0.1014542952,0.3718494475
0.2287959009,-0.0802057534,0.3706523478
0.2018611282,-0.0755669922,0.3862146735
0.1915361285,-0.0420481674,0.3708019853
0.1247977614,-0.0644938052,0.2403180003
0.1354220361,-0.0395043269,0.1159691438
0.1720832437,-0.03696049,-0.005985504
0.1659481078,-0.0561141036,-0.1063923389
0.189740479,-0.0701800361,-0.1458966732
0.2466027737,-0.0814028606,-0.2189198136
0.1957259923,-0.0622492433,-0.2847603559
0.1662473828,-0.0278325956,-0.1976712793
0.1446995586,0.0037409402,-0.1499368846
0.1461959481,0.0068833297,-0.0676361993
0.1273415983,0.0182557888,0.0540191755
0.0978629962,0.0164601374,0.1888426542
0.0441430956,0.0309749842,0.2959831953
-0.056563016,0.0351648368,0.3936965466
-0.1608604193,0.1417068094,0.5416881442
-0.2665045857,0.1530792713,0.6250362992
-0.3236661553,0.1183633432,0.6569091082
-0.347907424,0.1572691202,0.6913257241
-0.4513070285,0.1475426853,0.6215946078
-0.4768950641,0.1743278056,0.5997475386
-0.5180453658,0.1979705542,0.5936123729
-0.5970540643,0.206649527,0.5657798052
-0.6455366611,0.2398690879,0.5009866953
-0.6531681418,0.267552048,0.5129576921
-0.7052420378,0.2545335591,0.4349965155
-0.7029974461,0.2602197826,0.3702034354
-0.8026561141,0.2729389966,0.3881599605
-0.8224082589,0.3145382404,0.3161842525
-0.8662521243,0.3329436779,0.1797147691
-0.9503484368,0.3553893268,0.1400607973
-0.9834183455,0.3176806271,0.1195604503
-1.0308535099,0.2783259451,0.0619499683
-1.07739079,0.204404965,0.0618003309
-1.1077672243,0.2202665508,0.0843956098
-1.1794435978,0.171185419,0.085443072
-1.194856286,0.0909796655,0.1654991955
-1.2057797909,0.0712274984,0.1197100878
-1.2186486721,0.0432452671,0.1960252672
-1.2535141706,0.0055365916,0.1719336063
-1.277156949,-0.0008978256,0.1883937418
-1.2717700005,0.0827495977,0.2850596309
-1.3412019014,0.0439934544,0.360327363
-1.3729250431,0.0951695144,0.366163224
-1.3956699371,0.1116296574,0.395791471
-1.3633482456,0.0552162752,0.3525462151
-1.2400468588,0.049230773,0.2195183635
-1.1655273438,0.0293289702,0.1032499447
-1.1162965298,-0.0279822331,0.0323217213
-1.039532423,-0.0284311455,-0.0049380409
-1.0127472878,0.0439934544,0.0404021554
-0.9736918807,-0.0279822331,-0.0231938288
-0.9997288585,-0.0213981774,-0.0426467173
-0.9512462616,-0.0143652102,-0.13018471
-0.9723451734,0.0202010777,-0.0908300281
-0.9199720025,0.010324995,-0.0264858566
-0.8342296481,-0.0303764343,0.0451905578
-0.8010101318,-0.0628477931,0.0843956098
-0.7312789559,-0.0463876575,0.095019877
-0.7034463882,-0.0956184268,0.0793079287
-0.657507658,-0.0830488726,0.1448491961
-0.6379051208,-0.0974140838,0.2558802962
-0.6186018586,-0.1120785698,0.351498723
-0.5722141862,-0.1444002837,0.4661211371
-0.4731540978,-0.1880944669,0.5306149721
-0.4366425276,-0.176422745,0.5460276008
-0.3639186621,-0.1967734545,0.5602431893
-0.3523965478,-0.1545756459,0.5924152732
-0.3672106862,-0.1047463268,0.5838859677
-0.391900897,-0.0671872869,0.6138134599
-0.4076128304,-0.0893336535,0.6269815564
-0.445620805,-0.1294365227,0.5361515284
-0.4954501092,-0.1678933948,0.4523544908
-0.6317699552,-0.1250970364,0.3098994792
-0.6711246371,-0.0553659126,0.2178723514
-0.7636007071,-0.0817021355,0.2681505978
-0.8245031834,-0.1099836379,0.2048538774
-0.9088988304,-0.1773205698,0.3318962157
-0.9962871671,-0.1976712793,0.2841618061
-1.1453262568,-0.1345242113,0.2783259451
-1.3148655891,-0.0508767851,0.3203741014
-1.3476362228,0.0365115777,0.2751835585
-1.2560580969,-0.0442927331,0.3101987541
-1.0922049284,-0.1206079125,0.2899976671
-0.8602666259,-0.2130839527,0.2328361124
-0.7047930956,-0.2521393597,0.180313319
-0.6250362992,-0.2494458854,0.1445499212
-0.5952584147,-0.1397615224,0.1233013868
-0.5556044579,-0.0831985101,0.1294365227
-0.4562450647,-0.0580593906,0.061501056
-0.3702034354,-0.1212064624,-0.0040402152
-0.2522889972,-0.1435024589,-0.0589572154
-0.2632125616,-0.1418564469,-0.0755669922
-0.2204161882,-0.1090858132,-0.0957680643
-0.1830067933,-0.1033995822,0.0576104783
-0.1204582751,-0.1156698689,0.1545756459
-0.0695814863,-0.1014542952,0.2204161882
-0.0375590399,-0.0752677172,0.3461117744
-0.0037409402,-0.0374094024,0.4489128292
0.0116717331,0.0257376675,0.4704606235
0.078110829,-0.0094271693,0.460883826
0.2127846777,-0.0483329482,0.4381389022
0.4299088418,-0.0641945302,0.2524386346
0.7022492886,-0.0772130042,0.0225952789
0.9328408241,-0.1093850881,-0.2169745266
1.0968436003,-0.0169090498,-0.2876034677
1.2389993668,-0.0233434662,-0.3318962157
1.3365631104,-0.0077811554,-0.3449146748
1.3920786381,0.0579097532,-0.2956839204
1.4133272171,0.0748188049,-0.3122936785
1.4420576096,0.1402104348,-0.1587654948
1.3854945898,0.1427542716,0.0402525179
1.3611036539,0.1699883193,0.2163759768
1.3063362837,0.2059013397,0.481084913
1.2262802124,0.209941566,0.6141127348
1.1535563469,0.2662053108,0.7624036074
1.0239701271,0.2677016854,0.8041524887
0.9513959289,0.2998737693,0.8375216722
0.9525930285,0.3100491166,0.7151181102
0.9578303099,0.21383214,0.5556044579
0.9712976813,0.1587654948,0.3733458221
0.9510966539,0.1349731237,0.2210147381
0.885256052,0.1512836218,-0.0879869089
0.8629601002,0.2305915505,-0.2832639813
0.8225579262,0.263661474,-0.3947440088
0.8622118831,0.2416647375,-0.5276222229
0.9928455353,0.176422745,-0.646135211
1.0492589474,0.1105821878,-0.6232406497
1.1329063177,0.0906803906,-0.5897217989
1.0787374973,0.1194108129,-0.4616320133
1.0164883137,0.1297357976,-0.3036147058
0.9680056572,0.1619078964,-0.1683423072
0.9867103696,0.1355716735,0.0649427176
0.9961375594,0.091129303,0.2192190886
0.9509469867,0.0655412748,0.3604770005
0.8846575022,0.117315881,0.4906617105
0.8614637256,0.106093064,0.6712743044
0.8379706144,0.0426467173,0.7070376873
0.8583213091,0.013617022,0.6959645152
0.8650550246,-0.1273415983,0.6431424022
0.7814075947,-0.1767220199,0.5626373887
0.7052420378,-0.1168669686,0.5192424655
0.5228338242,-0.0377086774,0.4305073917
0.429310292,-0.0113724582,0.411054492
0.4560954273,-0.0190039761,0.3953425586
0.6446388364,-0.089184016,0.3543418646
0.8375216722,-0.113425307,0.3624222875
0.9651625752,-0.0872387215,0.3776853085
1.1046248674,-0.0142155727,0.4336497784
1.2321161032,-0.0010474633,0.5051765442
1.3268367052,-0.0264858566,0.531213522
1.4481927156,-0.1056441516,0.4580407143
1.4540286064,-0.2262520641,0.3260603547
1.3699322939,-0.2579752207,0.2744353712
1.1712135077,-0.2235585898,0.2908954918
0.9163807034,-0.1827075183,0.302716881
0.7187094092,-0.200813666,0.2690484226
0.4646247625,-0.1740285307,0.295235008
0.2483984232,-0.1589151323,0.4040215313
0.0698807612,-0.1671452075,0.4170400202
-0.0212485399,-0.2566284835,0.5210381746
-0.020949265,-0.2540846467,0.5137059093
-0.0713771358,-0.3467103243,0.5051765442
-0.1575683951,-0.301070869,0.5431845188
-0.1903390288,-0.2569277585,0.6352116466
-0.131830737,-0.2798223197,0.6075286865
0.0457891077,-0.3018190563,0.676661253
0.3402759135,-0.4023755193,0.7375637889
0.7498340607,-0.5226841569,0.8975263834
1.1234791279,-0.6391022205,0.9701005816
1.4651018381,-0.6483797431,1.0977414846
1.7443255186,-0.6054337621,1.1990461349
1.953818202,-0.5615899563,1.2406454086
2.0042459965,-0.4448726177,1.1038765907
2.0717327595,-0.4396352768,1.0007762909
2.0980689526,-0.3705027103,0.9216180444
2.0060417652,-0.3916016221,0.6880337
1.8345570564,-0.3506008983,0.5120598674
1.6021698713,-0.2419640124,0.302716881
1.3467384577,-0.1827075183,0.2488473356
1.0657190084,-0.1238999367,0.1795651317
0.8352771401,-0.0408510678,0.0754173547
0.6510732174,-0.0047884034,0.1066916138
0.5140051842,0.0353144743,0.0769137293
0.4056675434,0.0495300479,0.1752256304
0.3648164868,0.0721253231,0.169240132
0.405218631,0.0998082832,0.1705868691
0.3920505345,0.1327285618,0.2389712632
0.4571428895,0.1889922917,0.275033921
0.5120598674,0.2085948288,0.3025672436
0.6015431881,0.2171241641,0.3063081801
0.6281786561,0.2017114908,0.336534977
0.6386532784,0.1960252672,0.3797802329
0.58553195,0.1883937418,0.34401685
0.5608417392,0.221314013,0.401627332
0.4490624666,0.2032078654,0.3263596296
0.3874117732,0.2497451603,0.2988263071
0.3354875147,0.2412158251,0.3253121674
0.2832639813,0.2192190886,0.2811690569
0.2876034677,0.20470424,0.3122936785
0.2373252362,0.1867477298,0.393846184
0.1660977453,0.2024596781,0.4010287821
0.1441010088,0.1668459326,0.3818751574
0.0840963349,0.1776198447,0.3652653992
0.0188543387,0.1729810685,0.417937845
-0.0351648368,0.1470937729,0.518494308
-0.0579097532,0.1762731075,0.4873696864
-0.115370594,0.1253963113,0.4432265759
-0.1892915666,0.1478419602,0.4516063035
-0.2371755987,0.163404271,0.4863222241
-0.2172738016,0.178368032,0.3833715618
-0.1740285307,0.1289876103,0.3416226506
-0.126294136,0.0737713426,0.2566284835
0.004489128,0.0113724582,0.2111386657
0.066888012,0.005985504,0.1813607812
0.1508347094,-0.0085293436,0.1358709484
0.2178723514,-0.0272340439,0.2053027898
0.3133411407,-0.0439934544,0.2495955229
0.3737947345,-0.011971008,0.2196680009
0.391900897,0.0011971008,0.2519897223
0.4026747942,0.0166097749,0.2533364594
0.3434183002,0.0017956513,0.3826233447
0.2992752194,0.0652419999,0.4364928901
0.2340332121,0.070479311,0.4903624356
0.1491886973,0.0514753349,0.4676175117
0.0945709646,0.0671872869,0.492756635
-0.0499789603,0.0917278528,0.5394435525
-0.1236006618,0.1289876103,0.5059247613
-0.2549824715,0.1508347094,0.4450222552
-0.3167828023,0.1161187813,0.4115034044
-0.4318541288,0.1147720441,0.3049614429
-0.4644751251,0.1147720441,0.2570773959
-0.5246294737,0.115071319,0.207996279
-0.4861725867,0.1149216816,0.1470937729
-0.4973953962,0.0808043107,0.1387140602
-0.4361936152,0.1001075581,0.1734299809
-0.3815758824,0.0754173547,0.1075894386
-0.193032518,0.0151133984,0.1339256614
-0.0121206464,-0.0371101275,0.2356792241
0.1460463107,-0.1099836379,0.2596212327
0.1973720044,-0.1155202314,0.3446153998
0.2437596619,-0.0537199005,0.3087023795
0.1846528053,-0.043544542,0.3220201433
0.1657984704,0.0154126734,0.3854664862
0.139611885,0.0260369442,0.4321534038
0.0487818606,0.0056862291,0.4369418025
0.0374094024,-0.0077811554,0.393846184
-0.0390554145,-0.0276829563,0.3639186621
-0.1445499212,-0.0001496376,0.3541922271
-0.1957259923,0.0377086774,0.3087023795
-0.2359784991,0.0427963547,0.2680009604
-0.2998737693,0.0558148287,0.2189198136
-0.3275567293,0.0387561396,0.1865980923
-0.3196259141,-0.0058358666,0.1578676701
-0.3215712011,0.0227449164,0.0776619166
-0.3245639801,0.0161608607,0.0823006853
-0.3299509287,-0.0212485399,0.0344166495
-0.2585737705,-0.0231938288,0.0258873068
-0.2290951759,0.0020949265,0.106093064
-0.2159270644,-0.0154126734,0.1490390599
-0.1966238171,-0.0487818606,0.202758953
-0.1405097097,0.0047884034,0.2674024105
-0.1360205859,0.0100257192,0.349852711
-0.0959177092,0.014963761,0.4408323765
-0.0579097532,0.0125695588,0.4526537657
-0.037259765,0.0067336923,0.4718073606
-0.0763151795,0.038905777,0.3616741002
-0.0866401717,0.0493804105,0.3652653992
-0.0622492433,0.0456394702,0.3760392964
-0.1028010324,0.0652419999,0.1966238171
-0.0863408968,0.0912789404,0.1259948611
-0.0806546733,0.0912789404,0.0279822331
-0.1228524745,0.0981622711,-0.0246902052
-0.1529296339,0.0893336535,-0.126294136
-0.0770633668,0.0938227773,-0.1346738487
-0.0839466974,0.0751180798,-0.1203086376
-0.0875379965,0.0944213271,0.0137666594
-0.0797568411,0.0969651714,0.0424970798
-0.068833299,0.0959177092,0.089184016
-0.0987608209,0.0848445222,0.1011550203
-0.1107318252,0.0597054064,0.1394622475
-0.1452981085,-0.0053869537,0.1345242113
-0.1011550203,-0.0224456415,0.2482487857
-0.1381155103,-0.0260369442,0.3091512918
-0.1854009926,-0.0043394906,0.3522469103
-0.1632546335,-0.0408510678,0.3568857014
-0.1690904945,-0.0439934544,0.3890577853
-0.20470424,-0.0534206256,0.4236240685
-0.2091933787,-0.0347159244,0.5038298368
-0.187795192,-0.0236427411,0.4773439765
-0.1755249053,-0.0411503427,0.5406406522
-0.1674444824,-0.0251391176,0.593313098
-0.1913864911,-0.0300771594,0.5704185367
-0.1544260085,-0.0493804105,0.613514185
-0.1514332592,-0.0323217213,0.6230909824
-0.0978629962,-0.0429459922,0.5738602281
-0.0546177253,-0.072723873,0.6013935208
-0.0623988807,-0.0779611915,0.5128080845
-0.0125695588,-0.0451905578,0.5225345492
-0.0293289702,-0.0386065021,0.4914098978
-0.0683843866,-0.0489314981,0.4830302
-0.0682347491,-0.0032920274,0.4100070298
-0.1279401481,0.046537295,0.2545335591
-0.1309329122,0.0420481674,0.261716187
-0.1527799964,0.0579097532,0.200813666
-0.145148471,0.0632967055,0.1900397539
-0.1824082434,0.0784101039,0.1481412351
-0.1674444824,0.1186626181,0.2308908254
-0.1734299809,0.0546177253,0.1865980923
-0.1473930478,0.0603039563,0.1327285618
-0.2026093155,0.0249894802,0.161458984
-0.2156277895,0.0294786077,0.2608183622
-0.2536357343,-0.0306757092,0.3121440411
-0.221314013,0.0068833297,0.3324947655
-0.2060509771,-0.0064344169,0.4115034044
-0.2178723514,0.010324995,0.3947440088
-0.1827075183,0.017956512,0.3862146735
-0.1490390599,0.0267851315,0.3467103243
-0.0963666216,-0.008978256,0.3550900519
-0.0513256975,-0.0073322426,0.3036147058
-0.000748188,-0.0055365916,0.3670610487
0.0553659126,0.0163105,0.3838204741
0.0918774903,-0.0098760817,0.3552396894
0.1575683951,0.0055365916,0.4079121053
0.1812111437,0.0646434426,0.3552396894
0.1283890605,0.0230441913,0.3793313205
0.1613093466,0.0405517928,0.3280056417
0.1236006618,0.0809539482,0.3327940404
0.107739076,0.0649427176,0.3006219566
0.0730231553,0.0993593708,0.2275988013
0.031573534,0.1610100716,0.252887547
-0.0056862291,0.0857423469,0.2590226829
0.0469862074,0.0620996058,0.2314893752
0.0330699123,0.0902314782,0.2973299325
0.0324713588,0.0540191755,0.2998737693
-0.0020949265,0.0978629962,0.3441664875
0,0.106093064,0.368108511
-0.0466869324,0.1177647933,0.4112041295
-0.0754173547,0.1240495741,0.3778349459
-0.0944213271,0.1370680481,0.3922001719
-0.0990600958,0.074220255,0.3396773636
-0.1345242113,0.0390554145,0.2714426219
-0.133776024,0.0613514185,0.2332850248
-0.1198597252,0.0046387659,0.1818096936
-0.1604115069,0.0559644662,0.1592144072
-0.1460463107,0.0393546894,0.1328781992
-0.0960673466,-0.005985504,0.137666598
-0.058508303,-0.0092775319,0.2250549644
-0.0689829364,-0.0005985504,0.215478152
-0.0065840548,0.0125695588,0.2442085743
-0.0077811554,0.0291793328,0.2573766708
0.043544542,0.0064344169,0.1855506301
0.1146224067,0.0433949046,0.1628057212
0.1770212948,0.0288800579,0.0899322033
0.2041056901,0.0041898531,0.0264858566
0.1135749444,0.0104746325,0.0540191755
0.0808043107,0.0272340439,0.0695814863
0.0401028767,0.0746691674,0.1258452237
0.0125695588,0.0025438394,0.0623988807
-0.0659901872,0.053869538,0.1342249364
-0.1026513949,0.036212299,0.1880944669
-0.1382651478,0.0673369244,0.2611176372
-0.1461959481,0.061501056,0.2287959009
-0.1910872161,0.0225952789,0.2214636505
-0.1714846939,0.0279822331,0.2106897533
-0.1550245583,0.0279822331,0.2346317619
-0.1599625945,0.0324713588,0.1771709323
-0.1472434103,0.0577601157,0.1496376097
-0.1865980923,-0.0013467384,0.1520318091
-0.1421557218,-0.0028431145,0.1628057212
-0.0827495977,0.0160112232,0.1758241802
-0.013317747,-0.0628477931,0.2021604031
0.0148141226,-0.0436941795,0.221314013
0.0205003526,-0.0623988807,0.3851672113
0.0718260482,-0.0190039761,0.4031237066
0.0175075997,-0.0427963547,0.4115034044
0.0866401717,-0.0817021355,0.4605845511
0.0802057534,-0.0456394702,0.4127005041
0.1283890605,-0.0993593708,0.3456628621
0.1195604503,-0.1090858132,0.2714426219
0.167294845,-0.1409586221,0.1541267335
0.2644096613,-0.2018611282,0.1026513949
0.3462614119,-0.2165256143,0.0474351197
0.4167407453,-0.2100912035,-0.0172083247
0.4257189929,-0.1605611444,0.0987608209
0.5268740058,-0.1508347094,0.1273415983
0.5467758179,-0.1069908887,0.2732382715
0.6024410129,-0.0755669922,0.3951929212
0.6042366624,-0.1222539246,0.6187515259
0.5987000465,-0.1535281837,0.8125321865
0.6025906205,-0.1402104348,0.9654618502
0.6130653024,-0.1008557454,1.1029788256
0.5847837925,-0.1069908887,1.240495801
0.5433341265,-0.1367687732,1.2882301807
0.5473743677,-0.0971148089,1.2355576754
0.5240309238,-0.0667383745,1.2138602734
0.5761047602,-0.0415992551,1.0893617868
0.6709750295,-0.0716764107,0.8608651757
0.8276455998,-0.1219546497,0.763899982
0.9213187695,-0.1568202078,0.5976526141
1.1353005171,-0.1828571558,0.5952584147
1.2782044411,-0.1981201917,0.6193500757
1.3856441975,-0.1719336063,0.5666776299
1.5171756744,-0.1662473828,0.4997895956
1.5704467297,-0.1936310679,0.4736030102
1.5993267298,-0.1429039091,0.5527613163
1.6006734371,-0.1563712955,0.5852326751
1.5029600859,-0.0962169841,0.604685545
1.450586915,-0.1019032076,0.5654805303
1.3720271587,-0.1417068094,0.5297171474
1.2336124182,-0.1794154942,0.4833294749
1.1197382212,-0.1765723825,0.2347813994
0.9998784661,-0.1445499212,0.0782604665
0.8451532125,-0.1291372478,-0.1176151559
0.7324760556,-0.0899322033,-0.2681505978
0.6871358752,-0.0202010777,-0.2498947978
0.6230909824,-0.0412999801,-0.2748842835
0.5781996846,0.0210989024,-0.2448071241
0.6127659678,0.1423053592,-0.2171241641
0.5781996846,0.2353799492,-0.1068412513
0.5841852427,0.1946785301,-0.0743698925
0.5984007716,0.2198176384,-0.0264858566
0.6672340631,0.2005143911,-0.005985504
0.7604582906,0.1919850558,-0.1364694983
0.8026561141,0.2003647536,-0.1997662038
0.8382698894,0.2126350403,-0.1016039327
0.8379706144,0.1833060682,-0.0525228009
0.8840589523,0.1455973983,-0.0200514384
0.9033622146,0.0722749606,0.0314238966
0.9434651136,0.0261865817,0.1690904945
0.9446622133,-0.0275333188,0.286406368
0.8638579249,-0.0068833297,0.5042787194
0.8051999807,-0.0604535937,0.6037877202
0.6449381113,-0.083497785,0.7402572632
0.5035305619,-0.0537199005,0.8349778652
0.3286041915,-0.0221463665,0.8532336354
0.1665466577,-0.0351648368,0.8726865053
0.0115220957,-0.0116717331,0.7329249978
-0.1197100878,-0.037259765,0.7020996213
-0.131830737,-0.0285807829,0.6510732174
-0.1876455545,-0.0917278528,0.5487210751
-0.2382230759,-0.0733224303,0.4715080857
-0.3298012912,-0.0321720839,0.391900897
-0.407163918,0.0600046813,0.2669534981
-0.3737947345,0.0683843866,0.2495955229
-0.3455132246,0.0035913025,0.215777427
-0.258723408,-0.0365115777,0.046537295
-0.1541267335,-0.1200093627,-0.1237502992
-0.1204582751,-0.1491886973,-0.2498947978
-0.0942716897,-0.1059434265,-0.2551321089
-0.0635959804,-0.0757166296,-0.3802291453
-0.0715267733,-0.0939724147,-0.3425204754
-0.0032920274,-0.1025017574,-0.3538929522
0.0796072036,-0.0649427176,-0.2612672746
0.1279401481,-0.0814028606,-0.228496626
0.1081879884,0.013317747,-0.1310825497
0.0658405498,0.0167594124,-0.1378162354
0.0163105,0.1158195063,-0.0763151795
-0.0463876575,0.0552162752,-0.1321300119
-0.0694318488,0.046537295,-0.0489314981
-0.12075755,0.0046387659,0.020949265
-0.2495955229,0.0459387451,0.1113303825
-0.2958335578,0.0721253231,0.1862988174
-0.3682581484,0.0848445222,0.2062006146
-0.395791471,0.0421978049,0.2296937257
-0.3865139484,-0.0038905777,0.2831143439
-0.3916016221,0.0194528885,0.2840121686
-0.4842272997,0.0118213706,0.2404676378
-0.5505167246,0.1289876103,0.2112883031
-0.562787056,0.1092354506,0.1234510243
-0.5166986585,0.0757166296,0.0390554145
-0.3733458221,0.0610521436,-0.0415992551
-0.34401685,0.1156698689,-0.0842459723
-0.3473088741,0.1417068094,-0.1435024589
-0.3734954596,0.2090437412,-0.1490390599
-0.3360860646,0.1951274425,-0.115071319
-0.3392284513,0.1771709323,-0.1291372478
-0.3368342519,0.1560720205,-0.0941220522
-0.358382076,0.1280897856,0.0426467173
-0.3826233447,0.170886144,0.1171662435
-0.4734533727,0.1446995586,0.2168248892
-0.5222352743,0.1420060843,0.3438672125
-0.5232827067,0.0616506934,0.4147954583
-0.4716577232,-0.0130184721,0.5155015588
-0.4900631607,-0.0415992551,0.5611410141
-0.5638344884,-0.0285807829,0.6449381113
-0.5554547906,0.0067336923,0.7191583514
-0.5725134611,0.0082300687,0.828094542
-0.5150526166,-0.0143652102,0.8520365357
-0.5952584147,-0.0128688337,0.8927379847
-0.6420949697,0.0049380409,0.8842086196
-0.6787561774,0.1177647933,0.839766264
-0.7122750282,0.1222539246,0.7474398613
-0.7110779285,0.1031003073,0.6588543653
-0.7194576263,0.1273415983,0.4923077226
-0.7389104962,0.094720602,0.3773860335
-0.7492355108,0.0921767652,0.3474585116
-0.7091326118,0.0887351036,0.354790777
-0.6801029444,0.0547673628,0.3130418658
-0.6760627031,0.0641945302,0.3947440088
-0.5852326751,0.068833299,0.3555389643
-0.5232827067,0.02558803,0.3333925903
-0.4327519536,-0.0321720839,0.2023100406
-0.4109048545,-0.0576104783,0.0820014104
-0.4376899898,-0.0234931037,-0.0562637411
-0.4599860013,0.043544542,-0.0257376675
-0.4429273009,0.0890343785,0.0020949265
-0.4818331003,0.1113303825,0.1640028208
-0.4575918019,0.091129303,0.2576759458
-0.462829113,0.0846948847,0.3402759135
-0.4348468781,0.0489314981,0.5114613175
-0.5072714686,0.0734720677,0.7231985331
-0.6313210726,0.0894832909,0.9288006425
-0.7808090448,0.1690904945,0.9620201588
-0.8643068075,0.2056020647,1.0181342363
-0.9620201588,0.1436520964,1.0357915163
-0.9847651124,0.0429459922,1.0308535099
-1.038036108,0.0191536136,1.0055646896
-1.1267712116,-0.014963761,0.8212111592
-1.1583447456,0.0197521634,0.7136217356
-1.2068272829,0.0603039563,0.484975487
-1.2476783991,0.0442927331,0.3702034354
-1.2490251064,0.0365115777,0.2660556734
-1.1978490353,0.0086789811,0.0794575661
-1.1516109705,0.0207996275,-0.0558148287
-1.168520093,0.0031423897,-0.1107318252
-1.1338040829,0.0112228207,-0.1394622475
-1.0797849894,0.0514753349,-0.1851017177
-1.0170868635,0.013617022,-0.1982698292
-0.9777321219,0.014963761,-0.2355295867
-0.8804676533,-0.0348655619,-0.1831564307
-0.7374141216,-0.1375169605,-0.2397194505
-0.6962637901,-0.1500865221,-0.2748842835
-0.6631938815,-0.1369184107,-0.2982277572
-0.6144120097,-0.1828571558,-0.3348889649
-0.5084685683,-0.1966238171,-0.267552048
-0.513556242,-0.2621650994,-0.1321300119
-0.5421370268,-0.2020107657,0.0749684423
-0.5529109836,-0.1693897694,0.3155857027
-0.5937620401,-0.143203184,0.6148609519
-0.640149653,-0.1264437735,1.0073603392
-0.6748656034,-0.0784101039,1.2934675217
-0.7700351477,-0.0734720677,1.6106991768
-0.8698434234,-0.0586579405,1.9174562693
-0.9364321232,-0.0314238966,2.076969862
-1.0073603392,0.0080804303,2.1182699203
-1.0905588865,0.0749684423,2.0471920967
-1.0907084942,0.1056441516,1.8960580826
-1.1577461958,0.1632546335,1.7199347019
-1.1837830544,0.2106897533,1.3332710266
-1.1652280092,0.2497451603,1.0521019697
-1.0672154427,0.2841618061,0.7601590157
-0.9708487988,0.2813186944,0.5952584147
-0.8578723669,0.3087023795,0.2771288455
-0.7076362371,0.2748842835,0.0368108526
-0.5606921315,0.2759317458,-0.1641524583
-0.3962403834,0.2335842997,-0.4463689923
-0.2298433632,0.1818096936,-0.5551555157
-0.0580593906,0.117016606,-0.6268319488
0.0118213706,0.0981622711,-0.6364087462
0.0475847572,0.0598550439,-0.5551555157
0.0670376495,0.0080804303,-0.4511573911
0.0743698925,-0.0040402152,-0.3399766386
0.0384568647,0.0564133786,-0.2217629254
-0.0791582912,0.0858919844,-0.0794575661
-0.1948281676,0.1352723986,0.0507271476
-0.3051110804,0.1629553586,0.0733224303
-0.3324947655,0.1349731237,0.178368032
-0.3461117744,0.0552162752,0.2021604031
-0.386364311,-0.0398036018,0.2367266864
-0.4562450647,0.0246902052,0.3094505668
-0.4994903207,0.0318728089,0.3895066977
-0.4575918019,0.0697311237,0.4765957892
-0.4421791136,0.1107318252,0.5062240362
-0.3408744633,0.0281318706,0.6314706802
-0.2814683318,-0.002992752,0.6429927945
-0.1827075183,-0.0317231715,0.79936409
-0.1438017339,-0.0146644851,0.8001123071
-0.146794498,0.0478840321,0.804302156
-0.1785176694,0.0444423705,0.7679402232
-0.1420060843,0.0436941795,0.7613561153
-0.1174655184,0.0206499901,0.6400000453
-0.0936731398,-0.0938227773,0.6120178103
-0.0281318706,-0.1176151559,0.4704606235
0.0086789811,-0.2014122158,0.3277063668
0.0689829364,-0.1753752679,0.2807201445
0.0752677172,-0.1972223669,0.2219125628
0.0899322033,-0.2003647536,0.0902314782
0.0070329676,-0.1798644066,-0.0152630359
-0.0154126734,-0.0896329284,-0.103848502
-0.0181061495,-0.0812532231,-0.0547673628
0.1418564469,-0.1681926697,-0.0116717331
0.1684919447,-0.1900397539,-0.0246902052
0.2267009765,-0.1761234552,0.0303764343
0.1903390288,-0.1120785698,0.1669955701
0.1758241802,-0.0366612151,0.2507926226
0.1939303428,0.0239420161,0.2400187254
0.1690904945,-0.0070329676,0.4053682685
0.2048538774,0.0050876788,0.347907424
0.2564788461,-0.0787093788,0.3131915033
0.2569277585,-0.0683843866,0.3024176061
0.2460042238,-0.0876876339,0.2365770489
0.2078466415,-0.0387561396,0.1946785301
0.2379238009,-0.0647930801,0.1659481078
0.2163759768,-0.0936731398,0.1455973983
0.1610100716,-0.0613514185,0.0893336535
0.1361702234,-0.08379706,0.0163105
0.0749684423,-0.0107739074,0.034267012
0.0625485182,-0.005985504,-0.0351648368
0.1002571955,0.0035913025,-0.0673369244
0.1131260321,-0.0267851315,-0.0745195299
0.180014044,-0.0038905777,-0.1595136821
0.2090437412,-0.0354641117,-0.0828992352
0.2377741635,-0.0404021554,-0.0770633668
0.1909375787,-0.0285807829,-0.0592564903
0.1750759929,0.0203507151,0.0471358448
0.1304839998,-0.0061351419,0.0899322033
0.105793789,0.065092355,0.1637035459
0.0806546733,0.0929249525,0.2531868219
0.1032499447,0.0532709882,0.3425204754
0.1014542952,0.0043394906,0.4391863644
0.0740706176,-0.0263362192,0.6218938828
0.0386065021,-0.0184054263,0.7173627019
-0.0146644851,0.0336684622,0.7531260848
-0.081851773,0.034566287,0.7314286232
-0.1155202314,0.0127191963,0.8140285611
-0.148739785,0.0351648368,0.7529764175
-0.1482908726,0.0041898531,0.6813000441
-0.1161187813,0.0423474424,0.5569511652
-0.0499789603,0.0534206256,0.4529530406
0.0564133786,0.0441430956,0.3299509287
0.1101332754,0.0058358666,0.3073556423
0.1855506301,0.0148141226,0.3280056417
0.1824082434,-0.0026934769,0.239569813
0.193032518,0.0242412928,0.2325368375
0.213532865,0.0785597414,0.1788169444
0.2466027737,0.0686836615,0.2041056901
0.2916437089,0.0589572154,0.143203184
0.3356371522,0.0357633866,0.1433528215
0.2998737693,0.0618003309,0.05117606
0.3455132246,0.0483329482,0.0751180798
0.323217243,0.0495300479,0.117016606
0.3012205064,0.091129303,0.1241992116
0.2606687248,0.0972644463,0.1218050122
0.2087444663,0.0496796854,0.224606052
0.1502361596,0.1047463268,0.3250128925
0.0924760401,0.0638952553,0.3954921961
0.0887351036,0.0597054064,0.4598363638
0.0721253231,-0.020949265,0.5111620426
0.0067336923,0.0011971008,0.5181950331
-0.072723873,0.0245405678,0.5418377519
-0.158166945,0.0546177253,0.5752069354
-0.1674444824,0.0812532231,0.6144120097
-0.1689408571,0.0062847794,0.6274304986
-0.1355716735,-0.0031423897,0.6561608911
-0.0561141036,-0.0697311237,0.6214450002
-0.0019452889,-0.0052373162,0.5687725544
-0.0041898531,-0.0864905342,0.4969464839
0.0721253231,-0.0656909123,0.4730044603
0.139611885,-0.0920271277,0.370053798
0.2006640285,-0.1069908887,0.334290415
0.2100912035,-0.1161187813,0.3570353389
0.2316390127,-0.0697311237,0.358382076
0.2293944508,-0.0260369442,0.3369838893
0.2452560365,-0.0363619365,0.37169981
0.2243067771,-0.0505775101,0.328753829
0.1903390288,-0.0405517928,0.2700958848
0.187795192,0.0025438394,0.3012205064
0.1602618694,-0.0080804303,0.3323451281
0.1010053828,0.0206499901,0.2329857498
0.0505775101,-0.0092775319,0.21383214
0.0659901872,-0.0115220957,0.1886930168
-0.0128688337,0.0016460137,0.1707365066
-0.0008978256,0.0206499901,0.1360205859
0.0469862074,-0.0248398427,0.173130706
0.0550666377,0.0061351419,0.1898901165
0.0451905578,0.0121206464,0.2270002514
0.0842459723,-0.0026934769,0.3084031045
0.1162684187,-0.0047884034,0.3538929522
0.0685340241,-0.0184054263,0.4578910768
0.0995090082,-0.013617022,0.5177460909
0.0478840321,0.0016460137,0.5116109848
0.0357633866,0.0225952789,0.5343558788
0.0589572154,-0.0279822331,0.4230255187
0.0531213507,-0.0398036018,0.3142389655
0.1171662435,-0.034566287,0.2124854028
0.1176151559,-0.0293289702,0.2090437412
0.128538698,0.0134673845,0.0797568411
0.1286883354,0.0170586873,0.0404021554
0.080056116,0.0309749842,0.072723873
0.0808043107,0.0534206256,-0.0240916554
0.0647930801,0.0757166296,0.01062427
0.0977133587,0.0610521436,0.0513256975
0.1216553748,0.0420481674,0.070479311
0.1340752989,-0.0010474633,0.0968155339
0.1087865382,0.0091278944,0.1267430484
0.0914285779,-0.0170586873,0.1387140602
0.0646434426,-0.0216974523,0.1279401481
0.0652419999,-0.0121206464,0.161458984
0.0430956297,0.0091278944,0.2141314149
0.1189619005,-0.0062847794,0.20470424
0.1200093627,-0.0184054263,0.2238578647
0.1008557454,-0.0374094024,0.3052607179
0.0757166296,0.0067336923,0.2992752194
0.1306336373,-0.0276829563,0.3579331636
0.1330278367,-0.0393546894,0.4082113802
0.1331774741,-0.0547673628,0.5398924947
0.0775122792,-0.0573112033,0.558896482
0.0163105,-0.019602526,0.5840355754
-0.0252887551,-0.013617022,0.5600935817
-0.0224456415,-0.0410007052,0.4929062724
-0.008978256,-0.0609025061,0.5431845188
-0.0230441913,-0.0450409204,0.5395932198
-0.0097264443,-0.0869394466,0.4653729498
-0.0095768068,-0.0799064785,0.4557961524
-0.0074818805,-0.0664390996,0.419883132
0.0076315179,-0.0411503427,0.433200866
0.0094271693,-0.0408510678,0.4056675434
0.0540191755,-0.0546177253,0.4607341886
0.1123778448,-0.0661398247,0.3746925592
0.1224035621,-0.0442927331,0.407163918
0.1551741958,-0.068833299,0.3869628608
0.1304839998,0.0290296953,0.3295020163
0.1050456017,-0.0017956513,0.2638111115
0.1381155103,-0.0074818805,0.2543839216
0.1752256304,0.0004489128,0.2531868219
0.2076970041,-0.0115220957,0.2629132867
0.2307411879,-0.039205052,0.2736871839
0.2609679997,-0.0251391176,0.3323451281
0.2862567306,-0.0228945538,0.3923498094
0.217423439,0.0460883826,0.4270657301
0.2495955229,0.0637456179,0.4798878133
0.2045546025,0.0730231553,0.4643254876
0.1831564307,0.0682347491,0.4165911078
0.1560720205,0.017956512,0.4764461517
0.1628057212,0.0664390996,0.43709144
0.0754173547,0.0852934346,0.440682739
0.08379706,0.08379706,0.3390788138
0.0673369244,0.0619499683,0.2530371845
0.0429459922,0.0812532231,0.2195183635
0.0453401953,0.0424970798,0.1646013707
0.0600046813,0.0529717132,0.1921346933
0.0652419999,0.0254383925,0.1346738487
0.1171662435,-0.0053869537,0.2112883031
0.160112232,0.0754173547,0.2208651006
0.1390133351,0.0261865817,0.3537433147
0.1438017339,0.0264858566,0.3848679364
0.2014122158,0.0787093788,0.4724059105
0.206350252,0.0058358666,0.5286696553
0.2338835746,-0.0155623108,0.5370493531
0.2659060359,-0.0118213706,0.5407903194
0.2093430161,-0.0264858566,0.5984007716
0.1491886973,-0.0191536136,0.5397428274
0.1010053828,0.0210989024,0.5183446407
0.0776619166,0.0227449164,0.3892074227
0.0746691674,0.0016460137,0.3271078169
0.066888012,-0.0124199213,0.2973299325
0.0843956098,-0.0402525179,0.2053027898
0.0294786077,-0.0026934769,0.1743278056
0.0227449164,0.0065840548,0.1252466738
-0.0178068746,0.0101753576,0.103848502
-0.0348655619,0.010324995,0.139611885
-0.017956512,-0.03696049,0.0641945302
0.001496376,-0.0430956297,0.1192611754
-0.0442927331,-0.0429459922,0.1454477459
-0.0291793328,-0.0302267969,0.1967734545
-0.0700303987,-0.0261865817,0.3558382392
-0.0288800579,-0.0336684622,0.3892074227
-0.0240916554,-0.051924251,0.4478653669
0.0261865817,-0.0158615857,0.5137059093
-0.0308253467,0.0104746325,0.4861725867
0.0058358666,0.0134673845,0.5053262115
0.0194528885,0.0734720677,0.4897638857
0.0791582912,-0.0077811554,0.4240729809
0.0421978049,0.0190039761,0.3428197503
0.0791582912,-0.0167594124,0.3190273643
0.0945709646,0.0085293436,0.2472013235
0.0683843866,0.0086789811,0.109684363
0.0197521634,0.0330699123,0.0320224464
0.0846948847,-0.0062847794,0.0920271277
0.087388359,0.0050876788,0.0802057534
0.0576104783,-0.0439934544,0.0849941596
0.0658405498,-0.0112228207,0.1521814466
0.0903811157,-0.0366612151,0.1762731075
0.0327706374,0.002244564,0.1379658729
0.0350151993,-0.0008978256,0.1283890605
0.0270844065,-0.0329202749,0.1331774741
-0.0017956513,-0.0185550638,0.1954267174
0.01062427,-0.0178068746,0.1690904945
-0.0193032511,-0.0386065021,0.1761234552
-0.0019452889,-0.1316810995,0.2753331959
-0.0032920274,-0.0972644463,0.2953846455
0.0398036018,-0.0499789603,0.3945943713
-0.020949265,-0.0260369442,0.4040215313
-0.0386065021,-0.0112228207,0.411054492
-0.0243909303,-0.0401028767,0.4085106552
-0.0131681096,-0.0031423897,0.384419024
-0.0338180996,-0.0348655619,0.3664624989
-0.0634463429,-0.0306757092,0.3437175751
-0.0618003309,0.0017956513,0.2922422588
-0.0625485182,-0.0154126734,0.2252046019
-0.0647930801,0.0020949265,0.1571194828
-0.0480336733,-0.0261865817,0.0709282234
-0.0193032511,-0.0351648368,-0.0270844065
-0.0130184721,0.0025438394,0.0411503427
-0.0104746325,-0.0058358666,0.0986111835
-0.0130184721,0.0023942017,0.0938227773
-0.0041898531,0.0276829563,0.1236006618
-0.010324995,0.061201781,0.1116296574
-0.0300771594,0.1345242113,0.1162684187
-0.0480336733,0.1292868853,0.08379706
-0.0155623108,0.1224035621,0.1674444824
-0.0522235259,0.1580173075,0.1816600561
-0.022296004,0.0812532231,0.1599625945
0.0154126734,0.0601543188,0.1743278056
0.0571615659,0.0842459723,0.2305915505
0.0788590163,0.1168669686,0.2545335591
0.0983119085,0.103848502,0.2449567616
0.1298854351,0.1424549967,0.170886144
0.2379238009,0.0480336733,0.1687912196
0.3324947655,0.0549170002,0.1559223831
0.3806780577,0.0327706374,0.1669955701
0.3718494475,0.0679354742,0.1686415821
0.3911527097,0.0653916374,0.1449988335
0.4457704425,0.0559644662,0.0855927095
0.4629787505,0.0173579622,0.0502782352
0.5599439144,-0.0730231553,0.0603039563
0.5825392008,-0.0665887371,0.0799064785
0.6028898954,-0.0677858368,0.0839466974
0.6367080212,-0.0137666594,0.2340332121
0.6040869951,-0.09307459,0.2368763238
0.685190618,-0.1681926697,0.3137900531
0.7065888047,-0.194977805,0.3513490856
0.7214028835,-0.2187701762,0.3743932843
0.7368155718,-0.2718915343,0.3699041605
0.7428010702,-0.2742857337,0.4442740381
0.7627028823,-0.2796726823,0.4587889016
0.7891887426,-0.3202244639,0.5377975702
0.8171709776,-0.3087023795,0.7137714028
0.8057985306,-0.2407669127,0.838419497
0.8063970804,-0.2546831965,0.9521440864
0.8020575643,-0.2093430161,1.1305121183
0.7734767795,-0.1336263865,1.1569979191
0.7875427008,-0.1421557218,1.1513117552
0.8487445116,-0.1696890444,1.1180921793
0.9042600393,-0.2162263393,1.078887105
0.9609727263,-0.2258031517,0.8806173205
0.996586442,-0.2289455384,0.8393173218
0.9599252343,-0.174776718,0.7237970829
0.9410709143,-0.1514332592,0.6108207107
0.910395205,-0.059555769,0.5181950331
0.9111433625,-0.0543184504,0.4038718939
0.9099462628,-0.046537295,0.3924994469
0.9141361117,-0.0529717132,0.3176806271
0.9627683759,-0.0665887371,0.2871545553
0.994042635,-0.0541688129,0.3115454912
0.9566332102,-0.0237923786,0.3503016233
0.9347861409,0.0185550638,0.3673603237
0.869993031,0.0597054064,0.3832219243
0.7981669903,0.0248398427,0.3833715618
0.7906851172,0.0929249525,0.3702034354
0.7468413115,0.0939724147,0.3296516538
0.7083844543,0.0972644463,0.3069067299
0.709282279,0.0823006853,0.3464110494
0.6804022193,0.1203086376,0.3895066977
0.6748656034,0.038905777,0.3571849763
0.685489893,0.0317231715,0.3835211992
0.6931213737,0.0432452671,0.4255693555
0.6631938815,0.0496796854,0.3815758824
0.5732616782,0.0728735179,0.3494037986
0.5063736439,0.0676361993,0.4094084799
0.4076128304,0.0784101039,0.3532944024
0.4031237066,0.0001496376,0.2959831953
0.3854664862,-0.0466869324,0.2626140118
0.3905541599,-0.051924251,0.3309983909
0.4109048545,-0.1236006618,0.2772784829
0.4049193561,-0.1390133351,0.2283469886
0.4082113802,-0.1476923227,0.2262520641
0.4122515917,-0.1494879723,0.2491466105
0.3872621357,-0.141257897,0.2290951759
0.3978863955,-0.1126771197,0.1886930168
0.3142389655,-0.154276371,0.2331353873
0.3808276951,-0.183904618,0.245405674
0.4161421955,-0.1426046342,0.2217629254
0.5083189607,-0.2442085743,0.1874959171
0.5000888705,-0.2259527892,0.2608183622
0.5517138839,-0.2190694511,0.3090016544
0.5113117099,-0.1912368536,0.3941454589
0.4843769372,-0.1758241802,0.5105634928
0.4430769384,-0.1521814466,0.5479729176
0.4216787815,-0.0969651714,0.6836942434
0.3640682995,-0.0722749606,0.6325181723
0.2476502359,-0.0579097532,0.6257844567
0.1288379729,-0.0402525179,0.6429927945
0.0884358287,-0.01062427,0.5119102597
-0.0020949265,-0.0478840321,0.4418798387
0.0264858566,-0.0673369244,0.4221276939
0.0356137492,-0.072723873,0.340126276
0.0686836615,-0.0848445222,0.3263596296
0.0849941596,-0.0502782352,0.2325368375
0.1641524583,-0.1028010324,0.2461538613
0.1080383509,-0.0866401717,0.1891419291
0.1499368846,-0.0833481476,-0.0163105
0.1209071875,-0.0203507151,-0.0365115777
0.0993593708,-0.0091278944,0.0005985504
0.074220255,0.0097264443,-0.1084872633
0.0312742591,-0.0224456415,-0.0739209801
0.0806546733,-0.0432452671,-0.0300771594
0.0686836615,-0.0447416455,-0.0926256776
0.1084872633,-0.0016460137,0.1210568249
0.1641524583,-0.011971008,0.2331353873
0.1910872161,-0.0128688337,0.330699116
0.2681505978,-0.0185550638,0.4462193549
0.3164835274,-0.0408510678,0.570268929
0.3330933154,-0.0454898328,0.6967126727
0.2893991172,0.0399532393,0.9775824547
0.2669534981,0.117016606,1.0875661373
0.224905327,0.206350252,1.1258733273
0.2250549644,0.1646013707,1.159691453
0.1910872161,0.1461959481,1.2080243826
0.1283890605,0.1291372478,1.2662334442
0.0104746325,0.1574187577,1.2014403343
-0.1836053431,0.2275988013,1.0543465614
-0.354790777,0.2889502048,0.7088333368
-0.51071316,0.2985270321,0.4761468768
-0.6423942447,0.2890998423,0.1250970364
-0.7305307984,0.2382230759,0.0026934769
-0.7594108582,0.2917933464,-0.1830067933
-0.8174702525,0.26919806,-0.4107552171
-0.8487445116,0.2455553114,-0.5092167854
-0.8883984685,0.2196680009,-0.5672761798
-0.9706991315,0.2741360962,-0.5491700172
-1.0811316967,0.3639186621,-0.5180453658
-1.0743980408,0.3983353078,-0.4454711676
-1.0500071049,0.3869628608,-0.3766378462
-1.0931026936,0.3218705058,-0.3809773326
-1.0937012434,0.2784755826,-0.3630208373
-1.1342530251,0.2566284835,-0.3907037973
-1.1620856524,0.1499368846,-0.4486135542
-1.139490366,0.0951695144,-0.4575918019
-1.1049240828,0.0290296953,-0.5291185975
-1.0072107315,-0.0164601374,-0.3338415027
-1.0314520597,-0.085443072,-0.1843535304
-1.0537480116,-0.0773626417,0.0308253467
-1.108964324,-0.0323217213,0.3000234067
-1.2044330835,0.0185550638,0.4661211371
-1.2820949554,0.01062427,0.475548327
-1.3684358597,0.0558148287,0.6394014955
-1.5113397837,0.1099836379,0.6226420999
-1.571793437,0.1604115069,0.6540659666
-1.6597803831,0.1831564307,0.6377554536
-1.6681600809,0.1515828967,0.5258265734
-1.6352397203,0.1530792713,0.4631283879
-1.528847456,0.1069908887,0.4079121053
-1.3907319307,0.0797568411,0.2976292074
-1.2325649261,0.070778586,0.1611597091
-1.0829273462,0.0490811355,-0.0122702839
-0.9494506121,0.0378583148,-0.0849941596
-0.8138789535,0.0665887371,-0.1698386818
-0.7356184721,0.0953191519,-0.2654571235
-0.6244377494,0.0523731634,-0.3241150677
-0.6151602268,0.080056116,-0.4152443707
-0.5304653049,0.0823006853,-0.4287117422
-0.5122095346,0.0568622909,-0.5512649417
-0.4749497473,0.0887351036,-0.4789899886
-0.5153518915,0.0948702395,-0.517147541
-0.5554547906,0.0248398427,-0.3808276951
-0.6208464503,0.0855927095,-0.2855085433
-0.6700772047,0.0676361993,-0.154276371
-0.7085340619,0.0918774903,-0.038905777
-0.6111199856,-0.0155623108,-0.0073322426
-0.4951508343,-0.0700303987,0.0589572154
-0.2810194194,-0.1638531834,0.2114379406
-0.0996586457,-0.2433107495,0.3172317147
0.0312742591,-0.245405674,0.3703530729
0.198868379,-0.2461538613,0.5695207119
0.3043628931,-0.2433107495,0.8396165967
0.3441664875,-0.2525882721,1.1528080702
0.2937386334,-0.2383727133,1.4471453428
0.2599205077,-0.2069488168,1.6518495083
0.160112232,-0.0981622711,1.7492636442
0.0076315179,-0.0290296953,1.7773954868
-0.0791582912,-0.0743698925,1.5735890865
-0.1794154942,-0.085443072,1.3842974901
-0.2877531052,-0.04189853,1.245583415
-0.4308066666,0.0110731833,0.9801263213
-0.4985924959,0.0128688337,0.6392518282
-0.5538088083,-0.0118213706,0.4219780564
-0.5639841557,-0.0161608607,0.1937807053
-0.550067842,0.0088286186,-0.0128688337
-0.5140051842,0.0140659353,-0.1955763549
-0.4993406832,0.0454898328,-0.384419024
-0.4876689613,0.0610521436,-0.5291185975
-0.3597288132,0.0504278727,-0.4704606235
-0.299125582,0.0215478148,-0.4993406832
-0.158166945,-0.0353144743,-0.4373907149
-0.0351648368,0.0001496376,-0.4067150056
-0.0146644851,-0.0332195498,-0.1906383038
0.0187047012,-0.0221463665,0.0541688129
-0.000748188,0.0532709882,0.2724900842
-0.0915782154,0.0833481476,0.4046200812
-0.1557727456,0.1020528451,0.5404910445
-0.2344821244,0.0833481476,0.6546645164
-0.2706944346,0.0983119085,0.7378630638
-0.2880523801,0.0849941596,0.7757213712
-0.4388870895,0.072723873,0.7597101331
-0.4513070285,0.1466448605,0.8456020951
-0.4333505034,0.154276371,0.7591115832
-0.2772784829,0.1439513713,0.7686883807
-0.2153285146,0.068833299,0.7806593776
-0.1312321872,0.0746691674,0.7532756925
-0.0987608209,0.0588075779,0.6660369635
-0.0933738649,0.1430535465,0.644788444
-0.1131260321,0.2311901003,0.581641376
-0.0981622711,0.2151788771,0.5090671182
-0.1158195063,0.1707365066,0.3980360329
-0.0872387215,0.0941220522,0.2846107185
-0.0603039563,0.0679354742,0.1889922917
-0.1333271116,0.0359130241,0.2418143749
-0.1144727692,0.0341173746,0.131830737
-0.1584662199,0.0695814863,0.0885854661
-0.1364694983,0,0.0287304204
-0.1500865221,-0.0085293436,0.0535702631
-0.2111386657,-0.0254383925,0.0664390996
-0.2136825025,0.020949265,0.1485901475
-0.2344821244,0.0396539643,0.1387140602
-0.2555810213,0.0350151993,0.2088941038
-0.1824082434,-0.0005985504,0.215478152
-0.1526303589,-0.085443072,0.206649527
-0.0866401717,-0.1113303825,0.2373252362
-0.0887351036,-0.1081879884,0.323217243
-0.1334767491,-0.0763151795,0.4400841892
-0.1125274822,-0.0249894802,0.4231751561
-0.1048959643,-0.0296282452,0.523432374
-0.0329202749,-0.0546177253,0.5077204108
-0.0279822331,-0.143203184,0.6142624021
-0.1039981395,-0.1090858132,0.5951087475
-0.1438017339,-0.0959177092,0.5975029469
-0.2374748737,-0.0902314782,0.6346130967
-0.3025672436,-0.1071405262,0.5400421023
-0.2816179693,-0.1355716735,0.4300584793
-0.3366846144,-0.14844051,0.3366846144
-0.3453635871,-0.1361702234,0.2516904473
-0.3317465782,-0.171185419,0.1906383038
-0.3434183002,-0.1423053592,0.1797147691
-0.2599205077,-0.1135749444,0.2477998734
-0.1620575339,-0.1013046578,0.2476502359
-0.0531213507,-0.1095347255,0.2510918975
0.0543184504,-0.0833481476,0.2856581807
0.1593640447,-0.0974140838,0.3130418658
0.2783259451,-0.0273836814,0.3824737072
0.3393780887,-0.0172083247,0.3320458531
0.3809773326,0.0387561396,0.4767454267
0.425419718,0.0607528687,0.5066729188
0.4239233434,0.1110311002,0.5006874204
0.4587889016,0.0974140838,0.4134486914
0.4623802006,0.1013046578,0.3571849763
0.4704606235,0.094720602,0.2448071241
0.4770447016,0.0477343947,0.0785597414
0.4462193549,0.0454898328,0.0139162978
0.3971382082,0.0831985101,-0.0158615857
0.349553436,0.0525228009,0.0068833297
0.3185784519,0.1144727692,-0.0013467384
0.3375824392,0.0767640918,-0.0300771594
0.3344400525,0.0978629962,0.0562637411
0.3429693878,0.0659901872,0.2011129409
0.3031657934,0.0728735179,0.2491466105
0.2204161882,0.1279401481,0.3485059738
0.1201590002,0.1554734707,0.4935048223
0.1238999367,0.1252466738,0.5330091715
0.0588075779,0.0471358448,0.6192004085
0.039205052,0.0273836814,0.5798457265
0.0532709882,-0.0058358666,0.5870283246
0.0248398427,0.0086789811,0.6289268732
-0.0377086774,-0.0246902052,0.6169558764
-0.037259765,-0.0049380409,0.6420949697
-0.0377086774,-0.0061351419,0.5989993215
0.08379706,-0.0776619166,0.5750573277
0.1574187577,-0.0971148089,0.5319616795
0.1987187415,-0.0939724147,0.4709095359
0.204404965,-0.0960673466,0.5235819817
0.2552817464,-0.0190039761,0.5080196857
0.2666542232,0.0221463665,0.4926069975
0.356436789,0.0076315179,0.4758476019
0.4088099301,0.0013467384,0.4436754882
0.4427776635,-0.013317747,0.4127005041
0.4061164558,0.0336684622,0.4068646431
0.4074631929,0.0139162978,0.4285621047
0.3462614119,0.0145148477,0.388010323
0.2560299337,0.0176572371,0.4242226183
0.2332850248,0.0855927095,0.3333925903
0.1792658567,0.0339677371,0.375590384
0.1622071713,0.0601543188,0.351797998
0.1723825186,0.0118213706,0.4119523168
0.1433528215,0.0019452889,0.3462614119
0.0969651714,-0.0436941795,0.2674024105
0.109684363,-0.078110829,0.2519897223
0.1408089846,-0.0523731634,0.2449567616
0.1022024825,-0.0525228009,0.2774281204
0.0576104783,-0.0284311455,0.2714426219
0.0561141036,0.0125695588,0.3133411407
0.0728735179,0.0604535937,0.3432686627
0.0682347491,0.0556651913,0.3745429218
0.1551741958,0.0062847794,0.3410241008
0.1773205698,-0.002244564,0.3685574234
0.2696469724,0.01062427,0.3184288144
0.2671031356,0.0112228207,0.3425204754
0.2787748575,0.0032920274,0.319925189
0.2671031356,-0.0161608607,0.310498029
0.2289455384,0.002244564,0.2974795699
0.1880944669,0.0113724582,0.2054524273
0.1506850719,0.0272340439,0.1901893914
0.1158195063,-0.0019452889,0.1532289088
0.0273836814,-0.0318728089,0.0839466974
-0.0178068746,-0.0176572371,0.0960673466
-0.0579097532,-0.0125695588,0.0399532393
-0.0941220522,-0.0381575897,0.0424970798
-0.1237502992,-0.0143652102,0.1035492271
-0.1650502831,-0.0451905578,0.122702837
-0.1972223669,-0.0023942017,0.1310825497
-0.2159270644,-0.0110731833,0.2017114908
-0.1804629564,-0.0203507151,0.2889502048
-0.1545756459,-0.0094271693,0.3115454912
-0.1557727456,-0.0421978049,0.3773860335
-0.1053448766,-0.0547673628,0.4394856393
-0.0725742355,-0.0522235259,0.4537012279
-0.0475847572,-0.1081879884,0.5098153353
0.0146644851,-0.1137245819,0.5000888705
0.0638952553,-0.1499368846,0.4688146114
0.0736217052,-0.1180640683,0.4279635549
0.0321720839,-0.1007061079,0.4529530406
-0.046537295,-0.0145148477,0.4228758812
-0.087388359,-0.0245405678,0.4587889016
-0.0561141036,-0.0628477931,0.31633389
-0.0664390996,-0.0528220758,0.2480991483
0.0032920274,-0.046537295,0.2087444663
0.031573534,0.0278325956,0.226850614
0.0041898531,0.053869538,0.0941220522
0.0191536136,0.0653916374,0.1948281676
0.0993593708,0.0164601374,0.174776718
0.1186626181,-0.0236427411,0.1414075345
0.1345242113,-0.0574608408,0.0830488726
0.1551741958,-0.0381575897,0.1250970364
0.1680430323,-0.0112228207,0.0977133587
0.1409586221,-0.0032920274,0.1036988646
0.1424549967,0.053869538,0.1912368536
0.092775315,0.0556651913,0.1924339682
0.0387561396,0.0381575897,0.224606052
0.0570119284,0.1017535701,0.3048118055
0.0300771594,0.107739076,0.3022679687
0.0773626417,0.1016039327,0.435146153
0.0827495977,0.0442927331,0.4507084787
0.1129763946,0.0383072272,0.5535095334
0.1351227611,0.034566287,0.5547066331
0.1063923389,0.0318728089,0.503231287
0.1001075581,0.0609025061,0.5535095334
0.1556231081,0.039205052,0.5141547918
0.1716343313,0.0104746325,0.4914098978
0.1821089685,0.0471358448,0.4987421334
0.1729810685,0.0540191755,0.466719687
0.1993172914,0.0380079523,0.5099649429
0.2039560527,0.0528220758,0.5198410153
0.1836053431,0.0365115777,0.4421791136
0.1806125939,0.020949265,0.4867711365
0.1343745738,-0.0053869537,0.4593874514
0.171185419,0.0026934769,0.403273344
0.1286883354,0.0062847794,0.3482066989
0.1439513713,-0.0091278944,0.3363853395
0.1132756695,0.0324713588,0.3327940404
0.1590647697,0.0082300687,0.2693476975
0.1961749047,0.0193032511,0.273088634
0.1650502831,0.0100257192,0.3592799008
0.1219546497,0.0703296736,0.3247136176
0.0737713426,0.0637456179,0.3809773326
0.0480336733,0.0486322232,0.4026747942
0.0802057534,0.0306757092,0.4255693555
0.1165676937,0.0380079523,0.3826233447
0.1237502992,-0.0074818805,0.3540425897
0.1485901475,-0.0294786077,0.3913023472
0.1744774431,-0.0013467384,0.3185784519
0.2123357654,0.0098760817,0.2732382715
0.1979705542,0.0248398427,0.1885433793
0.2005143911,0.0281318706,0.183904618
0.2449567616,0.0360626616,0.1816600561
0.2072480917,0.0249894802,0.1794154942
0.2072480917,0.0130184721,0.2106897533
0.1892915666,-0.0113724582,0.1892915666
0.1307832748,0.0218470898,0.1116296574
0.1496376097,0.0472854823,0.098461546
0.0564133786,0.0188543387,0.1093850881
0.0016460137,0.0453401953,0.0712274984
0.0170586873,0.0246902052,0.0197521634
-0.0212485399,0.0606032312,0.0713771358
0.0049380409,-0.0043394906,0.0210989024
-0.0080804303,-0.0197521634,0.0689829364
0.0517746136,-0.0001496376,0.1599625945
0.0637456179,-0.0776619166,0.2006640285
0.1019032076,-0.0622492433,0.1982698292
0.1253963113,-0.0549170002,0.3455132246
0.0845452473,-0.0336684622,0.4712088108
0.0058358666,0.0202010777,0.5059247613
-0.0166097749,0.0082300687,0.5264251232
0.0658405498,-0.1045966893,0.5180453658
0.0773626417,-0.1280897856,0.4236240685
0.1233013868,-0.1156698689,0.3782838583
0.0734720677,-0.1078887135,0.2659060359
0.0215478148,-0.0514753349,0.2768295705
-0.056563016,0.0181061495,0.2852092683
-0.0197521634,0.043843817,0.2973299325
-0.0338180996,0.0068833297,0.2638111115
-0.0013467384,-0.0109235449,0.2733879089
0.0082300687,-0.0357633866,0.2829647064
0.0487818606,0.0143652102,0.2781763077
0.0320224464,0.0083797062,0.2721908092
0.0594061315,0.0251391176,0.2997241318
0.0436941795,0.005985504,0.2685995102
0.0685340241,0.0167594124,0.3787327707
0.0456394702,0.0535702631,0.3643675745
0.0908300281,0.034267012,0.3895066977
0.0665887371,0.004489128,0.2831143439
0.10235212,0.0353144743,0.2603694201
0.1162684187,0.0161608607,0.2795230448
0.1280897856,0.0583586656,0.2962824702
0.096516259,0.0164601374,0.3705027103
0.0338180996,0.0161608607,0.3978863955
0.0454898328,0.0787093788,0.4050689936
0.03696049,0.0384568647,0.4468179047
0.0202010777,-0.0037409402,0.4132990539
0.0450409204,0.0387561396,0.5005378127
0.0112228207,0.0071826051,0.5364508033
-0.038905777,0.0547673628,0.5482721925
-0.0197521634,0.0110731833,0.5351040959
-0.0460883826,-0.0245405678,0.5087678432
-0.0594061315,-0.0659901872,0.5169979334
-0.0227449164,-0.0164601374,0.4870704114
-0.0483329482,-0.0091278944,0.4369418025
-0.0513256975,0.017956512,0.4716577232
-0.0191536136,-0.010324995,0.3676595986
0.0041898531,0.0101753576,0.3137900531
0.0270844065,0.0356137492,0.2757821083
0.0187047012,0.0520738885,0.2112883031
0.0291793328,0.0263362192,0.146794498
0.0025438394,0.0427963547,0.2139817774
-0.0070329676,0.0236427411,0.2488473356
0.0146644851,0.0158615857,0.2177227139
0.0264858566,0.0134673845,0.2033575028
-0.0258873068,0.0074818805,0.3110965788
-0.019602526,0.037259765,0.3470095992
0.0163105,-0.0234931037,0.2500444353
0.0377086774,-0.0113724582,0.2392705381
0.0088286186,-0.0092775319,0.221314013
0.0484825857,-0.0405517928,0.2690484226
0.05117606,-0.0312742591,0.2522889972
0.0680851117,-0.0085293436,0.2389712632
0.0802057534,0.0073322426,0.2078466415
0.0778115541,-0.0118213706,0.2256535143
0.1261444986,0.0221463665,0.2196680009
0.1526303589,0.038905777,0.261716187
0.1913864911,0.013317747,0.2653074861
0.1868973672,0.0276829563,0.3048118055
0.1964741796,0.0287304204,0.2486976981
0.2620154619,0.0130184721,0.2859574556
0.2564788461,-0.0082300687,0.2334346622
0.2771288455,0.0035913025,0.3006219566
0.3118447661,-0.0013467384,0.3211222887
0.2657563984,0.0393546894,0.3728969097
0.2606687248,-0.0502782352,0.4053682685
0.1701379567,-0.0184054263,0.409109205
0.1387140602,0.0023942017,0.3087023795
0.061201781,0.0070329676,0.3039139807
0.0378583148,0.0377086774,0.3052607179
-0.0053869537,0.0460883826,0.2190694511
-0.0258873068,0.0043394906,0.1976712793
-0.0152630359,-0.0216974523,0.1162684187
0.0312742591,-0.0311246216,0.091129303
0.0381575897,-0.0154126734,0.091129303
0.0261865817,0.0025438394,0.0827495977
0.0845452473,-0.0053869537,0.2609679997
0.0793079287,-0.036212299,0.3208230138
0.1729810685,0.0026934769,0.3531447649
0.1681926697,0.043544542,0.4668693244
0.1515828967,0.0321720839,0.4991910458
0.1384147853,-0.0062847794,0.5256769061
0.0917278528,-0.038905777,0.4658218622
0.0531213507,0.0050876788,0.4635773003
0.0216974523,0.0175075997,0.5475239754
-0.0182557888,0.0083797062,0.4626794755
-0.0318728089,0.0225952789,0.4724059105
-0.0407014303,0.0175075997,0.3803787827
-0.0408510678,0.0053869537,0.3781342208
-0.0375590399,-0.0116717331,0.3411737382
-0.0185550638,-0.0131681096,0.2718915343
-0.0303764343,0.0131681096,0.2850596309
-0.034566287,0.0074818805,0.3283049166
-0.0354641117,0.0312742591,0.3151367903
0.0065840548,0.0751180798,0.3043628931
-0.0004489128,0.0236427411,0.330699116
-0.0002992752,-0.0514753349,0.3654150367
-0.0441430956,-0.0010474633,0.3856161237
-0.0758662671,0.0526724383,0.407163918
-0.0514753349,0.0047884034,0.3808276951
0.0037409402,0.0354641117,0.384419024
0.0037409402,0.0176572371,0.3450643122
-0.0272340439,-0.0016460137,0.2888005674
-0.0344166495,0.0221463665,0.2504933476
0.0047884034,0.0146644851,0.2841618061
0.0447416455,-0.0080804303,0.2781763077
0.087388359,-0.0281318706,0.3631704748
0.0778115541,-0.0763151795,0.3872621357
0.0205003526,-0.0197521634,0.3693056107
0.0646434426,-0.0155623108,0.2880523801
0.001496376,-0.0245405678,0.3037643433
0.0160112232,-0.0035913025,0.3049614429
0.0056862291,0.0173579622,0.2644096613
0.0414496176,-0.0589572154,0.2464531362
0.0769137293,-0.0525228009,0.2201169133
0.0417488925,-0.0971148089,0.2356792241
0.0237923786,-0.0441430956,0.2225111276
0.0142155727,-0.0128688337,0.2105401158
-0.0845452473,-0.0305260718,0.2308908254
-0.0510264225,-0.0653916374,0.1900397539
-0.034267012,-0.0767640918,0.2666542232
-0.02558803,-0.0739209801,0.1505354345
-0.0836474225,-0.022296004,0.2198176384
-0.0890343785,-0.0053869537,0.180313319
-0.1144727692,-0.0160112232,0.2162263393
-0.0899322033,-0.0273836814,0.1885433793
-0.0588075779,-0.0673369244,0.1574187577
-0.051924251,-0.0091278944,0.1466448605
0,-0.0366612151,0.1478419602
0.0193032511,0.0088286186,0.1669955701
0.0456394702,-0.0224456415,0.1478419602
0.0576104783,-0.0239420161,0.1610100716
0.1195604503,-0.0353144743,0.1490390599
0.1765723825,-0.096516259,0.2485480607
0.1535281837,-0.0270844065,0.3000234067
0.1499368846,0.0338180996,0.3610755503
0.0951695144,0.0245405678,0.314388603
0.1147720441,-0.0154126734,0.3191770017
0.1463455856,-0.0142155727,0.4089595675
0.1277905107,-0.0142155727,0.4245218933
0.0986111835,-0.0207996275,0.4029740691
0.104147777,0.026934769,0.3826233447
0.0917278528,0.0447416455,0.3886088729
0.0068833297,0.036212299,0.3945943713
0.0245405678,0.0387561396,0.2724900842
0.0411503427,0.0290296953,0.2988263071
0.037259765,0.0544680879,0.2629132867
0.0749684423,0.0094271693,0.3347393274
0.13018471,0.0121206464,0.3301005661
0.1360205859,0.0239420161,0.3001730442
0.1680430323,0.0420481674,0.2955342829
0.1901893914,0.0576104783,0.3699041605
0.2002151161,0.0618003309,0.258723408
0.2313397378,0.0460883826,0.273088634
0.2359784991,0.0469862074,0.2612672746
0.2322375625,0.0420481674,0.2602197826
0.2270002514,0.0415992551,0.2255038768
0.2207154632,-0.0010474633,0.2519897223
0.1954267174,-0.0013467384,0.2890998423
0.1408089846,-0.0327706374,0.3178302646
0.1330278367,-0.0080804303,0.3728969097
0.0899322033,-0.028281508,0.358382076
0.0616506934,-0.0037409402,0.4122515917
0.026934769,-0.0227449164,0.4695627987
-0.0776619166,-0.0405517928,0.5051765442
-0.0561141036,-0.0148141226,0.4451718926
-0.1228524745,-0.0321720839,0.3945943713
-0.1129763946,-0.0451905578,0.4756979644
-0.1233013868,-0.017956512,0.4528034031
-0.1303343624,-0.0200514384,0.4430769384
-0.1315314621,-0.0327706374,0.4296095669
-0.1473930478,-0.0038905777,0.4641758502
-0.092775315,0.0056862291,0.453401953
-0.0586579405,-0.0275333188,0.4043208063
-0.0487818606,-0.0420481674,0.4688146114
0.0381575897,-0.0323217213,0.386364311
-0.0011971008,0.0393546894,0.4354454279
0.0549170002,-0.0107739074,0.3384802639
0.0463876575,0.0112228207,0.3613748252
0.0580593906,-0.0038905777,0.3745429218
0.0580593906,0.0462380201,0.345962137
0.0755669922,0.0305260718,0.3004723191
0.0739209801,0.0323217213,0.2657563984
0.1013046578,0.0329202749,0.2765302956
0.1065419763,0.0176572371,0.2777273953
0.0885854661,0.010324995,0.2908954918
0.1149216816,0.0423474424,0.302716881
0.1080383509,0.0680851117,0.2727893591
0.0715267733,0.0876876339,0.2546831965
0.0490811355,0.070479311,0.2834136188
0.0908300281,0.051924251,0.2533364594
0.0558148287,0.044592008,0.280869782
0.0246902052,0.0122702839,0.3107973039
0.0377086774,0.0360626616,0.2654571235
0.0043394906,0.0667383745,0.2882020175
0.0501285978,0.0550666377,0.2560299337
0.0653916374,0.0730231553,0.2106897533
0.0719756857,-0.0058358666,0.3090016544
0.0604535937,0.0166097749,0.2804208696
0.135721311,0.001496376,0.2914940715
0.1014542952,-0.0541688129,0.3431190252
0.1126771197,-0.0215478148,0.254832834
0.1490390599,-0.0154126734,0.2633621991
0.1381155103,0.0124199213,0.3233668804
0.1455973983,0.000748188,0.2995744944
0.1400607973,-0.0076315179,0.3679588735
0.109684363,0.0424970798,0.4014776945
0.1128267571,0.0495300479,0.3679588735
0.1276408732,0.0420481674,0.3513490856
0.124648124,0.0157119483,0.3393780887
0.1250970364,0.0297778845,0.3621230125
0.1351227611,0.0344166495,0.3369838893
0.0893336535,0.068833299,0.3250128925
0.0710778609,0.0851437971,0.3646668494
0.0839466974,0.0906803906,0.4125508666
0.1276408732,0.0246902052,0.4149450958
0.1117792949,0.0258873068,0.453401953
0.1439513713,0.0483329482,0.4930559099
0.070479311,0.0414496176,0.4287117422
0.0776619166,0.0248398427,0.4373907149
0.0356137492,0.0510264225,0.4041711688
0.0086789811,0.0468365699,0.3087023795
0.0281318706,0.0483329482,0.2888005674
0.0417488925,0.0649427176,0.2162263393
-0.0157119483,0.0387561396,0.2129343152
-0.020949265,0.0510264225,0.1843535304
-0.0037409402,0.0327706374,0.2335842997
0.0284311455,0.0167594124,0.2624643743
-0.0085293436,0.0035913025,0.2469020486
0.0279822331,-0.0261865817,0.2838625312
0.0309749842,-0.0318728089,0.3854664862
0.0095768068,-0.0335188247,0.409109205
-0.0290296953,-0.0644938052,0.4041711688
-0.0613514185,0.0386065021,0.4685153365
-0.0462380201,0.1045966893,0.4993406832
-0.0673369244,0.0233434662,0.4692635238
-0.0365115777,-0.0251391176,0.3687070608
0.0008978256,-0.0407014303,0.3901052475
-0.0267851315,0.013317747,0.3936965466
-0.0122702839,0.0606032312,0.3877110481
0.0216974523,0.0442927331,0.4082113802
0.074220255,0.0131681096,0.3125929534
0.1616086215,-0.0170586873,0.2816179693
0.1221042871,-0.0544680879,0.2807201445
0.1185129806,-0.0246902052,0.3060089052
0.0305260718,-0.0163105,0.2917933464
-0.0031423897,0.0234931037,0.2871545553
0.0350151993,-0.0052373162,0.2153285146
0.0374094024,-0.0228945538,0.221314013
-0.0043394906,0.0236427411,0.2416647375
0.0254383925,-0.0252887551,0.2368763238
0.0064344169,-0.0405517928,0.2452560365
-0.0221463665,-0.0056862291,0.2392705381
0.0040402152,-0.0622492433,0.2522889972
0.0647930801,-0.080056116,0.2115875781
0.074220255,-0.0655412748,0.2533364594
0.0740706176,-0.04189853,0.2485480607
0.0857423469,-0.0531213507,0.2293944508
0.0426467173,-0.0332195498,0.1873462796
0.1044470519,-0.0513256975,0.1873462796
0.1161187813,-0.0181061495,0.2219125628
0.0683843866,0.0035913025,0.1774702072
0.1068412513,-0.0504278727,0.2072480917
0.1438017339,-0.0586579405,0.1629553586
0.0878372714,-0.0344166495,0.1328781992
0.0971148089,-0.0097264443,0.1147720441
0.0632967055,-0.0808043107,0.2247556895
-0.0170586873,-0.0384568647,0.3036147058
0.0205003526,-0.0534206256,0.3537433147
-0.0474351197,0.0041898531,0.3728969097
-0.0549170002,-0.0101753576,0.4028244317
-0.0710778609,-0.0258873068,0.3465606868
-0.0803553909,-0.0405517928,0.3764882088
-0.1144727692,-0.0134673845,0.4327519536
-0.1518821716,0.0200514384,0.4363432527
-0.0972644463,0.0218470898,0.4028244317
-0.122702837,0.0086789811,0.3908534348
-0.1050456017,-0.0294786077,0.3465606868
-0.1066916138,0.0065840548,0.34401685
-0.1575683951,-0.0194528885,0.3139396906
-0.0921767652,0.0181061495,0.2479495108
-0.0719756857,0.0477343947,0.2513911724
-0.0077811554,0.0233434662,0.254832834
0.1074398011,0.0809539482,0.3013701439
0.1541267335,0.0715267733,0.2882020175
0.248996973,0.0839466974,0.3119944036
0.2717418969,0.0823006853,0.3874117732
0.2822165191,0.0637456179,0.4053682685
0.2982277572,0.0974140838,0.3743932843
0.2901473045,0.0849941596,0.4414309263
0.2648585737,0.1191115379,0.4463689923
0.2455553114,0.1195604503,0.4082113802
0.2264017016,0.1177647933,0.3387795389
0.1927332431,0.0802057534,0.3580828011
0.1867477298,0.10235212,0.2995744944
0.095019877,0.1255459487,0.319925189
0.0706289485,0.0908300281,0.2338835746
0.011971008,0.0820014104,0.2852092683
0.0167594124,0.1029506698,0.3845686615
0.0264858566,0.0942716897,0.4432265759
0.0218470898,0.0493804105,0.4587889016
0.020949265,0.0607528687,0.5030816197
0.0450409204,0.0107739074,0.4958990216
0.0011971008,0.0221463665,0.4909609854
0.0456394702,-0.002244564,0.47420156
0.0017956513,0.0148141226,0.4777928889
0.0275333188,0.0303764343,0.4574421644
0.0378583148,0.0703296736,0.4167407453
-0.0215478148,0.0137666594,0.4622305632
-0.0098760817,0.0216974523,0.3950432837
0.0047884034,-0.01062427,0.3003226817
-0.0383072272,0.0110731833,0.2187701762
-0.0260369442,0.0658405498,0.2615665495
-0.0459387451,0.0260369442,0.2241571397
-0.0478840321,0.0634463429,0.2132335901
-0.0228945538,0.0582090281,0.288351655
-0.034267012,0.0450409204,0.2379238009
-0.0305260718,0.0582090281,0.3024176061
-0.0181061495,0.0453401953,0.4028244317
-0.0820014104,0.0190039761,0.3559878767
-0.074220255,0.0415992551,0.3871124983
-0.0972644463,0.051924251,0.3763385713
-0.1349731237,0.0417488925,0.2998737693
-0.2026093155,-0.0146644851,0.2723404467
-0.2060509771,-0.0190039761,0.2412158251
-0.1797147691,-0.002992752,0.2102408409
-0.1690904945,-0.0333691873,0.2054524273
-0.1250970364,-0.0649427176,0.1816600561
-0.1081879884,-0.0549170002,0.234332487
-0.0971148089,-0.0279822331,0.2582744956
-0.0951695144,-0.0484825857,0.4115034044
-0.017956512,-0.0439934544,0.4210802317
-0.0097264443,-0.0043394906,0.4975450337
0.0333691873,-0.0308253467,0.5633856058
0.0475847572,-0.0357633866,0.4748001099
0.0390554145,-0.0469862074,0.4245218933
0.020949265,-0.020949265,0.3301005661
0.0252887551,-0.0401028767,0.2917933464
0.0146644851,-0.0233434662,0.2189198136
0.0371101275,0.002992752,0.1185129806
0.0528220758,-0.0098760817,0.0995090082
0.0502782352,-0.0212485399,0.043544542
0.0900818408,-0.005985504,0.072424598
0.1328781992,-0.034566287,0.0619499683
0.1717839688,-0.0463876575,0.0885854661
0.2356792241,-0.0158615857,0.1786673069
0.2575263083,-0.0505775101,0.1824082434
0.304662168,-0.0335188247,0.2916437089
0.2403180003,-0.063147068,0.2834136188
0.2639607489,-0.0037409402,0.3242647052
0.2916437089,-0.000748188,0.326808542
0.2865560055,-0.0770633668,0.293289721
0.3119944036,-0.1063923389,0.4058171809
0.2865560055,-0.1047463268,0.3926490843
0.2247556895,-0.0381575897,0.3948936462
0.1864484549,-0.0758662671,0.4343979657
0.1286883354,-0.0649427176,0.4881178737
0.1488894224,-0.1125274822,0.5345055461
0.1143231317,-0.1080383509,0.5271732807
0.0775122792,-0.1455973983,0.4719569981
0.0317231715,-0.0918774903,0.5111620426
0.0339677371,-0.083497785,0.4990414083
-0.0408510678,-0.0472854823,0.5274725556
-0.0635959804,-0.0754173547,0.4768950641
-0.1104325503,-0.0480336733,0.4213795066
-0.0918774903,-0.0586579405,0.3754407465
-0.0833481476,-0.0429459922,0.2552817464
-0.0287304204,-0.0682347491,0.2057517022
-0.0067336923,-0.0833481476,0.1011550203
0.0513256975,-0.1028010324,0.0849941596
0.0424970798,-0.0909796655,-0.0185550638
0.0754173547,-0.0776619166,0.0514753349
0.1050456017,-0.0333691873,0.0582090281
0.1277905107,-0.0330699123,0.1128267571
0.1524807215,0.0053869537,0.20470424
0.2051531523,0.036212299,0.2439092994
0.1843535304,0.039205052,0.3239654303
0.1358709484,0.0858919844,0.4161421955
0.1264437735,0.0248398427,0.423474431
0.0347159244,0.065092355,0.4414309263
0.0318728089,0.0697311237,0.4082113802
-0.0692822114,0.0703296736,0.3748421967
-0.1162684187,0.0206499901,0.2876034677
-0.14844051,0.028281508,0.2997241318
-0.1535281837,0.0264858566,0.2172738016
-0.1054945141,0.022296004,0.1779191196
-0.1309329122,-0.0770633668,0.1695394069
-0.1590647697,0.0020949265,0.2030582279
-0.1698386818,0.0640448928,0.33458969
-0.1117792949,0.0893336535,0.4373907149
-0.0855927095,0.0658405498,0.4923077226
0.0131681096,0.0098760817,0.5282207727
0.1186626181,0.0275333188,0.4957493842
0.2045546025,0.0867898092,0.5196914077
0.2078466415,0.0785597414,0.4920084476
0.248996973,0.1590647697,0.4979939461
0.2551321089,0.2096422911,0.4777928889
0.2584241331,0.2753331959,0.3965396583
0.2802712321,0.2546831965,0.3140893281
0.3226186931,0.2317886502,0.3178302646
0.3021183312,0.196923092,0.1910872161
0.2841618061,0.2150292397,0.1638531834
0.2308908254,0.2258031517,0.1880944669
0.1234510243,0.1830067933,0.2196680009
0.0559644662,0.1743278056,0.2618658245
0.0061351419,0.1255459487,0.2621650994
-0.0224456415,0.0963666216,0.3595791757
-0.0689829364,0.0897825658,0.4149450958
-0.131830737,0.061201781,0.5481225252
-0.169240132,0.0079307929,0.5328595042
-0.181959331,0.013617022,0.6480804682
-0.2105401158,-0.0408510678,0.7248445749
-0.1867477298,-0.0504278727,0.7715315223
-0.1039981395,-0.0553659126,0.823156476
-0.0552162752,-0.1020528451,0.8854057193
-0.0423474424,-0.0733224303,0.8520365357
-0.0011971008,-0.0312742591,0.6640917063
0.0691325739,-0.0359130241,0.6305728555
0.1174655184,0.0396539643,0.534804821
0.1756745428,0.0589572154,0.419883132
0.2889502048,0.1195604503,0.3324947655
0.3018190563,0.1403600723,0.3049614429
0.3042132556,0.1602618694,0.2127846777
0.3763385713,0.1789665818,0.1696890444
0.3847182989,0.1744774431,0.1446995586
0.4252700806,0.0945709646,0.0778115541
0.415992558,0.0640448928,0.0661398247
0.3959411085,0.0830488726,0.0257376675
0.3947440088,0.0163105,0.083497785
0.3531447649,-0.0330699123,0.0635959804
0.2798223197,-0.0386065021,0.1071405262
0.2145803273,-0.0680851117,0.1111807451
0.1613093466,-0.0531213507,0.1176151559
0.1358709484,-0.0846948847,0.1084872633
0.0371101275,-0.0796072036,0.0656909123
-0.0582090281,-0.0839466974,0.1031003073
-0.1319803745,-0.0619499683,0.0567126535
-0.1271919608,-0.0881365538,-0.0353144743
-0.1785176694,-0.1225531995,-0.1429039091
-0.1966238171,-0.1268926859,-0.202758953
-0.1566705704,-0.1135749444,-0.1717839688
-0.1605611444,-0.0823006853,-0.2210147381
-0.1725321561,-0.0843956098,-0.1505354345
-0.115370594,-0.0803553909,-0.1399111599
-0.0918774903,-0.0951695144,-0.0504278727
-0.0736217052,-0.1243488491,-0.0062847794
-0.1247977614,-0.0908300281,0.0568622909
-0.0748188049,-0.059555769,0.1429039091
-0.0635959804,-0.0842459723,0.2144306898
-0.0207996275,-0.1180640683,0.316034615
0.0061351419,-0.0820014104,0.403273344
0.0041898531,-0.1411082596,0.5144540668
-0.0061351419,-0.1313818246,0.6052840948
-0.01062427,-0.1535281837,0.8158242106
-0.0499789603,-0.0996586457,0.8110358119
-0.1283890605,-0.1051952392,0.8898948431
-0.1864484549,-0.0558148287,0.9258078933
-0.2217629254,-0.0802057534,0.5798457265
-0.160112232,-0.0576104783,-0.1131260321
-0.0071826051,-0.0938227773,-0.3202244639
-0.0395043269,-0.0363619365,-0.1587654948
-0.1014542952,0.0227449164,0.0312742591
-0.0824503228,0.0344166495,0.1218050122
-0.0113724582,0.0076315179,0.0351648368
0.020949265,0.0516249724,-0.0814028606
0.0796072036,0.0544680879,-0.0866401717
0.0811035857,0.0336684622,0.037259765
0.1861491799,0.0694318488,0.1589151323
0.2177227139,0.0785597414,0.2171241641
0.2035071403,0.092775315,0.2358288616
0.1765723825,0.1039981395,0.3263596296
0.2085948288,0.1238999367,0.3907037973
0.2344821244,0.0840963349,0.5162497163
0.1200093627,0.0305260718,0.5783493519
-0.0023942017,0.056563016,0.6681318879
-0.1228524745,0.0809539482,0.7698854804
-0.2057517022,0.0659901872,0.8560767174
-0.3033154309,0.0082300687,0.8753799796
-0.2929904461,0.0501285978,0.9702502489
-0.3666121364,0.0125695588,0.9897031188
-0.3630208373,-0.0408510678,0.9864110947
-0.3324947655,-0.0264858566,1.0251672268
-0.2504933476,-0.0381575897,0.9204209447
-0.2097919285,-0.0613514185,0.7416039705
-0.0923264027,-0.0194528885,0.5292682052
-0.0670376495,0.0350151993,0.2846107185
-0.1294365227,0.1283890605,0.0722749606
-0.1016039327,0.1028010324,-0.0861912593
-0.0635959804,0.0803553909,-0.189740479
-0.0073322426,0.0378583148,-0.2406172752
-0.0514753349,0.0698807612,-0.2067991644
-0.0978629962,0.0995090082,-0.1993172914
-0.124648124,0.1466448605,-0.0986111835
-0.1001075581,0.087388359,-0.061501056
-0.0754173547,0.0857423469,-0.038905777
-0.0516249724,0.094720602,0.11148002
-0.0329202749,0.0820014104,0.1842038929
-0.0227449164,0.1143231317,0.2482487857
0.0359130241,0.1236006618,0.414047271
0.0743698925,0.0864905342,0.5283703804
0.0748188049,0.1131260321,0.5746083856
0.1258452237,0.0679354742,0.6506243348
0.0770633668,0.0993593708,0.7221511006
0.0427963547,0.1288379729,0.7410054207
0.0240916554,0.0858919844,0.7419032454
-0.0281318706,0.1198597252,0.7000046968
0.0279822331,0.0846948847,0.6066308618
0.0194528885,0.065092355,0.5289689302
-0.0092775319,0.0469862074,0.4801870883
-0.0457891077,0.0279822331,0.421828419
-0.0670376495,0.04189853,0.4005798697
-0.0869394466,0.0939724147,0.4068646431
-0.0860416219,0.0734720677,0.2862567306
-0.0823006853,0.0079307929,0.2506429851
-0.0671872869,-0.0387561396,0.2029085904
-0.0427963547,-0.0737713426,0.1765723825
-0.0632967055,-0.0755669922,0.1681926697
-0.104147777,-0.0670376495,0.1693897694
-0.0644938052,-0.0429459922,0.1883937418
-0.0861912593,-0.0191536136,0.2576759458
-0.0549170002,-0.0318728089,0.2934393585
-0.0200514384,-0.0318728089,0.3136404157
-0.0091278944,-0.0243909303,0.3540425897
0.0267851315,-0.0613514185,0.3898059726
0.0692822114,-0.053869538,0.4327519536
0.0694318488,-0.0412999801,0.4531026781
0.0525228009,-0.061501056,0.4697124362
0.1125274822,-0.0601543188,0.4267664552
0.126294136,-0.0305260718,0.3968389332
0.133776024,0.0062847794,0.3072060049
0.126593411,-0.0293289702,0.2810194194
0.1455973983,-0.0649427176,0.2500444353
0.1200093627,-0.0718260482,0.2082955539
0.1981201917,-0.0586579405,0.1809118688
0.1684919447,-0.0831985101,0.1713350564
0.1628057212,-0.0330699123,0.1750759929
0.1129763946,-0.0417488925,0.1776198447
0.044592008,0.0257376675,0.2041056901
0.0588075779,0.017956512,0.3082534671
0.0137666594,-0.0356137492,0.2400187254
0.0493804105,-0.0258873068,0.2603694201
0.0897825658,-0.081552498,0.2783259451
0.0790086538,-0.02558803,0.3357867897
0.0809539482,-0.0415992551,0.4375403523
0.0653916374,0.0276829563,0.5379471779
0.0692822114,-0.0025438394,0.5401917696
0.1283890605,0.005985504,0.5041291118
0.0659901872,0.0127191963,0.5686228871
0.0932242274,-0.0293289702,0.6055833697
0.0559644662,0.0139162978,0.5611410141
0.0281318706,0.0088286186,0.4653729498
0.0152630359,0.0766144544,0.4629787505
0.0091278944,0.0649427176,0.3552396894
-0.0404021554,0.0953191519,0.3408744633
0.0442927331,0.0620996058,0.2237082273
0.0646434426,0.0691325739,0.131830737
0.0691325739,0.0713771358,0.1141734943
0.1028010324,0.1005564705,0.0401028767
0.1146224067,0.1051952392,0.0715267733
0.1405097097,0.1120785698,0.053869538
0.1330278367,0.0899322033,0.0553659126
0.154276371,0.0552162752,0.0796072036
0.1874959171,0.026934769,0.1755249053
0.1518821716,-0.0293289702,0.1720832437
0.1442506462,-0.014963761,0.1770212948
0.1203086376,-0.0233434662,0.2632125616
0.0793079287,-0.0507271476,0.3098994792
0.0616506934,-0.0278325956,0.2702455223
-0.0004489128,-0.0577601157,0.3395277262
-0.0164601374,-0.0962169841,0.3633201122
-0.0270844065,-0.0772130042,0.34401685
-0.1206079125,-0.0932242274,0.3233668804
-0.0870890841,-0.070479311,0.3338415027
-0.0597054064,-0.074220255,0.3048118055
-0.0324713588,-0.1063923389,0.2926911712
-0.0140659353,-0.1122282073,0.3295020163
-0.0553659126,-0.0869394466,0.306607455
-0.0398036018,-0.0701800361,0.349553436
0.0216974523,-0.0722749606,0.4104559422
0.0953191519,-0.0890343785,0.3613748252
0.1167173311,-0.0730231553,0.3218705058
0.1426046342,-0.0974140838,0.3087023795
0.1394622475,-0.0453401953,0.3098994792
0.1279401481,-0.0176572371,0.3075052798
0.2088941038,-0.0620996058,0.2908954918
0.254832834,-0.0404021554,0.3281552792
0.2171241641,-0.0320224464,0.2935889959
0.1885433793,-0.0151133984,0.3103483915
0.1554734707,0.0374094024,0.3344400525
0.1665466577,0.0230441913,0.3356371522
0.1363198608,-0.0004489128,0.3164835274
0.1198597252,-0.0236427411,0.2302922755
0.1837549806,-0.0552162752,0.2458545864
0.1022024825,-0.0071826051,0.2697966099
0.0929249525,0.0471358448,0.291344434
0.056563016,0.0549170002,0.3091512918
0.0846948847,0.0659901872,0.3006219566
0.1031003073,0.014963761,0.3136404157
0.0640448928,0.0344166495,0.2967313826
0.0713771358,0.074220255,0.3134907782
0.0152630359,0.0948702395,0.3145382404
0.0534206256,0.1104325503,0.2929904461
0.0219967272,0.0808043107,0.3407248259
0.0113724582,0.0327706374,0.3646668494
0.0495300479,0.070778586,0.3574842513
0.0137666594,0.0417488925,0.4137479961
0.0305260718,0.0404021554,0.4317044914
-0.0338180996,0.0546177253,0.3491045237
-0.0143652102,0.1042974144,0.3263596296
-0.0404021554,0.1168669686,0.3359364271
0.0219967272,0.1126771197,0.3538929522
0.036212299,0.1048959643,0.3503016233
0.058508303,0.0125695588,-0.431255579
0.2275988013,-0.0938227773,-1.5026608706
0.4511573911,-0.0357633866,-1.056142211
0.2121861279,0.1978209168,-0.1957259923
0.0293289702,0.2823661566,0.1810615063
0.0858919844,0.2078466415,0.302716881
0.2054524273,0.0549170002,0.2641103864
0.3181295395,-0.011971008,0.1321300119
0.2992752194,-0.0218470898,0.1174655184
0.2258031517,0.0679354742,0.1675941199
0.1575683951,0.0778115541,0.1960252672
0.1031003073,0.076165542,0.3573346138
0.148739785,-0.0020949265,0.3535936773
0.1020528451,-0.0228945538,0.4825812876
0.0788590163,0.0005985504,0.5243301988
0.036212299,0.0207996275,0.6462848186
-0.0760159045,0.0620996058,0.7324760556
-0.0954687893,0.034566287,0.8402151465
-0.0763151795,-0.0079307929,0.9192237854
-0.0472854823,-0.0347159244,0.9660604
-0.0499789603,-0.0935235023,0.9855132699
-0.0306757092,-0.0610521436,0.9666589499
0.0110731833,-0.0396539643,0.9047089815
0.1013046578,-0.0652419999,0.7603086829
0.200813666,-0.0414496176,0.5237316489
0.1421557218,0.0239420161,0.2979284823
0.1165676937,-0.0166097749,0.1331774741
0.1252466738,0.0249894802,0.0125695588
0.1309329122,0.0383072272,-0.0184054263
0.1361702234,0.0284311455,-0.0338180996
0.0968155339,0.0556651913,0.0118213706
0.1557727456,-0.013317747,0.0501285978
0.1622071713,-0.0164601374,0.1541267335
0.1699883193,-0.004489128,0.2415151
0.1563712955,-0.0130184721,0.3766378462
0.1180640683,0.038905777,0.4279635549
0.0918774903,-0.0010474633,0.5439326763
0.0920271277,-0.0188543387,0.5916671157
0.0872387215,-0.0055365916,0.6130653024
0.0384568647,-0.0170586873,0.6069301367
0.0302267969,-0.0300771594,0.4884171486
0.0312742591,-0.0158615857,0.3757400215
-0.01062427,0.0218470898,0.3470095992
-0.0311246216,0.0176572371,0.265606761
-0.0866401717,-0.0095768068,0.2009633034
-0.0540191755,-0.0032920274,0.0718260482
-0.0969651714,0.0115220957,0.0083797062
