0.1306336373,-0.0697311237,0.4013280571
0.1608604193,-0.0887351036,0.2579752207
0.1140238568,-0.1029506698,0.1421557218
0.1014542952,-0.0686836615,0.04189853
0.1231517494,-0.0814028606,0.0181061495
0.1529296339,-0.1476923227,0.0086789811
0.1107318252,-0.0917278528,0.0242412928
0.0817021355,-0.0402525179,0.0338180996
0.0082300687,0.0016460137,0.1213560998
-0.038905777,0.0514753349,0.213532865
-0.0948702395,0.074220255,0.2208651006
-0.0814028606,0.0193032511,0.2543839216
-0.087388359,0.0564133786,0.3263596296
-0.0986111835,0.0559644662,0.3072060049
-0.1244984865,0.0788590163,0.2977788448
-0.1261444986,0.0626981556,0.3146878779
-0.1182137057,0.1201590002,0.3256114423
-0.1267430484,0.1218050122,0.2958335578
-0.1454477459,0.1158195063,0.2433107495
-0.1185129806,0.0806546733,0.1942296177
-0.1189619005,0.0921767652,0.1740285307
-0.0436941795,0.0757166296,0.1942296177
-0.0457891077,0.0691325739,0.1475426853
-0.010324995,0.0528220758,0.1797147691
-0.0303764343,0.0275333188,0.2142810524
0.0210989024,0.022296004,0.2680009604
0.0579097532,0.032621,0.3275567293
0.022296004,0.0267851315,0.4469675422
0.0825999603,0.0215478148,0.4671685994
0.061201781,-0.0547673628,0.5889736414
0.0275333188,-0.0215478148,0.6102221608
0.0743698925,0.0026934769,0.6723217368
0.0107739074,-0.0529717132,0.6757634282
0.0285807829,-0.0474351197,0.7212532759
-0.0016460137,-0.0716764107,0.7067384124
-0.013617022,-0.0998082832,0.660051465
0.000748188,-0.0948702395,0.6863877177
-0.0291793328,-0.107739076,0.660051465
-0.0424970798,-0.1415571719,0.6624456644
-0.070479311,-0.113425307,0.6302735806
-0.0749684423,-0.1438017339,0.5919663906
-0.0843956098,-0.1047463268,0.5823895931
-0.1013046578,-0.1294365227,0.5562030077
-0.056563016,-0.1387140602,0.5502174497
-0.0745195299,-0.1759738177,0.5633856058
-0.1234510243,-0.1737292558,0.5765537024
-0.0983119085,-0.1644517332,0.5837363005
-0.1306336373,-0.1530792713,0.6616975069
-0.158166945,-0.1475426853,0.5922656655
-0.0867898092,-0.1693897694,0.6197989583
-0.0980126336,-0.161458984,0.5838859677
-0.0945709646,-0.1584662199,0.5659294128
-0.0671872869,-0.1146224067,0.5134066343
0.0113724582,-0.148739785,0.5315127969
0.1327285618,-0.104147777,0.4957493842
0.1415571719,-0.0840963349,0.4314052165
0.1604115069,-0.0365115777,0.3395277262
0.1571194828,-0.0082300687,0.3004723191
0.1723825186,0.0646434426,0.2745850086
0.1515828967,0.09307459,0.1098340005
0.13018471,0.0776619166,0.0025438394
0.0785597414,0.1420060843,-0.0674865618
0.0300771594,0.1289876103,-0.14844051
-0.0535702631,0.0971148089,-0.1852513552
-0.1225531995,0.0745195299,-0.2424129248
-0.1812111437,0.1517325342,-0.1379658729
-0.261716187,0.1698386818,-0.0840963349
-0.326808542,0.178368032,-0.0576104783
-0.3449146748,0.1297357976,-0.0001496376
-0.2581248581,0.0562637411,-0.0025438394
-0.2591723204,0.05117606,0.1529296339
-0.187795192,0.0713771358,0.2210147381
-0.1599625945,0.0923264027,0.3607762754
-0.1651999205,0.1005564705,0.3881599605
-0.0721253231,0.1384147853,0.4418798387
-0.0387561396,0.1092354506,0.4920084476
0.0423474424,0.1310825497,0.5385457277
0.0013467384,0.1420060843,0.5217863321
0.031573534,0.1514332592,0.5205892324
0.0296282452,0.1236006618,0.4631283879
0.032621,0.1206079125,0.4619312882
0.0026934769,0.0366612151,0.4870704114
0.0146644851,0.0522235259,0.3649661243
0.0281318706,0.0212485399,0.4595370889
-0.0405517928,-0.005985504,0.5038298368
-0.0734720677,0.0225952789,0.537348628
-0.124648124,0.0469862074,0.5686228871
-0.1524807215,0.0794575661,0.5987000465
-0.1945288926,0.0635959804,0.590470016
-0.1865980923,0.0091278944,0.5704185367
-0.1640028208,-0.0236427411,0.54902035
-0.1732803434,-0.0751180798,0.5443816185
-0.1550245583,-0.0475847572,0.5014356375
-0.1559223831,-0.0746691674,0.4513070285
-0.1446995586,-0.1029506698,0.4297592044
-0.1069908887,-0.1231517494,0.3497030735
-0.1107318252,-0.0772130042,0.3149871528
-0.1159691438,-0.0421978049,0.3452139497
-0.1080383509,-0.0199018009,0.2579752207
-0.0770633668,0.0207996275,0.2856581807
-0.0421978049,0.1283890605,0.3577835262
-0.0318728089,0.1710357815,0.3139396906
-0.0243909303,0.2458545864,0.2151788771
0.0366612151,0.267252773,0.0577601157
0.0986111835,0.2852092683,-0.0709282234
0.1253963113,0.3386299014,-0.1180640683
0.1761234552,0.3215712011,-0.1976712793
0.1687912196,0.360327363,-0.2103904784
0.1767220199,0.293289721,-0.1909375787
0.1981201917,0.2850596309,-0.135721311
0.217423439,0.2513911724,-0.0113724582
0.1961749047,0.1656488329,0.1583165824
0.1307832748,0.128239423,0.2296937257
0.0628477931,0.0864905342,0.5343558788
-0.0489314981,0.0516249724,0.7073369622
-0.0899322033,0.039205052,0.9090484381
-0.1936310679,0.0035913025,1.0556932688
-0.2533364594,-0.0828992352,1.0899603367
-0.2855085433,-0.1512836218,1.1385926008
-0.3292027414,-0.2192190886,1.2340613604
-0.3522469103,-0.1937807053,1.1956044436
-0.3841197491,-0.1611597091,1.1153987646
-0.4041711688,-0.1378162354,0.9900023937
-0.4041711688,-0.0980126336,0.8610147834
-0.4053682685,-0.0879869089,0.7010521889
-0.4138976336,-0.085443072,0.421529144
-0.4092588425,-0.0555155501,0.3036147058
-0.3510498106,-0.0872387215,0.1378162354
-0.303016156,-0.1319803745,-0.0508767851
-0.2663549483,-0.117315881,-0.141257897
-0.2425625622,-0.11148002,-0.1180640683
-0.2687491477,-0.0661398247,-0.1680430323
-0.3004723191,-0.0200514384,-0.0863408968
-0.3380313516,-0.0610521436,-0.0743698925
-0.3703530729,-0.0749684423,-0.0049380409
-0.4659714997,-0.0814028606,0.1578676701
-0.6257844567,-0.1497872472,0.2858078182
-0.8354267478,-0.100406833,0.3980360329
-1.1347019672,-0.051924251,0.5738602281
-1.4700398445,0.0112228207,0.6383540034
-1.7772458792,0.0317231715,0.7844003439
-2.0380642414,-0.0249894802,0.8357260227
-2.1776762009,-0.0855927095,0.9135375619
-2.3160908222,-0.1255459487,0.9289502501
-2.3760955334,-0.0999579206,0.9876081944
-2.4369981289,-0.0719756857,1.0452187061
-2.3602340221,-0.0457891077,0.9425672889
-2.2777836323,-0.0128688337,0.8291419744
-2.0923826694,0.049230773,0.5973533392
-1.8999487162,0.0839466974,0.4040215313
-1.6720505953,0.1056441516,0.2214636505
-1.3878887892,0.1327285618,0.0785597414
-1.1671733856,0.1768716574,-0.0894832909
-0.8843582273,0.193331793,-0.1559223831
-0.5813421011,0.1321300119,-0.1098340005
-0.3679588735,0.0591068529,-0.0830488726
-0.1433528215,-0.0338180996,0.1110311002
0.0213981774,-0.0606032312,0.3817255199
0.0972644463,-0.0655412748,0.6187515259
0.106093064,-0.0794575661,0.9050082564
0.1029506698,-0.1490390599,1.1195886135
-0.0348655619,-0.1560720205,1.1988965273
-0.2832639813,-0.165349558,1.2494740486
-0.5430348516,-0.1213560998,1.2357074022
-0.7610568404,-0.1776198447,1.1812392473
-1.0790368319,-0.122702837,1.0289081335
-1.3575123549,-0.1183633432,0.8001123071
-1.5132851601,-0.1545756459,0.5834370255
-1.6707038879,-0.1140238568,0.3176806271
-1.7972972393,-0.0894832909,0.1131260321
-1.8466776609,-0.0252887551,-0.198868379
-1.8023849726,-0.0296282452,-0.3745429218
-1.6506524086,-0.0005985504,-0.7212532759
-1.4601637125,0.0477343947,-0.9602245092
-1.2264298201,0.0779611915,-1.224334836
-1.0145429373,0.1147720441,-1.3078327179
-0.8150760531,0.1505354345,-1.2897264957
-0.6163573265,0.2614169121,-1.2370541096
-0.5053262115,0.2460042238,-1.2814964056
-0.3271078169,0.2940379083,-1.2879308462
-0.1801636815,0.2757821083,-1.2143092155
-0.0597054064,0.2332850248,-1.1540051699
0.0242412928,0.2352303118,-1.0399813652
0.1871966422,0.1782183945,-0.8541314602
0.3139396906,0.0040402152,-0.7668927312
0.4315548539,-0.0576104783,-0.6616975069
0.429310292,-0.1035492271,-0.4930559099
0.3782838583,-0.0166097749,-0.1857002676
0.3374328017,0.059555769,0.1851017177
0.3907037973,0.1044470519,0.4299088418
0.4776432514,0.109684363,0.5656301379
0.653617084,-0.0427963547,0.7547720671
0.6937199235,-0.0429459922,0.8538321853
0.6434416771,-0.0151133984,0.9434651136
0.5360019207,0.0472854823,0.8907926679
0.4324526787,0.0773626417,0.8655039072
0.3510498106,0.0999579206,0.6633434892
0.2849099934,0.1569698453,0.5452794433
0.2175730765,0.1449988335,0.3745429218
0.2148796022,0.1681926697,0.1849520802
0.2302922755,0.1143231317,-0.0870890841
0.2669534981,0.0559644662,-0.3315969408
0.2033575028,0.0399532393,-0.4646247625
0.1569698453,0.0580593906,-0.5162497163
0.0353144743,0.0972644463,-0.565330863
0.0056862291,0.1216553748,-0.4637269378
-0.0525228009,0.089184016,-0.3262099922
-0.0276829563,-0.0049380409,-0.139611885
-0.0163105,-0.0839466974,0.017956512
0.053869538,-0.0896329284,0.1120785698
0.0441430956,-0.0544680879,0.3998316824
0.1306336373,-0.0203507151,0.5858312249
0.1622071713,0.0525228009,0.8349778652
0.2593219578,0.0852934346,1.0839748383
0.4643254876,0.0710778609,1.2802993059
0.7218518257,0.0112228207,1.3721768856
0.937030673,-0.0161608607,1.2798504829
1.1210849285,-0.0398036018,1.2497732639
1.2442367077,0.0415992551,1.3178584576
1.3425486088,0.0643441677,1.368286252
1.3720271587,0.1128267571,1.4535796642
1.4182652235,0.0932242274,1.4396634102
1.3718775511,0.1237502992,1.3937246799
1.3147159815,0.1610100716,1.414973259
1.2527660131,0.1931821555,1.4567221403
1.1819874048,0.2250549644,1.5203180313
1.1242272854,0.1788169444,1.450138092
1.0003273487,0.1613093466,1.366789937
0.9706991315,0.104147777,1.2907739878
0.9000701904,0.098461546,1.1406874657
0.7965209484,0.0719756857,0.8649053574
0.7231985331,0.0454898328,0.657507658
0.6682815552,0.1343745738,0.6368576288
0.6838438511,0.0858919844,0.6557120085
0.7233482003,0.0516249724,0.6814496517
0.6905775666,0.0568622909,0.6868366003
0.7781155705,0.0448912829,0.6120178103
0.7758709788,0.0085293436,0.5657798052
0.7439981699,0.0213981774,0.4872200489
0.7899369001,0.0938227773,0.522384882
0.8351274729,0.0812532231,0.4498106539
0.8960300088,-0.0143652102,0.3543418646
0.9288006425,-0.0407014303,0.1283890605
0.9403226972,-0.1228524745,0.081851773
0.9762357473,-0.150385797,-0.0424970798
0.994042635,-0.2745850086,-0.0843956098
0.9928455353,-0.2503437102,-0.0748188049
0.9623194337,-0.1390133351,-0.0148141226
0.9074024558,-0.1607107818,-0.0254383925
0.9234136939,-0.1312321872,-0.0790086538
0.9464578629,-0.1454477459,-0.1517325342
1.0094553232,-0.1321300119,-0.2042553276
1.0775403976,-0.2310404629,-0.1729810685
1.2464812994,-0.3075052798,-0.1837549806
1.2918214798,-0.336534977,-0.1563712955
1.3403040171,-0.3188777268,-0.1291372478
1.3304280043,-0.3036147058,-0.0469862074
1.323843956,-0.2449567616,0.0866401717
1.284938097,-0.1756745428,0.2009633034
1.1764508486,-0.1192611754,0.4349965155
1.0761936903,-0.0038905777,0.5183446407
1.0414776802,0.0375590399,0.6028898954
0.9124901295,0.1324292868,0.5117605925
0.8689455986,0.1616086215,0.4230255187
0.8369231224,0.2862567306,0.1512836218
0.7469909191,0.3619733751,-0.0939724147
0.6192004085,0.3963900208,-0.2205658257
0.5861304998,0.3842693865,-0.2816179693
0.4601356387,0.2790741324,-0.449511379
0.4150947332,0.14844051,-0.4740519226
0.2073977292,0.1442506462,-0.4174889326
0.0820014104,0.1333271116,-0.2451063991
0.0788590163,0.0541688129,-0.0851437971
0.1663970202,0.0113724582,0.2159270644
0.273088634,-0.1927332431,0.4676175117
0.3283049166,-0.1716343313,0.8292916417
0.3815758824,-0.0969651714,1.1755530834
0.4270657301,-0.1258452237,1.3940238953
0.4777928889,-0.2067991644,1.5863082409
0.4715080857,-0.2313397378,1.8206408024
0.561440289,-0.2377741635,2.0087351799
0.5662286878,-0.310498029,2.0871453285
0.605733037,-0.3309983909,2.1285948753
0.6646902561,-0.4073135555,2.1404163837
0.6986579895,-0.4405331016,1.9274820089
0.7297825813,-0.3714005351,1.7004817724
0.6911761165,-0.4230255187,1.4460978508
0.748636961,-0.3790320456,1.1643302441
0.7294833064,-0.3197755516,0.7703344226
0.7351695299,-0.3073556423,0.3872621357
0.7543231845,-0.2472013235,0.000748188
0.7417536378,-0.1895908415,-0.3305494785
0.7071873546,-0.1773205698,-0.6630442142
0.6751648784,-0.1198597252,-0.9440636635
0.6669347882,-0.0779611915,-1.1939584017
0.6078279614,-0.070778586,-1.3495815992
0.537647903,-0.038905777,-1.4550760984
0.4210802317,0.0121206464,-1.4471453428
0.3387795389,0.0453401953,-1.3736732006
0.2674024105,0.076165542,-1.1652280092
0.1693897694,0.089184016,-1.0781389475
0.1080383509,0.1574187577,-0.9026140571
0.0353144743,0.182258606,-0.730979681
0.0112228207,0.2062006146,-0.5307645798
0.0076315179,0.2264017016,-0.3175309896
-0.0353144743,0.1862988174,-0.0457891077
-0.0851437971,0.2425625622,0.2199672759
-0.0459387451,0.2234089524,0.2965817451
-0.089184016,0.21383214,0.3589806259
-0.0746691674,0.2100912035,0.4116530418
-0.072723873,0.159812957,0.5279214978
-0.0625485182,0.1059434265,0.5939116478
-0.089184016,0.0580593906,0.747290194
-0.1116296574,0.0152630359,0.8396165967
-0.0410007052,-0.0311246216,0.9033622146
0.0679354742,-0.0656909123,0.9238625765
0.0962169841,-0.1219546497,0.962469101
0.167294845,-0.0897825658,0.9843161702
0.1185129806,-0.0644938052,1.0996867418
0.1002571955,-0.0338180996,1.122880578
0.0276829563,0.0028431145,1.1581950188
0.0055365916,0.0263362192,1.2319663763
-0.0142155727,0.0047884034,1.2315175533
-0.1203086376,0.0190039761,1.2801496983
-0.174776718,0.0275333188,1.2355576754
-0.3233668804,0.058508303,1.1994950771
-0.395791471,0.0534206256,1.2244845629
-0.4780921638,0.0405517928,1.1275193691
-0.5370493531,0.0646434426,1.0221744776
-0.5945101976,0.058508303,0.9850643873
-0.6774094701,0.065092355,0.9169792533
-0.6830956936,0.0508767851,0.8261492252
-0.6708253622,0.039205052,0.7556698918
-0.6697779298,-0.0013467384,0.6757634282
-0.6465840936,-0.0071826051,0.5705682039
-0.580593884,-0.0251391176,0.5804442763
-0.5442319512,-0.043843817,0.5063736439
-0.4394856393,-0.1391629726,0.4718073606
-0.3549404144,-0.1527799964,0.4228758812
-0.3096002042,-0.1289876103,0.4685153365
-0.2172738016,-0.117016606,0.4505588412
-0.1352723986,-0.1479915977,0.4626794755
-0.1020528451,-0.1256955862,0.5333084464
-0.0459387451,-0.085443072,0.572812736
-0.0267851315,-0.1252466738,0.6123170853
-0.0293289702,-0.0592564903,0.5861304998
-0.0142155727,-0.0701800361,0.6545149088
-0.0448912829,-0.0359130241,0.620996058
-0.0685340241,-0.010324995,0.6177040339
-0.1008557454,0.0038905777,0.5880758166
-0.1909375787,0.070479311,0.5478232503
-0.2427121997,0.1253963113,0.5015852451
-0.2400187254,0.0926256776,0.49245736
-0.3028665185,0.0896329284,0.4162918329
-0.3417722881,0.1547252834,0.3283049166
-0.3886088729,0.0694318488,0.2822165191
-0.3218705058,0.0751180798,0.1702875942
-0.3125929534,0.0517746136,0.1146224067
-0.2759317458,0.0589572154,0.0694318488
-0.1690904945,0.0559644662,-0.0270844065
-0.1789665818,0.0377086774,-0.0302267969
-0.133776024,0.0782604665,-0.0778115541
-0.0643441677,0.0629974306,-0.1014542952
0.0013467384,0.072424598,-0.014963761
0.0411503427,0.0739209801,-0.0662894621
0.0513256975,0.0842459723,0.0571615659
0.128538698,0.0493804105,0.0178068746
0.1710357815,0.0303764343,0.0321720839
0.2409165502,0.0170586873,0.0860416219
0.2000654787,0.0471358448,0.0166097749
0.1824082434,0.0478840321,0.1590647697
0.2076970041,0.058508303,0.2331353873
0.2256535143,0.0267851315,0.3107973039
0.2017114908,0.0836474225,0.3739443719
0.1681926697,0.0616506934,0.3666121364
0.0725742355,0.0896329284,0.4394856393
0.0225952789,0.1324292868,0.4321534038
0.0032920274,0.1391629726,0.4094084799
-0.0064344169,0.1785176694,0.3998316824
-0.0350151993,0.1241992116,0.3842693865
-0.0734720677,0.1306336373,0.282515794
-0.0644938052,0.1128267571,0.3137900531
-0.0712274984,0.0236427411,0.2850596309
-0.0317231715,0.0225952789,0.2504933476
0.017956512,0.0139162978,0.2516904473
-0.0115220957,0.013617022,0.2409165502
-0.0444423705,0.0528220758,0.3045125306
-0.0532709882,0.0415992551,0.2398690879
-0.0430956297,0.0347159244,0.2278980762
-0.0652419999,0.005985504,0.226551339
-0.100406833,0.0143652102,0.2635118365
-0.0923264027,0.0291793328,0.2286462635
-0.0537199005,0.0258873068,0.3134907782
-0.0495300479,0.0121206464,0.2917933464
-0.0501285978,0.0010474633,0.3371335268
-0.0125695588,-0.0067336923,0.4423287511
0.0426467173,-0.0190039761,0.4709095359
0.0296282452,-0.0505775101,0.5581482649
0.0879869089,-0.0523731634,0.5579986572
0.0683843866,-0.0448912829,0.6236895323
0.0371101275,-0.0023942017,0.6462848186
0.0083797062,0.0137666594,0.667832613
-0.0365115777,0.0879869089,0.6750152707
-0.0525228009,0.0739209801,0.6079775691
-0.096516259,0.0885854661,0.5325602293
-0.1590647697,0.0348655619,0.5458779931
-0.1958756298,0.0302267969,0.5458779931
-0.2147299647,0.0305260718,0.4777928889
-0.2513911724,0.0588075779,0.4121019542
-0.2307411879,0.0430956297,0.4192845821
-0.2485480607,-0.0332195498,0.4146458209
-0.1830067933,-0.0427963547,0.4074631929
-0.1810615063,-0.0695814863,0.4337994158
-0.2042553276,-0.0243909303,0.4842272997
-0.1536778212,-0.0278325956,0.4890156984
-0.1473930478,-0.0094271693,0.4807856381
-0.1479915977,-0.0276829563,0.526275456
-0.1327285618,-0.0058358666,0.4496610165
-0.0706289485,-0.0094271693,0.4914098978
-0.1310825497,0.017956512,0.5297171474
-0.1158195063,0.0363619365,0.4783914387
-0.0846948847,-0.0227449164,0.5346551538
-0.1367687732,0.0240916554,0.5837363005
-0.1026513949,0.0236427411,0.534804821
-0.0377086774,0.0109235449,0.5828384757
-0.0460883826,0.0468365699,0.5853823423
-0.0154126734,0.0320224464,0.5377975702
-0.0496796854,0.0604535937,0.5213374496
-0.0520738885,0.0142155727,0.453401953
-0.0381575897,0.0350151993,0.349553436
-0.0852934346,0.0380079523,0.3223194182
-0.0481833108,0.0498293228,0.2759317458
-0.1007061079,0.0564133786,0.295235008
-0.1744774431,0.0924760401,0.3121440411
-0.1657984704,0.0501285978,0.3458124995
-0.1955763549,0.0421978049,0.3568857014
-0.2036567777,0.0689829364,0.3283049166
-0.2460042238,0.0893336535,0.2458545864
-0.2735375464,0.0914285779,0.247350961
-0.293289721,0.0674865618,0.1852513552
-0.3061585426,0.0248398427,0.1566705704
-0.236277774,0.066888012,0.1593640447
-0.217423439,0.0535702631,0.1726817936
-0.1873462796,0.05117606,0.2015618533
-0.1295861602,0.05117606,0.2219125628
-0.0698807612,0.0040402152,0.3164835274
0.0395043269,0.0049380409,0.2997241318
-0.0005985504,0.083497785,0.310498029
0.0460883826,0.0510264225,0.358382076
0.0556651913,0.043843817,0.4050689936
0.013617022,0.0203507151,0.4469675422
0.0249894802,-0.0216974523,0.4373907149
-0.020949265,-0.0074818805,0.4050689936
-0.0475847572,0.0088286186,0.4170400202
-0.1310825497,0.0420481674,0.4134486914
-0.1379658729,0.0278325956,0.3728969097
-0.1455973983,0.014963761,0.401627332
-0.1268926859,-0.0375590399,0.3012205064
-0.1554734707,-0.0604535937,0.3251625299
-0.1620575339,-0.0311246216,0.295235008
-0.180014044,-0.0332195498,0.2784755826
-0.1496376097,-0.0158615857,0.3309983909
-0.1033995822,-0.066888012,0.3392284513
-0.0285807829,-0.0885854661,0.4251204431
0.0436941795,-0.0721253231,0.3782838583
0.1572691202,-0.0393546894,0.4749497473
0.2012625784,-0.0245405678,0.5632359385
0.2985270321,-0.0528220758,0.5892729163
0.3796305954,0.0228945538,0.5889736414
0.4613327384,-0.0546177253,0.7335235476
0.5351040959,-0.0564133786,0.8051999807
0.5737105608,-0.0311246216,0.81821841
0.6274304986,-0.0685340241,0.776319921
0.60438627,-0.0661398247,0.7116764784
0.6420949697,-0.0574608408,0.6913257241
0.6153098345,-0.0767640918,0.6218938828
0.6136638522,-0.0502782352,0.6123170853
0.6485294104,-0.0629974306,0.5918167233
0.6685808301,-0.1059434265,0.4804863632
0.6941688657,-0.1159691438,0.4984428585
0.6887819171,-0.0700303987,0.3618237376
0.6685808301,-0.0758662671,0.2708440721
0.6290764809,-0.1025017574,0.3161842525
0.6147112846,-0.0748188049,0.2633621991
0.5847837925,-0.1117792949,0.2069488168
0.5684732795,-0.1292868853,0.1589151323
0.6118681431,-0.12075755,0.0594061315
0.6693289876,-0.1825578809,0.0302267969
0.7122750282,-0.1952770799,0.1746270806
0.6973112226,-0.0782604665,0.3274070919
0.7413046956,-0.038905777,0.5315127969
0.6884826422,-0.0869394466,0.5825392008
0.6938695908,-0.0200514384,0.5401917696
0.7664438486,0.0002992752,0.7456442118
0.9050082564,-0.0327706374,0.7836521268
0.950797379,-0.0510264225,0.8096891046
0.9472060204,-0.0739209801,0.7185598016
0.918176353,-0.0344166495,0.5759551525
0.9729437232,0.0207996275,0.566378355
1.0893617868,-0.0043394906,0.5352537036
1.0922049284,-0.0231938288,0.4683656991
1.0681132078,-0.0420481674,0.349852711
1.0116999149,-0.0371101275,0.2600701451
0.9597756267,0.0172083247,0.2817676067
0.8662521243,-0.0444423705,0.2542342842
0.8783727288,-0.0656909123,0.2050035149
0.8883984685,-0.1574187577,0.2038064152
0.9097966552,-0.2085948288,0.1461959481
0.8406640887,-0.1780687571,0.1099836379
0.8159738779,-0.1490390599,0.103848502
0.7441478372,-0.1408089846,0.0809539482
0.7101801038,-0.0860416219,0.0833481476
0.6530185342,-0.0731727928,0.0065840548
0.6470330358,-0.1400607973,-0.034267012
0.653617084,-0.1194108129,-0.039205052
0.6488286853,-0.0796072036,0.0252887551
0.5945101976,-0.1553238332,0.0359130241
0.5585972071,-0.0404021554,0.0082300687
0.5680243373,-0.002992752,0.1794154942
0.5599439144,-0.0433949046,0.1241992116
0.5377975702,-0.0869394466,0.0831985101
0.6289268732,-0.1230021119,0.051924251
0.639850378,-0.0809539482,0.032621
0.680551827,-0.0709282234,0.0323217213
0.6590040326,-0.0383072272,0.1241992116
0.62204355,0.0163105,0.1360205859
0.6200982332,0.0184054263,0.2639607489
0.6576572657,0.0294786077,0.3570353389
0.6527192593,-0.0115220957,0.3341407776
0.5720645785,-0.0399532393,0.2635118365
0.5283703804,0.0104746325,0.1940799803
0.477493614,0.0788590163,0.2085948288
0.4146458209,0.1313818246,0.1319803745
0.4185363948,0.1090858132,0.1249473989
0.405517906,0.0655412748,0.1189619005
0.4149450958,0.0760159045,0.1417068094
0.38995561,0.1029506698,0.2111386657
0.3649661243,0.1243488491,0.3235165179
0.3461117744,0.1554734707,0.4970961213
0.3546411395,0.1162684187,0.4563947022
0.379480958,0.1098340005,0.4863222241
0.3968389332,-0.0279822331,0.5391442776
0.2982277572,0.0532709882,0.5524620414
0.2326864749,0.2053027898,0.6413467526
0.1283890605,0.1623568088,0.7291840315
0.0885854661,0.1527799964,0.6206967831
0.0309749842,0.180014044,0.5792471766
0.0300771594,0.0496796854,0.5475239754
-0.0607528687,0.0145148477,0.4486135542
-0.1289876103,0.01062427,0.4073135555
-0.2446574867,0.0417488925,0.3910030723
-0.3161842525,0.0730231553,0.2252046019
-0.3631704748,0.0579097532,0.1765723825
-0.4079121053,0.117016606,0.2510918975
-0.4275146425,0.1488894224,0.1544260085
-0.5006874204,0.167294845,0.2024596781
-0.5542576909,0.1225531995,0.2277484387
-0.680551827,0.1340752989,0.3833715618
-0.7712322474,0.194977805,0.4969464839
-0.905457139,0.1725321561,0.4834791124
-1.0108020306,0.1557727456,0.5131073594
-1.1070190668,0.1568202078,0.6193500757
-1.1231799126,0.1268926859,0.6789058447
-1.1385926008,0.04189853,0.6594529152
-1.1999440193,0.0215478148,0.618452251
-1.1550526619,0.0237923786,0.6446388364
-1.1686697006,0.0823006853,0.6049848199
-1.1110591888,0.0908300281,0.5594950318
-1.101183176,0.1611597091,0.4830302
-1.0052654743,0.2425625622,0.4424783885
-0.9021651149,0.1842038929,0.2786252201
-0.7477391362,0.096516259,0.0885854661
-0.6628946066,0.0468365699,-0.12075755
-0.5796960592,0.0086789811,-0.2751835585
-0.4679167867,-0.091129303,-0.3639186621
-0.4047697186,-0.1363198608,-0.4050689936
-0.3944447339,-0.1791162193,-0.3935469091
-0.4164414704,-0.2102408409,-0.237624526
-0.5380968451,-0.1035492271,-0.0626981556
-0.6144120097,-0.0272340439,0.2533364594
-0.6079775691,0.0038905777,0.7022492886
-0.6609492898,-0.0722749606,1.0529998541
-0.6970119476,-0.0597054064,1.3811551332
-0.8123825788,-0.1405097097,1.6219220161
-0.9464578629,-0.145148471,1.933617115
-1.0286089182,-0.160112232,2.0097827911
-1.1222820282,-0.1714846939,2.0852000713
-1.1716624498,-0.1868973672,1.976563096
-1.2873322964,-0.1545756459,1.6971896887
-1.3696329594,-0.0623988807,1.451634407
-1.3802572489,-0.0399532393,1.1453262568
-1.4475941658,0.0330699123,0.8415619135
-1.4658499956,0.0926256776,0.5464765429
-1.5237597227,0.1592144072,0.3244143426
-1.5631144047,0.230441913,0.143203184
-1.5907974243,0.2783259451,-0.0571615659
-1.6095020771,0.317979902,-0.1942296177
-1.621473074,0.2763806581,-0.3757400215
-1.643769145,0.3251625299,-0.6076782942
-1.6593314409,0.3574842513,-0.6901286244
-1.684620142,0.2771288455,-0.8017582893
-1.6527473927,0.2612672746,-0.8288426995
-1.5946879387,0.3024176061,-0.7339724302
-1.6144400835,0.2955342829,-0.6503250599
-1.5928922892,0.284461081,-0.496347934
-1.4703390598,0.2968810201,-0.3269581795
-1.3811551332,0.2252046019,-0.2404676378
-1.2612954378,0.1759738177,-0.1300350726
-1.0839748383,0.0700303987,0.0363619365
-0.9299977422,-0.0544680879,0.1740285307
-0.732027173,-0.1360205859,0.2853589058
-0.5955576897,-0.1457470357,0.5355529785
-0.5150526166,-0.1007061079,0.7296329737
-0.4083610177,-0.0558148287,0.8937854171
-0.3353378773,-0.0531213507,1.0547955036
-0.1616086215,-0.0462380201,1.1441291571
0.0169090498,-0.0528220758,1.1725603342
0.1795651317,-0.1710357815,1.0778397322
0.1958756298,-0.2120364904,1.0550947189
0.1770212948,-0.1408089846,0.8506897688
0.1167173311,0.0068833297,0.8164227605
0.0528220758,0.1002571955,0.7450456619
0.0137666594,0.137367323,0.5758054852
-0.1274912357,0.1635539085,0.3848679364
-0.2534860969,0.2264017016,0.221314013
-0.4465186298,0.2507926226,0.0698807612
-0.5891232491,0.2522889972,-0.0230441913
-0.6615478396,0.2281973511,-0.1496376097
-0.7287351489,0.2591723204,-0.1996165663
-0.838419497,0.1990180165,-0.2533364594
-0.8180688024,0.2029085904,-0.271143347
-0.8508394361,0.2290951759,-0.2483984232
-0.8475474119,0.2467524111,-0.1753752679
-0.8324339986,0.2009633034,-0.1611597091
-0.7095815539,0.1515828967,-0.046537295
-0.61321491,0.2036567777,0.0143652102
-0.4969464839,0.2370259613,0.1433528215
-0.401627332,0.2486976981,0.304662168
-0.2735375464,0.2057517022,0.3989338577
-0.158166945,0.1868973672,0.4728548229
-0.0718260482,0.1583165824,0.4917091727
0.0097264443,0.1292868853,0.5394435525
0.0486322232,0.1222539246,0.5297171474
0.083497785,0.0894832909,0.4733037353
0.0902314782,0.076165542,0.3788824081
0.0647930801,0.0520738885,0.2926911712
0.0474351197,0.0628477931,0.2305915505
0.0386065021,0.011971008,0.1874959171
0.0610521436,-0.0658405498,0.0893336535
0.0330699123,-0.0743698925,0.0975637212
0.0682347491,-0.0737713426,0.1572691202
0.0053869537,-0.0341173746,0.2026093155
-0.0942716897,0.0323217213,0.3339911401
-0.1039981395,0.072424598,0.4258686304
-0.1267430484,0.1102829129,0.530914247
-0.1409586221,0.0502782352,0.6084265113
-0.1535281837,0.0616506934,0.5494692922
-0.1179144308,0.0249894802,0.5264251232
-0.1117792949,0.0023942017,0.5597943068
-0.0715267733,-0.038905777,0.4840776622
-0.0725742355,-0.0145148477,0.4803367257
-0.0836474225,0.022296004,0.5017349124
-0.0915782154,0.0540191755,0.4525041282
-0.0917278528,0.0673369244,0.4345476031
-0.0354641117,0.0460883826,0.4798878133
0.0327706374,0.0056862291,0.3875614107
0.0662894621,-0.0353144743,0.3910030723
0.0579097532,-0.0175075997,0.3836708367
0.0278325956,0.0423474424,0.4302081168
-0.0013467384,0.081851773,0.5964555144
0.0073322426,0.1080383509,0.6346130967
-0.0037409402,0.1174655184,0.7122750282
-0.0167594124,0.1053448766,0.7324760556
-0.0184054263,0.0544680879,0.6522703171
-0.0172083247,0.0284311455,0.6462848186
-0.0864905342,0.0846948847,0.6055833697
-0.1176151559,0.1155202314,0.6033388376
-0.1240495741,0.1010053828,0.4647744
-0.1566705704,0.1261444986,0.4361936152
-0.1473930478,0.1086369008,0.3896563351
-0.1035492271,0.0683843866,0.3933972716
-0.0858919844,0.0462380201,0.3432686627
-0.0706289485,0.0600046813,0.2799719572
-0.0909796655,0.0248398427,0.224905327
-0.1277905107,0.0454898328,0.3348889649
-0.128239423,0.0466869324,0.4210802317
-0.1761234552,0.0199018009,0.453401953
-0.1331774741,-0.001496376,0.5406406522
-0.1641524583,-0.0399532393,0.5907692909
-0.1605611444,0.0285807829,0.6015431881
-0.1584662199,0.0010474633,0.6839935184
-0.1707365066,0.0127191963,0.7128735781
-0.1855506301,0.0049380409,0.8086416125
-0.1804629564,0.0318728089,0.7513304353
-0.1662473828,0.0166097749,0.7574655414
-0.1646013707,0.0457891077,0.7158663273
-0.156221658,0.0125695588,0.6491279602
-0.1161187813,-0.0278325956,0.5907692909
-0.1161187813,-0.0288800579,0.5216367245
-0.0878372714,-0.0016460137,0.5568015575
-0.0757166296,0.0278325956,0.5187935829
-0.0974140838,0.0405517928,0.5383961201
-0.1225531995,0.0481833108,0.5005378127
-0.1466448605,0.0579097532,0.4171896577
-0.1050456017,0.0971148089,0.2895487547
-0.2217629254,0.1259948611,0.2087444663
-0.226551339,0.1274912357,0.1315314621
-0.2461538613,0.0784101039,0.0074818805
-0.2334346622,0.0429459922,-0.0339677371
-0.2041056901,0.0158615857,-0.0731727928
-0.1752256304,-0.0172083247,-0.1663970202
-0.146495223,-0.0215478148,-0.0933738649
-0.1218050122,-0.0161608607,-0.0851437971
-0.095019877,-0.0178068746,0.0200514384
-0.0656909123,0.0001496376,0.1599625945
0.0264858566,-0.0746691674,0.2721908092
0.0237923786,-0.0513256975,0.3986345828
0.0335188247,-0.0426467173,0.4450222552
0.0613514185,-0.0421978049,0.5011363626
0.0785597414,-0.0764648169,0.5201402903
0.1315314621,-0.0809539482,0.5427355766
0.1224035621,-0.126593411,0.5056254864
0.1016039327,-0.1033995822,0.5222352743
0.0562637411,-0.0820014104,0.5355529785
-0.013317747,-0.049230773,0.5391442776
0.0205003526,-0.0266354941,0.502183795
0.0278325956,-0.0213981774,0.4879682362
0.0495300479,-0.1029506698,0.3586813509
0.0890343785,-0.0501285978,0.2498947978
0.0814028606,-0.107739076,0.1901893914
0.0876876339,-0.1025017574,0.1973720044
0.137666598,-0.0881365538,0.1891419291
0.1274912357,-0.0716764107,0.2322375625
0.1083376259,-0.0041898531,0.1987187415
0.1147720441,0.0122702839,0.2874538302
0.080056116,-0.0115220957,0.2621650994
0.0758662671,0.0294786077,0.3184288144
0.0671872869,0.0442927331,0.2992752194
0.1110311002,-0.0019452889,0.2407669127
0.1307832748,-0.0851437971,0.2442085743
0.1479915977,-0.0489314981,0.278924495
0.1611597091,-0.0073322426,0.3134907782
0.1442506462,0.002244564,0.2500444353
0.1292868853,0.0592564903,0.3600280881
0.10235212,0.1063923389,0.4043208063
0.1394622475,0.0888847411,0.3838204741
0.1547252834,0.0701800361,0.3395277262
0.2085948288,0.034267012,0.3443161249
0.1942296177,0.0866401717,0.328753829
0.1883937418,0.0803553909,0.2618658245
0.1753752679,0.0622492433,0.2594715953
0.1885433793,0.0417488925,0.2870049179
0.160112232,0.0701800361,0.322917968
0.1050456017,0.0531213507,0.3075052798
0.1068412513,0.0613514185,0.2907458544
0.0644938052,0.0600046813,0.3338415027
0.080056116,0.0586579405,0.2668038607
0.0790086538,0.0146644851,0.2558802962
0.087388359,-0.0019452889,0.2377741635
0.0673369244,0.0218470898,0.261716187
0.0558148287,0.0481833108,0.2256535143
0.0600046813,0.0094271693,0.2422632873
0.0737713426,-0.0242412928,0.258723408
0.117315881,0.0287304204,0.3615244627
0.1342249364,0.0215478148,0.4581903517
0.105793789,0.0062847794,0.5141547918
0.1143231317,0.0257376675,0.522384882
0.1013046578,0.0474351197,0.6094739437
0.0739209801,0.0658405498,0.6787561774
0.1062427014,0.049230773,0.6165069342
0.0739209801,0.0185550638,0.6187515259
0.0662894621,0.022296004,0.6115688682
0.1063923389,-0.072723873,0.5743091106
0.1391629726,-0.0184054263,0.5180453658
0.1192611754,-0.0501285978,0.5814917088
0.0852934346,-0.0281318706,0.5442319512
0.0884358287,0.034267012,0.593313098
0.0767640918,0.0580593906,0.6150105596
0.0544680879,0.0682347491,0.5852326751
0.0561141036,0.0787093788,0.5436334014
0.0386065021,0.0396539643,0.4637269378
0.0674865618,0.0164601374,0.3993827701
0.0139162978,0.0766144544,0.3350386024
0.0531213507,0.0290296953,0.273088634
0.1026513949,0.0386065021,0.2602197826
0.1349731237,0.0067336923,0.2017114908
0.1643020958,-0.0432452671,0.1372176856
0.1777694821,-0.0568622909,0.1912368536
0.2012625784,-0.000748188,0.2858078182
0.169240132,0.014963761,0.3181295395
0.2156277895,-0.0285807829,0.3791816831
0.1948281676,-0.0296282452,0.4773439765
0.2219125628,-0.0444423705,0.4438251257
0.2036567777,-0.0185550638,0.4773439765
0.1657984704,0.0224456415,0.5790975094
0.1379658729,-0.0040402152,0.6235399246
0.0776619166,0.0070329676,0.4932055473
0.0803553909,0.0061351419,0.4680664241
0.0281318706,-0.0453401953,0.4981435835
0.0234931037,-0.0041898531,0.3404255509
0.0387561396,-0.0324713588,0.3262099922
-0.0046387659,-0.0104746325,0.3311480284
-0.043544542,-0.056563016,0.3025672436
-0.0594061315,-0.0266354941,0.2630629241
-0.0656909123,-0.0338180996,0.234332487
-0.0959177092,-0.0368108526,0.2451063991
-0.1039981395,-0.0339677371,0.288351655
-0.0188543387,-0.0713771358,0.3541922271
0.036212299,-0.0760159045,0.3434183002
0.1306336373,-0.0712274984,0.3039139807
0.1749263555,-0.0872387215,0.3506008983
0.2494458854,-0.0843956098,0.3458124995
0.2826654315,-0.0526724383,0.3254618049
0.328753829,-0.0398036018,0.4174889326
0.3714005351,-0.0330699123,0.3875614107
0.3929483593,-0.0734720677,0.3492541611
0.4222773314,-0.0951695144,0.247350961
0.4441244006,-0.1087865382,0.2962824702
0.4682160616,-0.0887351036,0.3019686937
0.4659714997,-0.0459387451,0.2443582118
0.4960486591,-0.0469862074,0.3278560042
0.5559037328,-0.0305260718,0.3121440411
0.5987000465,-0.043843817,0.3166331649
0.6729202867,-0.0459387451,0.3989338577
0.7279869318,0.0161608607,0.4297592044
0.7808090448,0.1155202314,0.4845265746
0.8167220354,0.0857423469,0.5392939448
0.9786299467,0.0749684423,0.5822399259
1.0155904293,-0.1033995822,0.3842693865
1.0263643265,0.0609025061,0.4043208063
1.0416274071,0.1243488491,0.4890156984
1.1324573755,0.1342249364,0.5413888693
1.2128127813,0.1276408732,0.4813841879
1.2226889133,0.1476923227,0.4357447028
1.2222399712,0.1729810685,0.4451718926
1.2982559204,0.1954267174,0.3576338887
1.3037924767,0.1530792713,0.2855085433
1.3652935028,0.0929249525,0.1429039091
1.4101848602,-0.004489128,-0.0082300687
1.4449007511,-0.0525228009,-0.0267851315
1.3804069757,-0.0104746325,0.0182557888
1.333121419,0.1250970364,0.0609025061
1.2883797884,0.1592144072,0.135721311
1.2491747141,0.1019032076,0.046537295
1.2384008169,0.0719756857,0.098461546
1.1728595495,0.0864905342,0.0737713426
1.1142016649,0.0788590163,0.0549170002
1.1070190668,0.026934769,0.037259765
1.1013327837,-0.0016460137,-0.0330699123
1.0076596737,-0.0281318706,-0.1405097097
0.9199720025,-0.01062427,-0.263661474
0.9077017307,0.0094271693,-0.316034615
1.0116999149,-0.0840963349,-0.3565864265
1.0576386452,-0.1441010088,-0.2475005984
1.0600328445,-0.1975216419,-0.1168669686
1.1391911507,-0.2451063991,0.0855927095
1.2277765274,-0.2112883031,0.4677671492
1.2515689135,-0.2742857337,0.8476970196
1.2048820257,-0.236277774,1.2850877047
1.0737994909,-0.1696890444,1.5444097519
1.0233715773,-0.1616086215,1.9078794718
0.9439139962,-0.1382651478,2.300229311
0.8295909166,-0.1366191357,2.5058312416
0.7037456632,-0.0852934346,2.6216509342
0.5515642166,-0.1013046578,2.6993126869
0.4336497784,-0.1200093627,2.6259903908
0.3404255509,-0.1081879884,2.5324668884
0.2407669127,-0.1725321561,2.3130981922
0.0962169841,-0.1782183945,1.9191023111
0.0462380201,-0.1922843307,1.5599720478
-0.0193032511,-0.1690904945,1.1302127838
-0.1455973983,-0.0954687893,0.814327836
-0.2085948288,-0.022296004,0.4867711365
-0.2790741324,0.002992752,0.1904886663
-0.2882020175,-0.0332195498,-0.2002151161
-0.2841618061,-0.0275333188,-0.4626794755
-0.3045125306,0.0314238966,-0.6507739425
-0.4144961834,0.0981622711,-0.8125321865
-0.4227262437,0.1515828967,-0.9525930285
-0.4450222552,0.171185419,-1.0102034807
-0.4619312882,0.1339256614,-1.0365396738
-0.4894646108,0.1485901475,-1.0905588865
-0.5536591411,0.1256955862,-1.1543045044
-0.5828384757,0.178368032,-1.1655273438
-0.5928642154,0.1481412351,-1.2295721769
-0.5267243981,0.148739785,-1.232714653
-0.4745008349,0.0932242274,-1.2060791254
-0.4574421644,0.0743698925,-1.1652280092
-0.462829113,0.0736217052,-1.1210849285
-0.470310986,0.0697311237,-0.9692027569
-0.4767454267,0.1225531995,-0.787692368
-0.5270236731,0.1215057373,-0.6637924314
-0.4958990216,0.0763151795,-0.5195417404
-0.4342483282,-0.0522235259,-0.4245218933
-0.4496610165,-0.0588075779,-0.2289455384
-0.4634276628,-0.0314238966,-0.14844051
-0.4700117111,-0.0314238966,0.0088286186
-0.4800374508,-0.0706289485,0.0725742355
-0.4412812889,-0.1607107818,0.1315314621
-0.395791471,-0.252887547,0.2683002353
-0.4854243994,-0.2579752207,0.5080196857
-0.6359598041,-0.1349731237,0.6928220987
-0.7793126702,-0.0541688129,0.8382698894
-0.9078513384,-0.0594061315,1.0184335709
-1.0085574389,-0.0957680643,1.0658686161
-1.0746972561,-0.1446995586,1.0535984039
-1.1275193691,-0.1529296339,0.9467571378
-1.192761302,-0.1717839688,0.7695862055
-1.2098200321,-0.1572691202,0.5457283258
-1.1661258936,-0.1473930478,0.4297592044
-1.120336771,-0.1071405262,0.3271078169
-1.0971429348,-0.0562637411,0.2793734074
-1.048361063,-0.0137666594,0.21383214
-1.078438282,-0.0046387659,0.1219546497
-1.0637737513,0.0338180996,0.0682347491
-1.0401309729,0.0297778845,0.0384568647
-1.0919055939,0.0748188049,0.0468365699
-1.1965023279,0.1138742194,0.1089361757
-1.2909235954,0.1584662199,0.1014542952
-1.3793594837,0.1599625945,0.1250970364
-1.4212579727,0.1313818246,0.0504278727
-1.3350666761,0.0805050358,0.0152630359
-1.2832920551,0.0493804105,0.0266354941
-1.2087725401,-0.010324995,-0.0386065021
-1.193808794,-0.0523731634,-0.01062427
-1.1631331444,-0.0393546894,0.1035492271
-1.1364976168,0.0606032312,0.2202665508
-1.1095628738,0.0866401717,0.3128922284
-1.0691606998,0.0568622909,0.4918588102
-1.0205284357,0.0453401953,0.5832874179
-0.9415197968,0.0380079523,0.7227496505
-0.9567828774,0.0224456415,0.8180688024
-0.9169792533,0.0320224464,0.9240122437
-0.886303544,0.0216974523,0.9464578629
-0.8976759911,-0.0058358666,1.0562918186
-0.875230372,-0.0112228207,1.0452187061
-0.8613140583,0.0157119483,1.0353425741
-0.8830115199,0.0514753349,1.0305541754
-0.9276035428,0.0526724383,1.0591349602
-1.0148422718,0.1478419602,0.9932944179
-1.0277110338,0.1517325342,0.8892962933
-1.0408791304,0.0987608209,0.8475474119
-0.9457096457,0.0182557888,0.6872855425
-0.9085995555,-0.0151133984,0.6180033088
-0.910395205,0.0285807829,0.5211877823
-0.9047089815,0.0309749842,0.4399345517
-0.8864531517,0.0677858368,0.4185363948
-0.8262988329,0.0534206256,0.3874117732
-0.7266402245,0.0216974523,0.3371335268
-0.6982090473,0.0028431145,0.2976292074
-0.66035074,0.0582090281,0.3309983909
-0.5852326751,0.0460883826,0.3643675745
-0.5147533417,0.0257376675,0.3749918342
-0.3898059726,0.0016460137,0.470610261
-0.2885012925,-0.0053869537,0.6033388376
-0.2626140118,-0.0546177253,0.7779659033
-0.2700958848,-0.0338180996,0.8833107948
-0.2445078492,-0.0175075997,1.0257657766
-0.2217629254,0.0823006853,1.0604816675
-0.2036567777,0.0484825857,1.0881646872
-0.1128267571,0.0306757092,1.0310031176
-0.0640448928,0.0035913025,1.0108020306
-0.0080804303,0.0603039563,0.9069535136
-0.0221463665,0.0692822114,0.7815572023
0.0002992752,0.1494879723,0.7112275362
-0.0193032511,0.1623568088,0.636259079
0.0134673845,0.1556231081,0.598251164
0.0320224464,0.1454477459,0.4634276628
0.0999579206,0.1366191357,0.3954921961
0.0646434426,0.1092354506,0.3468599617
0.0056862291,0.1520318091,0.2407669127
-0.0240916554,0.1744774431,0.1035492271
-0.0734720677,0.1583165824,0.063147068
-0.063147068,0.1520318091,-0.0261865817
-0.0849941596,0.036212299,-0.1013046578
-0.0550666377,-0.0178068746,-0.1955763549
-0.1200093627,0.0339677371,-0.1631049961
-0.1590647697,0.0616506934,-0.0683843866
-0.1726817936,0.0900818408,-0.0299275219
-0.2144306898,0.0481833108,0.0454898328
-0.1191115379,0.0070329676,0.1723825186
-0.0507271476,0.0046387659,0.248996973
0.0237923786,0.0019452889,0.3675099611
0.0151133984,0.0261865817,0.4131494164
0.133776024,0.0046387659,0.5699696541
0.209941566,0.0243909303,0.5832874179
0.2163759768,-0.0079307929,0.6253355742
0.3078045547,-0.0218470898,0.5861304998
0.3549404144,-0.0610521436,0.6054337621
0.4068646431,-0.0148141226,0.5111620426
0.4177882075,-0.0212485399,0.4994903207
0.4263175428,-0.0351648368,0.4505588412
0.4584896266,0.032621,0.4173392951
0.4429273009,-0.0157119483,0.3959411085
0.3631704748,0.0086789811,0.3529951274
0.3520972729,0.0308253467,0.3184288144
0.3555389643,0.0267851315,0.1964741796
0.3892074227,-0.0439934544,0.1415571719
0.3483563364,-0.1036988646,0.0052373162
0.3301005661,-0.0959177092,0.0303764343
0.2545335591,-0.0320224464,0.0016460137
0.1901893914,-0.0424970798,0.105793789
0.172831431,0.0041898531,0.1524807215
0.1164180562,-0.0411503427,0.172831431
0.0938227773,-0.0448912829,0.2660556734
0.0526724383,-0.0547673628,0.286406368
-0.0077811554,-0.0737713426,0.3090016544
0.0339677371,-0.076165542,0.3461117744
0.0249894802,-0.0682347491,0.3531447649
0.0335188247,-0.0546177253,0.481084913
0.008978256,-0.0510264225,0.4727051854
0.0351648368,-0.0674865618,0.534804821
0.1051952392,-0.0327706374,0.4785410762
0.1105821878,-0.0534206256,0.5048772693
0.1075894386,-0.0393546894,0.5479729176
0.1651999205,-0.032621,0.5635352135
0.1340752989,-0.0118213706,0.6319196224
0.1809118688,0.013317747,0.6690297127
0.1674444824,0.0344166495,0.6619967818
0.1924339682,0.0383072272,0.6034884453
0.1406593472,0.0083797062,0.5437830687
0.1268926859,0.0264858566,0.4278139174
0.1189619005,0.051924251,0.4182371199
0.066888012,0.0635959804,0.3812766075
0.0803553909,0.0664390996,0.4029740691
0.0902314782,0.0790086538,0.3562871516
0.0939724147,0.0597054064,0.3444657624
0.0297778845,0.0462380201,0.3612251878
0.032621,0.031573534,0.3003226817
0.010324995,0.0574608408,0.3675099611
-0.0154126734,0.0128688337,0.3435679376
-0.0493804105,-0.0023942017,0.2908954918
-0.0924760401,0.0285807829,0.3437175751
-0.0632967055,0.0671872869,0.3173813522
-0.0897825658,0.0125695588,0.2983773947
-0.0894832909,-0.0308253467,0.334290415
-0.0851437971,-0.0616506934,0.3893570602
-0.0544680879,-0.017956512,0.3857657611
-0.1200093627,-0.0032920274,0.5496188998
-0.1185129806,0.0261865817,0.6274304986
-0.1230021119,0.0202010777,0.6274304986
-0.103848502,0.0489314981,0.5270236731
-0.0288800579,0.0056862291,0.589422524
-0.0353144743,0.0004489128,0.5499181747
0.0113724582,-0.0004489128,0.5093663931
0.0393546894,-0.0246902052,0.4809352756
0.0405517928,0.0779611915,0.4212298691
-0.0088286186,0.0667383745,0.4525041282
0.0534206256,0.0366612151,0.3916016221
0.0528220758,-0.0188543387,0.3534440398
0.0387561396,0.0031423897,0.3308487535
0.0517746136,0.0083797062,0.33458969
0.0011971008,0.034566287,0.3441664875
-0.0300771594,0.0737713426,0.3383306265
-0.0329202749,0.0532709882,0.3634697497
0.0083797062,0.0216974523,0.2822165191
-0.0182557888,0.0754173547,0.3408744633
0.0339677371,0.0477343947,0.2763806581
0.0077811554,0.0453401953,0.3122936785
-0.0071826051,0.0555155501,0.2777273953
-0.0047884034,0.0555155501,0.2729389966
0.0016460137,0.039205052,0.2778770328
0.0037409402,0.0254383925,0.282815069
0.066888012,-0.0055365916,0.291344434
0.0550666377,-0.0291793328,0.2255038768
0.1035492271,-0.0360626616,0.2554313838
0.0683843866,0.0011971008,0.2793734074
0.0929249525,0.0299275219,0.4541501403
0.1186626181,0.0227449164,0.4529530406
0.0905307531,0.0407014303,0.4936544597
0.0773626417,-0.0098760817,0.4659714997
0.081851773,0.0134673845,0.5605424643
0.049230773,0.0205003526,0.4958990216
0.0216974523,0.0053869537,0.4947019219
0.0383072272,-0.0317231715,0.5654805303
0.0095768068,-0.0980126336,0.6001964211
0.0050876788,-0.1011550203,0.5487210751
-0.013317747,-0.0402525179,0.4806360006
-0.0181061495,-0.0031423897,0.4783914387
-0.0272340439,-0.02558803,0.5012859702
-0.0309749842,0.0424970798,0.4872200489
-0.0332195498,0.0302267969,0.3724479973
0.0281318706,0.0273836814,0.3474585116
0.0441430956,-0.0011971008,0.3537433147
0.0888847411,-0.0420481674,0.224606052
0.106093064,-0.0386065021,0.2846107185
0.1550245583,-0.0047884034,0.2190694511
0.1215057373,-0.0155623108,0.1880944669
0.1402104348,-0.0390554145,0.1990180165
0.1238999367,-0.0522235259,0.2364274114
0.1295861602,-0.011971008,0.2735375464
0.1406593472,-0.0730231553,0.4041711688
0.0945709646,-0.0867898092,0.4556465149
0.0386065021,-0.0484825857,0.4354454279
0.0242412928,-0.0749684423,0.4174889326
-0.0484825857,-0.0299275219,0.4200327694
-0.0725742355,-0.0005985504,0.4896142483
-0.1026513949,-0.0586579405,0.4261679053
-0.1304839998,-0.0215478148,0.3760392964
-0.165349558,-0.0248398427,0.3845686615
-0.1791162193,-0.0291793328,0.3667617738
-0.1541267335,-0.0276829563,0.3333925903
-0.1680430323,-0.0543184504,0.3241150677
-0.2123357654,-0.0176572371,0.2919429839
-0.1975216419,-0.0293289702,0.1940799803
-0.1381155103,-0.0314238966,0.2314893752
-0.135721311,-0.0140659353,0.1729810685
-0.0387561396,-0.0175075997,0.1444002837
0.0216974523,-0.0100257192,0.1578676701
0.0785597414,-0.0134673845,0.1399111599
0.1617582589,-0.0077811554,0.2597708702
0.1729810685,0.0234931037,0.3437175751
0.2123357654,0.0088286186,0.3688566983
0.2189198136,-0.0028431145,0.4418798387
0.2382230759,0.0320224464,0.518494308
0.2440589368,0.0469862074,0.5328595042
0.2389712632,0.0589572154,0.5639841557
0.2112883031,0.0433949046,0.5641337633
0.1867477298,0.0471358448,0.4840776622
0.1964741796,0.0589572154,0.4830302
0.1438017339,0.0384568647,0.4113537669
0.1019032076,0.0656909123,0.3709516227
0.0586579405,0.0787093788,0.3699041605
0.0644938052,0.1035492271,0.3558382392
0.0200514384,0.1016039327,0.3393780887
0.026934769,0.081552498,0.3107973039
-0.0365115777,0.092775315,0.3169324398
-0.0604535937,0.0718260482,0.2392705381
-0.0321720839,0.1081879884,0.3471592367
-0.0576104783,0.1267430484,0.3209726512
-0.0613514185,0.1155202314,0.3043628931
-0.031573534,0.1276408732,0.2841618061
-0.0531213507,0.1433528215,0.2627636492
-0.0576104783,0.135721311,0.2305915505
-0.0616506934,0.1535281837,0.2428618371
-0.0116717331,0.1391629726,0.2059013397
0.0122702839,0.137367323,0.1569698453
0.0363619365,0.1182137057,0.2097919285
0.0680851117,0.1099836379,0.193032518
0.105793789,0.0677858368,0.2207154632
0.1221042871,0.0963666216,0.2446574867
0.1191115379,0.1288379729,0.2231096774
0.0986111835,0.128239423,0.2744353712
0.0909796655,0.1378162354,0.3546411395
0.1234510243,0.0734720677,0.3582324386
0.1334767491,0.0221463665,0.3510498106
0.0897825658,0.0101753576,0.3666121364
0.1250970364,0.0073322426,0.4085106552
0.0846948847,0.0472854823,0.3916016221
0.0824503228,0.0498293228,0.4023755193
0.0622492433,0.0601543188,0.3953425586
0.0442927331,0.0412999801,0.4466682673
0.10235212,0.034566287,0.4418798387
0.0231938288,0.0228945538,0.5029320121
0.0407014303,-0.0068833297,0.4789899886
0.002244564,0.0384568647,0.4502595663
-0.0311246216,0.0297778845,0.4935048223
0.0071826051,-0.0219967272,0.4719569981
-0.0333691873,-0.0071826051,0.4444237053
-0.0402525179,-0.0570119284,0.3930979967
-0.02558803,-0.0680851117,0.3739443719
-0.0324713588,-0.0411503427,0.3631704748
-0.0294786077,-0.059555769,0.4112041295
-0.001496376,-0.058508303,0.3513490856
0.0157119483,-0.002244564,0.4005798697
0.0097264443,0.0062847794,0.3850175738
-0.0246902052,-0.0011971008,0.3827729821
0.0568622909,-0.000748188,0.366163224
0.0218470898,-0.0184054263,0.3722983599
0.0513256975,-0.0589572154,0.3377320766
0.0808043107,-0.0953191519,0.2837128937
0.0743698925,-0.0779611915,0.2669534981
0.1144727692,-0.0606032312,0.3315969408
0.0649427176,-0.0160112232,0.3122936785
0.0908300281,-0.0420481674,0.3098994792
0.081851773,-0.0570119284,0.3757400215
0.1303343624,-0.0395043269,0.4643254876
0.0712274984,-0.0486322232,0.4833294749
0.0625485182,-0.0468365699,0.4653729498
0.05117606,-0.1056441516,0.4881178737
0.0407014303,-0.105793789,0.4797381759
0.0004489128,-0.0957680643,0.4727051854
-0.0169090498,-0.0869394466,0.3805284202
-0.0737713426,-0.0233434662,0.4489128292
-0.056563016,-0.0665887371,0.3688566983
-0.1036988646,-0.1033995822,0.3425204754
-0.08379706,-0.0899322033,0.3402759135
-0.1081879884,-0.0748188049,0.2171241641
-0.1110311002,-0.0038905777,0.2460042238
-0.100406833,-0.0396539643,0.1801636815
-0.0788590163,-0.0218470898,0.1300350726
-0.011971008,-0.0404021554,0.1517325342
0.0131681096,-0.0290296953,0.1457470357
0.0682347491,-0.005985504,0.1722328812
0.0852934346,-0.022296004,0.2404676378
0.0978629962,0.0227449164,0.265606761
0.1617582589,0.0094271693,0.26919806
0.1851017177,0.0073322426,0.3206733763
0.2168248892,0.0163105,0.3482066989
0.2377741635,0.0427963547,0.3541922271
0.1931821555,0.0338180996,0.38995561
0.2307411879,0.0412999801,0.4605845511
0.1714846939,0.0616506934,0.4162918329
0.0966658965,0.0414496176,0.3851672113
0.0396539643,0.0661398247,0.3779845834
0.0194528885,-0.0034416649,0.3767874837
-0.0128688337,0.0019452889,0.3480570614
-0.0908300281,0.0254383925,0.3494037986
-0.1342249364,0.0053869537,0.3172317147
-0.1292868853,-0.0088286186,0.2323872
-0.1506850719,-0.0320224464,0.1749263555
-0.1768716574,0.0312742591,0.2275988013
-0.2373252362,0.0463876575,0.1904886663
-0.1714846939,0.0004489128,0.1475426853
-0.1283890605,-0.0311246216,0.1186626181
-0.1116296574,0.0001496376,0.1689408571
-0.0591068529,-0.013617022,0.2011129409
-0.043544542,0.0169090498,0.2727893591
-0.0407014303,-0.0083797062,0.3598784506
0.013617022,0.0604535937,0.3800795078
0.0071826051,0.0288800579,0.4242226183
0.0472854823,0.0576104783,0.4517559409
0.0981622711,-0.0020949265,0.4827309251
0.1334767491,0.0332195498,0.4911106229
0.12075755,0.0278325956,0.47420156
0.0879869089,0.0623988807,0.4346972406
0.0992097333,0.0460883826,0.4095581174
0.0974140838,0.0423474424,0.3329436779
0.0230441913,0.0219967272,0.2718915343
-0.0023942017,0.0288800579,0.2683002353
-0.0252887551,0.0321720839,0.3208230138
-0.0216974523,0.0318728089,0.4224269688
-0.049230773,0.013617022,0.3983353078
-0.0966658965,0.031573534,0.4638765752
-0.0785597414,0.0158615857,0.5104138851
-0.1013046578,-0.0097264443,0.6024410129
-0.0703296736,0.0002992752,0.5831377506
-0.1306336373,0.0291793328,0.6405985951
-0.1164180562,0.0297778845,0.608276844
-0.1619078964,0.0294786077,0.6178537011
-0.1759738177,0.0598550439,0.6250362992
-0.0971148089,0.0221463665,0.5366004705
-0.0840963349,-0.0047884034,0.4575918019
-0.0493804105,-0.0188543387,0.4240729809
-0.0396539643,-0.0254383925,0.3847182989
0.017956512,-0.036212299,0.3763385713
0.0719756857,-0.0017956513,0.3535936773
0.0796072036,-0.0073322426,0.2961328328
0.1028010324,0.0231938288,0.2950853705
0.0963666216,0.0297778845,0.3824737072
0.1400607973,-0.017956512,0.3094505668
0.1776198447,0.0266354941,0.280869782
0.1352723986,0.0070329676,0.3024176061
0.2262520641,-0.0143652102,0.2439092994
0.2344821244,-0.0067336923,0.2331353873
0.1937807053,-0.0050876788,0.288351655
0.1497872472,0.0629974306,0.3601777256
0.1512836218,0.0864905342,0.3063081801
0.1539770961,0.1111807451,0.3242647052
0.1221042871,0.0737713426,0.2956839204
0.165349558,0.0258873068,0.1939303428
0.1620575339,0.0127191963,0.2561795712
0.1111807451,0.0175075997,0.2442085743
0.0983119085,0.0008978256,0.1951274425
0.0787093788,0.0128688337,0.2334346622
0.0329202749,0.034267012,0.194977805
0.0647930801,0.0122702839,0.2464531362
0.0205003526,-0.0264858566,0.2666542232
0.0383072272,0.0300771594,0.2988263071
-0.0034416649,0.0811035857,0.3371335268
0.0040402152,0.0514753349,0.3597288132
0.002992752,-0.0008978256,0.3655646741
0.0341173746,-0.0317231715,0.3630208373
0.0769137293,-0.0351648368,0.3043628931
0.0528220758,-0.0097264443,0.3485059738
0.070479311,0.0164601374,0.4261679053
0.0594061315,0.0368108526,0.4058171809
0.1031003073,0.0417488925,0.4656722248
0.0953191519,0.0273836814,0.4225766063
0.0957680643,0.0131681096,0.3878606856
0.1191115379,0.0157119483,0.4034229815
0.1111807451,0.0597054064,0.3543418646
0.0998082832,0.0513256975,0.3244143426
0.0849941596,0.0228945538,0.3351882398
0.0667383745,0.0061351419,0.2573766708
0.0857423469,-0.0134673845,0.2632125616
0.0058358666,-0.0194528885,0.3516483605
0.0371101275,-0.0032920274,0.4089595675
-0.028281508,0.0109235449,0.4554968774
-0.0243909303,-0.0010474633,0.5092167854
-0.0680851117,0.0202010777,0.5401917696
-0.1201590002,-0.0297778845,0.5877765417
-0.1325789243,-0.0043394906,0.6079775691
-0.1297357976,-0.0131681096,0.5576993823
-0.1436520964,-0.0351648368,0.531213522
-0.1098340005,-0.0622492433,0.557549715
-0.1391629726,0.0040402152,0.5000888705
-0.1252466738,-0.0558148287,0.4619312882
-0.1125274822,-0.0779611915,0.4164414704
-0.085443072,-0.0466869324,0.4525041282
-0.0975637212,-0.0297778845,0.4225766063
-0.0592564903,-0.0432452671,0.4201824069
-0.0577601157,-0.0190039761,0.3866635859
-0.0276829563,-0.0095768068,0.4668693244
-0.0109235449,0.0067336923,0.4872200489
-0.0297778845,0.0287304204,0.3329436779
-0.0460883826,0.0016460137,0.4682160616
-0.0610521436,-0.0074818805,0.3927987218
-0.0080804303,0.0456394702,0.3534440398
-0.0113724582,0.0041898531,0.3654150367
-0.0858919844,0.0541688129,0.3140893281
-0.0978629962,0.0831985101,0.3250128925
-0.103848502,0.0552162752,0.3012205064
-0.1560720205,0.0586579405,0.2784755826
-0.118812263,0.0333691873,0.2570773959
-0.1343745738,0.0401028767,0.2392705381
-0.135721311,0.0662894621,0.215478152
-0.0885854661,0.0728735179,0.2382230759
-0.0855927095,0.0881365538,0.2849099934
-0.0767640918,0.0234931037,0.2896983922
-0.0679354742,0.0770633668,0.3244143426
-0.0176572371,0.0375590399,0.3423708379
-0.0067336923,0.0160112232,0.3471592367
-0.0104746325,0.0424970798,0.3818751574
0.0378583148,0.0231938288,0.423773706
0.0225952789,0.0170586873,0.460883826
0.0155623108,0.0094271693,0.4107552171
0.0261865817,0.0234931037,0.3856161237
-0.0047884034,0.0230441913,0.4047697186
-0.0104746325,0.0513256975,0.3941454589
-0.0110731833,0.0323217213,0.4444237053
-0.0305260718,-0.0300771594,0.4504092038
-0.0555155501,0.0058358666,0.3809773326
-0.0525228009,-0.0092775319,0.3366846144
-0.068833299,0.0004489128,0.3378817141
-0.12075755,-0.0279822331,0.3018190563
-0.0493804105,-0.0197521634,0.2888005674
-0.0454898328,-0.0921767652,0.2156277895
-0.0692822114,0.0118213706,0.1952770799
-0.0225952789,-0.0146644851,0.2144306898
0.0082300687,-0.0236427411,0.2623147368
0.0243909303,-0.0386065021,0.3100491166
0.0436941795,0.02558803,0.3411737382
0.0817021355,0.0885854661,0.3543418646
0.0870890841,0.0698807612,0.4320037663
0.1340752989,0.0691325739,0.5098153353
0.1545756459,0.0600046813,0.477493614
0.1903390288,0.0266354941,0.466719687
0.1779191196,0.0582090281,0.4176385701
0.1725321561,0.0793079287,0.336235702
0.2392705381,0.0896329284,0.3039139807
0.2561795712,0.105793789,0.2706944346
0.314388603,0.0080804303,0.1857002676
0.3721487224,-0.0160112232,0.1737292558
0.4092588425,-0.0600046813,0.1210568249
0.3890577853,-0.0058358666,0.1952770799
0.4034229815,-0.0025438394,0.306607455
0.3904045224,-0.0261865817,0.3233668804
0.3702034354,0.0181061495,0.399682045
0.280869782,0.0517746136,0.4737526476
0.2172738016,0.0294786077,0.5813421011
0.1554734707,0.0252887551,0.6217442751
0.0858919844,0.0219967272,0.5749076605
0.0086789811,0.017956512,0.5687725544
-0.0393546894,-0.0396539643,0.5183446407
-0.068833299,-0.0426467173,0.4893149734
-0.1446995586,-0.0736217052,0.4809352756
-0.1619078964,-0.0948702395,0.4700117111
-0.1960252672,-0.0956184268,0.4363432527
-0.2210147381,-0.0888847411,0.368108511
-0.2133832276,-0.1161187813,0.3356371522
-0.1972223669,-0.1563712955,0.3666121364
-0.0908300281,-0.1901893914,0.364217937
-0.103848502,-0.2620154619,0.4070142806
-0.1297357976,-0.2590226829,0.4870704114
-0.0824503228,-0.1509843469,0.5216367245
-0.1303343624,-0.1310825497,0.4508581161
-0.1426046342,-0.0914285779,0.3980360329
-0.0893336535,-0.070479311,0.3357867897
-0.0670376495,-0.0722749606,0.3190273643
-0.0679354742,-0.0505775101,0.1646013707
-0.053869538,-0.0656909123,0.1394622475
-0.0758662671,-0.0243909303,0.1107318252
-0.0802057534,0.0273836814,0.0938227773
-0.0646434426,0.08379706,0.1309329122
-0.0808043107,0.0338180996,0.095019877
-0.0751180798,0.0164601374,0.1379658729
-0.0121206464,0.0034416649,0.1868973672
-0.0757166296,0.002244564,0.2955342829
-0.068833299,-0.0285807829,0.3396773636
-0.0288800579,-0.0200514384,0.4794389009
-0.0499789603,-0.0091278944,0.5211877823
-0.091129303,-0.0004489128,0.5711667538
-0.0640448928,0.02558803,0.6476315856
-0.0855927095,0.0586579405,0.7612065077
-0.1068412513,0.0653916374,0.6414964199
-0.0558148287,0.0205003526,0.5864297748
0.0170586873,-0.0305260718,0.4872200489
0.0164601374,0.0399532393,0.4884171486
-0.0249894802,0.0805050358,0.4695627987
-0.05117606,0.1372176856,0.3535936773
-0.0610521436,0.1382651478,0.2700958848
-0.0200514384,0.1336263865,0.2103904784
0.0023942017,0.1159691438,0.2009633034
0.0360626616,0.1273415983,0.1963245422
0.0248398427,0.1490390599,0.1234510243
-0.0332195498,0.2115875781,0.1689408571
-0.0404021554,0.2235585898,0.2551321089
-0.0760159045,0.2706944346,0.2407669127
-0.117315881,0.2748842835,0.2923918962
-0.1026513949,0.2566284835,0.2804208696
-0.1132756695,0.2223614901,0.2899976671
-0.0776619166,0.1502361596,0.3486556113
-0.089184016,0.1526303589,0.3486556113
-0.1110311002,0.1271919608,0.3845686615
-0.1548749208,0.1364694983,0.4168903828
-0.1406593472,0.1765723825,0.4587889016
-0.131830737,0.0960673466,0.5017349124
-0.1164180562,0.0929249525,0.5615899563
-0.1099836379,0.0303764343,0.5746083856
-0.1397615224,0.0206499901,0.6488286853
-0.131830737,0.0380079523,0.6654384136
-0.1943792552,0.0252887551,0.6616975069
-0.2400187254,0.0193032511,0.7333738804
-0.2392705381,0.0035913025,0.7188590765
-0.2302922755,-0.043843817,0.7140706778
-0.2733879089,-0.0456394702,0.5955576897
-0.2886509299,-0.0356137492,0.596904397
-0.2594715953,-0.0415992551,0.6160580516
-0.2332850248,-0.0535702631,0.4867711365
-0.2374748737,-0.0225952789,0.5431845188
-0.2183212638,-0.0122702839,0.4330512285
-0.1580173075,0.0095768068,0.4056675434
-0.1209071875,0.0507271476,0.4189853072
-0.0193032511,0.0809539482,0.4095581174
0.0205003526,0.1013046578,0.3414730132
0.1210568249,0.0935235023,0.3235165179
0.1830067933,0.1222539246,0.2841618061
0.2611176372,0.1321300119,0.3214215636
0.26919806,0.1939303428,0.3049614429
0.3371335268,0.167294845,0.2452560365
0.342071563,0.1277905107,0.2466027737
0.3470095992,0.1551741958,0.2612672746
0.3685574234,0.1538274586,0.1871966422
0.3093009293,0.1137245819,0.1035492271
0.2874538302,0.1258452237,0.1791162193
0.2539350092,0.1330278367,0.1732803434
0.2293944508,0.0791582912,0.1984194666
0.1565209329,0.0643441677,0.2127846777
0.1394622475,0.0115220957,0.2175730765
0.0969651714,0.0335188247,0.2688987851
0.0556651913,0.0146644851,0.3072060049
-0.0154126734,-0.034566287,0.3286041915
-0.061201781,-0.0239420161,0.34401685
-0.0444423705,-0.0733224303,0.4037222564
-0.0478840321,-0.1349731237,0.4276642799
-0.0769137293,-0.0902314782,0.479139626
-0.0671872869,-0.113425307,0.5054758191
-0.0794575661,-0.1215057373,0.4216787815
-0.0933738649,-0.1087865382,0.3965396583
-0.0350151993,-0.1625064462,0.3152864277
0.0414496176,-0.2267009765,0.2914940715
0.0620996058,-0.200813666,0.2663549483
0.0746691674,-0.1662473828,0.1909375787
0.0647930801,-0.193032518,0.1358709484
0.0525228009,-0.1192611754,0.1488894224
0.0462380201,-0.0839466974,0.1429039091
0.0824503228,-0.0665887371,0.2540846467
0.0706289485,-0.0739209801,0.2718915343
0.066888012,-0.0318728089,0.351797998
0.0890343785,-0.028281508,0.3971382082
0.0773626417,-0.0481833108,0.54902035
0.0424970798,-0.0802057534,0.6887819171
-0.004489128,-0.0240916554,0.6563105583
-0.0257376675,-0.0885854661,0.8165724277
-0.0594061315,-0.0583586656,0.8453028202
-0.1092354506,-0.0977133587,0.8714894056
-0.1442506462,-0.1158195063,0.873883605
-0.1761234552,-0.1244984865,0.8200140595
-0.2214636505,-0.1194108129,0.878821671
-0.2455553114,-0.1161187813,0.9362825155
-0.291344434,-0.1065419763,0.8767267466
-0.265606761,-0.070778586,0.7980173826
-0.2626140118,-0.0336684622,0.6618471146
-0.304662168,-0.0076315179,0.458938539
-0.237624526,0.0095768068,0.4019266069
-0.2415151,0.0270844065,0.2817676067
-0.1575683951,0.087388359,0.0956184268
-0.1075894386,0.1099836379,0.0137666594
-0.1054945141,0.1316810995,-0.117315881
-0.0068833297,0.1274912357,-0.2579752207
0.0986111835,0.1241992116,-0.2275988013
0.106093064,0.1539770961,-0.2403180003
0.1385644227,0.1491886973,-0.2150292397
0.1215057373,0.1183633432,-0.1095347255
0.1457470357,0.1146224067,-0.0496796854
0.1258452237,0.1032499447,0.0365115777
0.0999579206,0.1345242113,0.0185550638
0.0640448928,0.1028010324,0.1704372317
0.0323217213,0.0737713426,-0.1565209329
0.1364694983,-0.0327706374,-2.0492870808
0.4236240685,0.036212299,-2.4112603664
0.2460042238,0.1777694821,-1.1683704853
-0.0969651714,0.2832639813,-0.5267243981
-0.1973720044,0.2433107495,-0.354491502
-0.0987608209,0.0508767851,-0.1369184107
-0.0903811157,-0.0915782154,0.2314893752
-0.1669955701,-0.1910872161,0.5521627665
-0.2955342829,-0.1312321872,0.8297405243
-0.367809236,-0.0629974306,0.9757868052
-0.4153940082,-0.1081879884,1.1375451088
-0.3301005661,-0.1336263865,1.2110171318
-0.2482487857,-0.1611597091,1.2918214798
-0.1339256614,-0.2050035149,1.3404536247
-0.0157119483,-0.2088941038,1.4754267931
0.0562637411,-0.1795651317,1.6177321672
0.2106897533,-0.126593411,1.6454150677
0.3910030723,-0.08379706,1.7965490818
0.6186018586,-0.0858919844,1.7482161522
0.7649474144,-0.0935235023,1.437718153
0.5981014967,0.0758662671,1.0401309729
0.4749497473,0.1737292558,0.6545149088
0.4409820139,0.1961749047,0.2534860969
0.4174889326,0.0959177092,-0.0219967272
0.3751414716,0.0507271476,-0.2774281204
0.2831143439,0.0317231715,-0.3534440398
0.1946785301,0.0861912593,-0.3051110804
0.0610521436,0.1460463107,-0.1888426542
-0.0188543387,0.1445499212,0.0182557888
-0.0097264443,0.1234510243,0.2190694511
-0.0134673845,0.0839466974,0.4402338266
0.0377086774,0.0182557888,0.6636427641
0.0622492433,0.0294786077,0.8189666271
0.1017535701,0.002992752,0.9825205207
0.1143231317,-0.0091278944,1.1857284307
0.1649006456,-0.0246902052,1.2633903027
0.1426046342,-0.0064344169,1.2418425083
0.1490390599,0.0332195498,1.1652280092
0.0990600958,0.0350151993,1.0720038414
0.1108814627,0.0041898531,0.8735843301
0.0589572154,-0.0185550638,0.6848913431
0.0805050358,-0.0321720839,0.5177460909
0.0335188247,0.0016460137,0.3206733763
-0.0481833108,0.037259765,0.2133832276
-0.1120785698,0.036212299,0.028281508
-0.1358709484,0.1013046578,-0.0908300281
-0.2064998895,0.0737713426,-0.0831985101
-0.2437596619,0.0712274984,-0.1654991955
-0.2584241331,0.0242412928,-0.1951274425
-0.3098994792,-0.0190039761,-0.2141314149
-0.3470095992,0.0399532393,-0.1804629564
-0.3910030723,0.0701800361,-0.1384147853
-0.388309598,0.058508303,-0.1086369008
-0.3568857014,0.0713771358,-0.0225952789
-0.3461117744,0.0549170002,0.1161187813
-0.3305494785,-0.0405517928,0.1662473828
-0.2712929845,0.0071826051,0.247350961
-0.2555810213,0.0188543387,0.3429693878
-0.2401683629,0.0357633866,0.4385878146
-0.2335842997,-0.0131681096,0.4168903828
-0.1490390599,-0.011971008,0.4144961834
-0.1689408571,-0.0833481476,0.364217937
-0.1093850881,-0.0577601157,0.3534440398
-0.1277905107,-0.0628477931,0.2959831953
-0.1247977614,-0.0341173746,0.3033154309
-0.1372176856,0.002244564,0.3176806271
-0.170886144,-0.0525228009,0.3666121364
-0.1080383509,-0.0185550638,0.3223194182
-0.1072901636,-0.0441430956,0.3522469103
-0.0778115541,-0.0134673845,0.2421136498
-0.0555155501,-0.0127191963,0.2911947966
-0.0547673628,0.001496376,0.3473088741
-0.0516249724,0.0510264225,0.2814683318
-0.061501056,0.0421978049,0.2754828334
-0.0592564903,0.0733224303,0.2826654315
-0.0140659353,0.03696049,0.2180219889
-0.0167594124,0.0221463665,0.2968810201
-0.0191536136,0.0215478148,0.3926490843
0.0559644662,0.0629974306,0.3878606856
0.0272340439,0.0227449164,0.4046200812
-0.0013467384,0.0451905578,0.5279214978
0.0263362192,0.0426467173,0.4834791124
0.0692822114,0.0463876575,0.4976946712
0.0656909123,0.0606032312,0.5407903194
0.0703296736,0.08379706,0.5922656655
0.0594061315,0.0555155501,0.5719149113
0.0254383925,0.0526724383,0.57670331
0.0417488925,0.0685340241,0.5098153353
0.0480336733,0.0216974523,0.4345476031
0.0638952553,0.0258873068,0.4287117422
0.0496796854,-0.0194528885,0.3535936773
0.0306757092,-0.0190039761,0.3405751884
0.0561141036,0.0035913025,0.2916437089
0.0430956297,0.0423474424,0.3336918652
0.0457891077,-0.0010474633,0.3649661243
0.0426467173,0.0335188247,0.3136404157
0.0146644851,-0.0154126734,0.354491502
-0.0190039761,0.0028431145,0.3438672125
-0.0532709882,-0.0454898328,0.3354875147
-0.0634463429,0.0377086774,0.31633389
-0.076165542,0.020949265,0.282815069
-0.0510264225,-0.0299275219,0.2051531523
-0.0314238966,-0.0248398427,0.2302922755
0.0001496376,-0.0638952553,0.2136825025
0.0257376675,-0.072723873,0.2591723204
-0.0115220957,-0.0577601157,0.2723404467
-0.0104746325,-0.0788590163,0.3058592677
-0.0164601374,-0.0288800579,0.2926911712
-0.011971008,-0.0665887371,0.2926911712
-0.0347159244,-0.0736217052,0.3094505668
0,-0.0944213271,0.3728969097
0.0095768068,-0.0888847411,0.4014776945
-0.014963761,-0.1250970364,0.3511994481
-0.0420481674,-0.1355716735,0.3438672125
-0.0489314981,-0.1429039091,0.3724479973
-0.0272340439,-0.0885854661,0.3425204754
-0.0830488726,-0.085443072,0.4119523168
-0.0562637411,-0.066888012,0.3998316824
-0.0463876575,-0.0460883826,0.3112462163
-0.0484825857,-0.0921767652,0.3146878779
-0.0600046813,-0.098461546,0.332644403
-0.0417488925,-0.0870890841,0.3577835262
-0.0236427411,-0.0613514185,0.3612251878
0.0086789811,-0.0597054064,0.3684077859
-0.0092775319,-0.0329202749,0.4270657301
-0.0127191963,-0.0420481674,0.3778349459
-0.0077811554,-0.0463876575,0.4149450958
0.0113724582,-0.0219967272,0.3862146735
0.0050876788,0.0118213706,0.4269160926
0.0182557888,0.0203507151,0.36227265
0.0706289485,0.0049380409,0.3898059726
0.0969651714,-0.0148141226,0.4040215313
0.0731727928,0.0634463429,0.3453635871
0.1164180562,0.0766144544,0.368108511
0.1333271116,0.0662894621,0.3658639491
0.1348234862,0.0592564903,0.3922001719
0.1815104187,0.0794575661,0.405517906
0.1767220199,0.0719756857,0.336235702
0.1907879412,0.0439934544,0.360327363
0.2139817774,0.096516259,0.3387795389
0.207996279,0.1140238568,0.4083610177
0.2020107657,0.133776024,0.3748421967
0.2235585898,0.0890343785,0.3761889338
0.1984194666,0.1125274822,0.3618237376
0.2073977292,0.0887351036,0.2937386334
0.1720832437,0.1294365227,0.3333925903
0.1524807215,0.1216553748,0.2938882709
0.1149216816,0.1717839688,0.3263596296
0.1288379729,0.1360205859,0.2941875458
0.1295861602,0.0716764107,0.2823661566
0.1149216816,0.0942716897,0.2813186944
0.1158195063,0.0875379965,0.282515794
0.0920271277,0.1026513949,0.2754828334
0.0683843866,0.0942716897,0.2635118365
0.0107739074,0.1186626181,0.3568857014
0.0083797062,0.0998082832,0.4046200812
0.0098760817,0.0875379965,0.4118026793
-0.0239420161,0.0760159045,0.4559457898
-0.0682347491,0.0905307531,0.4583399892
-0.0954687893,0.0692822114,0.5936123729
-0.0691325739,0.0070329676,0.5385457277
-0.080056116,0.0689829364,0.5217863321
-0.0900818408,0.0378583148,0.514603734
-0.0918774903,0.0374094024,0.4762965143
-0.1319803745,0.0154126734,0.5026327372
-0.1650502831,0.0401028767,0.562487781
-0.2243067771,0.0184054263,0.5267243981
-0.2130839527,0.0401028767,0.5267243981
-0.2162263393,0.0279822331,0.5149030089
-0.2100912035,0.008978256,0.4957493842
-0.2187701762,0.0439934544,0.5472247005
-0.1698386818,0.0011971008,0.5401917696
-0.1865980923,0.013317747,0.5196914077
-0.2002151161,0.0386065021,0.4899135232
-0.1541267335,-0.0184054263,0.5258265734
-0.1713350564,0.0359130241,0.5330091715
-0.1942296177,-0.0336684622,0.4948515594
-0.1957259923,-0.0420481674,0.5511152744
-0.2244564146,-0.0302267969,0.5416881442
-0.267552048,0.0122702839,0.527322948
-0.145148471,0.0323217213,-0.7401075959
0.1919850558,-0.026934769,-1.9443910122
0.163404271,0.1213560998,-0.9271546006
-0.0505775101,0.2498947978,0.0504278727
-0.0787093788,0.1910872161,0.3265092671
0.049230773,0.0037409402,0.2792237699
0.1346738487,-0.0683843866,0.3253121674
0.061201781,-0.0598550439,0.657507658
-0.0493804105,0.0130184721,0.8774749041
-0.1394622475,0.0101753576,0.9633669257
-0.1689408571,-0.0157119483,0.9549872279
-0.152331084,-0.0613514185,0.8975263834
-0.0933738649,-0.0656909123,0.7900865674
-0.0501285978,-0.1279401481,0.7378630638
-0.0073322426,-0.1219546497,0.6892307997
0.0212485399,-0.1192611754,0.6084265113
0.0347159244,-0.0924760401,0.4966472089
0.118812263,-0.1508347094,0.2543839216
0.1303343624,-0.124648124,0.0215478148
0.1273415983,-0.0749684423,-0.163404271
0.1283890605,-0.0517746136,-0.3161842525
0.1707365066,-0.0338180996,-0.2799719572
0.1345242113,-0.0160112232,-0.254832834
0.1476923227,-0.0113724582,-0.2129343152
0.1417068094,-0.0020949265,-0.0885854661
0.1496376097,-0.0115220957,0.0487818606
0.1880944669,0.0097264443,0.2627636492
0.1900397539,-0.0071826051,0.4228758812
0.128239423,-0.0224456415,0.5470750928
0.1650502831,-0.013617022,0.5946598649
0.171185419,-0.010324995,0.641197145
0.1544260085,0.0327706374,0.6543652415
0.1177647933,-0.0052373162,0.6651391387
0.1611597091,0.002244564,0.5873275995
0.1584662199,0.0245405678,0.5047276616
0.1867477298,0.0351648368,0.3660135865
0.1271919608,0.0193032511,0.2356792241
0.0836474225,0.0145148477,0.2238578647
0.0776619166,0.0026934769,0.1723825186
0.0767640918,0.0541688129,0.091129303
0.0332195498,0.0368108526,0.0635959804
0.0628477931,0.0210989024,0.0516249724
0.0291793328,0.0206499901,0.0600046813
0.0125695588,0.0101753576,0.1149216816
0.0041898531,0.0260369442,0.2057517022
