0.071527,9.825205,1.521366,12418951
0.124199,9.843162,1.536329,12418956
0.157119,9.846753,1.425597,12418961
0.133177,9.846753,1.309479,12418966
0.132579,9.825804,1.180790,12418971
0.139762,9.849746,1.042525,12418976
0.121805,9.841965,0.905457,12418981
0.088286,9.831191,0.816273,12418986
0.073322,9.829993,0.691176,12418991
0.058359,9.835381,0.568473,12418996
0.015263,9.812037,0.528370,12419001
-0.015862,9.804255,0.555305,12419006
-0.079308,9.778519,0.566079,12419011
-0.090680,9.775525,0.622343,12419016
-0.077512,9.797672,0.637905,12419021
-0.043993,9.793482,0.655263,12419026
-0.005686,9.813833,0.630124,12419031
0.024840,9.804854,0.596605,12419036
0.031424,9.816227,0.587627,12419041
0.044592,9.815628,0.578050,12419046
0.027234,9.837775,0.615759,12419051
0.065541,9.845556,0.612766,12419056
0.144550,9.884461,0.602591,12419061
0.176273,9.881469,0.519991,12419066
0.203208,9.872491,0.454150,12419071
0.155324,9.846154,0.372149,12419076
0.118214,9.823410,0.308104,12419081
0.067935,9.829395,0.229095,12419086
0.052972,9.811439,0.195576,12419091
-0.015862,9.808446,0.148889,12419096
-0.040402,9.794081,0.175824,12419101
-0.064943,9.780912,0.266205,12419106
-0.065541,9.759963,0.401478,12419111
-0.078709,9.765350,0.556502,12419116
-0.069133,9.770737,0.682198,12419121
-0.044592,9.788693,0.862960,12419126
0.022446,9.807249,1.054496,12419131
0.085293,9.835979,1.170615,12419136
0.315735,9.903615,1.352574,12419141
0.162506,9.854534,1.332822,12419146
-0.045789,9.783307,1.194557,12419151
0.049380,9.825205,1.058686,12419156
0.008080,9.812635,0.926406,12419161
0.045191,9.818622,0.839018,12419166
0.062549,9.816826,0.804901,12419171
0.069731,9.818023,0.773178,12419176
0.061950,9.811439,0.732476,12419181
0.064344,9.829395,0.716315,12419186
0.066738,9.813833,0.757017,12419191
0.059556,9.794679,0.810886,12419196
0.029628,9.809643,0.827646,12419201
0.042198,9.807249,0.850390,12419206
0.014664,9.792285,0.862362,12419211
0.036212,9.785102,0.831237,12419216
0.037409,9.765948,0.825850,12419221
0.029628,9.803658,0.840814,12419226
0.028431,9.806051,0.845004,12419231
0.050578,9.809045,0.939575,12419236
0.035614,9.818622,0.980875,12419241
0.033220,9.805453,1.061679,12419246
0.027234,9.791686,0.990451,12419251
0.035015,9.791088,0.927604,12419256
0.053570,9.827001,0.892289,12419261
0.054169,9.806051,0.898275,12419266
0.053570,9.799467,0.969502,12419271
0.041599,9.811439,1.034744,12419276
0.018256,9.777920,1.037737,12419281
-0.002693,9.803059,1.459116,12419286
-0.027234,9.797073,1.590199,12419291
-0.070928,9.782708,1.362151,12419296
-0.041599,9.793482,1.155651,12419301
-0.019453,9.804854,1.073051,12419306
0.020051,9.798270,1.110760,12419311
0.031424,9.792285,1.168221,12419316
0.026037,9.802461,1.082628,12419321
0.024840,9.798270,0.986261,12419326
0.042198,9.804854,0.945560,12419331
0.052972,9.801263,0.968903,12419336
0.039205,9.813833,0.976086,12419341
0.033818,9.813833,0.950348,12419346
0.052972,9.818622,0.949151,12419351
0.454599,9.838972,0.099210,12419356
0.289998,9.819220,-1.119439,12419361
0.048183,9.780912,-1.933468,12419366
0.211588,9.819818,-1.668908,12419371
0.009278,9.803658,-0.337134,12419376
0.265457,9.789890,1.205930,12419381
0.323517,9.828198,1.920599,12419386
0.090082,9.819220,1.524358,12419391
-0.033818,9.822212,1.041927,12419396
0.067337,9.792884,1.225682,12419401
0.139762,9.788095,1.741632,12419406
0.146346,9.803059,1.979855,12419411
0.081104,9.833585,2.054075,12419416
-0.632967,9.750985,1.584812,12419421
-0.160112,9.768942,1.211915,12419426
-0.070330,9.782109,1.722479,12419431
0.024840,9.810242,2.094178,12419436
-0.160112,9.795877,2.603545,12419441
-0.285808,9.767146,2.776526,12419446
-0.216376,9.766547,2.432958,12419451
-0.190040,9.749189,2.009783,12419456
-0.033220,9.795877,1.794304,12419461
-0.082899,9.773730,1.472883,12419466
0.054767,9.793482,1.304092,12419471
0.009876,9.784504,1.112556,12419476
0.102053,9.789292,1.085022,12419481
0.003292,9.776124,0.873135,12419486
-0.049380,9.780912,0.531962,12419491
-0.106841,9.795877,0.249446,12419496
-0.146346,9.768942,0.111181,12419501
-0.056563,9.792285,0.035763,12419506
0.002693,9.847352,0.074669,12419511
-0.121805,9.845556,0.111181,12419516
-0.270844,9.816826,0.066888,12419521
-0.297180,9.794679,0.048333,12419526
-0.236128,9.797672,0.062100,12419531
-0.353444,9.688137,0.040552,12419536
0.214580,9.841366,0.201562,12419541
0.011073,9.806650,0.278775,12419546
0.011073,9.813833,0.278775,12419551
-0.122404,9.776723,0.224905,12419556
0.099659,9.821015,0.250643,12419561
-0.018256,9.837176,0.342820,12419566
-0.041001,9.832388,0.451157,12419571
-0.067337,9.834184,0.590021,12419576
-0.048183,9.869498,0.702549,12419581
0.007482,9.859323,0.764199,12419586
0.035015,9.828198,0.768988,12419591
0.064344,9.824607,0.757615,12419596
0.051775,9.821015,0.618752,12419601
0.027833,9.825205,0.523582,12419606
0.017657,9.853935,0.396689,12419611
-0.035015,9.846753,0.312892,12419616
0.066738,9.819220,0.174029,12419621
0.045789,9.750386,-0.186897,12419626
0.228946,9.789890,-0.484975,12419631
0.350451,9.846154,-0.508319,12419636
0.505476,9.886856,-0.298826,12419641
0.455796,9.898229,-0.150386,12419646
0.420482,9.823410,-0.040851,12419651
0.541987,9.739613,-0.326360,12419656
0.707786,9.783307,-0.610072,12419661
0.744896,9.888053,-0.496348,12419666
0.497695,9.872491,-0.186299,12419671
0.389357,9.842564,0.081852,12419676
0.291195,9.847352,0.259621,12419681
0.155324,9.858724,0.325462,12419686
0.080505,9.853935,0.341623,12419691
0.039804,9.829993,0.346411,12419696
0.011073,9.847950,0.446369,12419701
-0.066140,9.843760,0.549320,12419706
-0.021847,9.840768,0.601394,12419711
0.034417,9.865308,0.738462,12419716
0.079906,9.864111,0.708534,12419721
-0.042198,9.827001,0.530765,12419726
-0.157718,9.785102,0.132729,12419731
-0.196624,9.784504,-0.117466,12419736
-0.046986,9.824607,0.410456,12419741
0.131980,9.852738,0.606780,12419746
0.159514,9.866506,0.429011,12419751
0.136769,9.858126,0.117765,12419756
0.065541,9.847950,0.112976,12419761
0.026635,9.849147,0.193781,12419766
-0.013467,9.821015,0.208146,12419771
0.003891,9.838972,0.265008,12419776
0.046388,9.844957,0.201562,12419781
0.020051,9.861717,0.063297,12419786
-0.006285,9.831789,0.012420,12419791
-0.023044,9.837176,0.067487,12419796
-0.009876,9.816826,0.109984,12419801
-0.011073,9.824008,0.048931,12419806
-0.015263,9.828198,-0.018705,12419811
0.029628,9.825205,-0.502333,12419816
-0.138564,9.774328,-0.316184,12419821
-0.036212,9.832388,0.199766,12419826
-0.007482,9.861118,0.287155,12419831
-0.088885,9.840169,0.291943,12419836
0.093075,9.873089,0.308104,12419841
0.333093,9.890448,0.191985,12419846
0.210989,9.854534,0.226102,12419851
0.251092,9.854534,0.557699,12419856
0.315137,9.863512,0.661847,12419861
0.293589,9.861717,0.621744,12419866
0.233135,9.854534,0.555904,12419871
-0.100257,9.835979,0.347608,12419876
-0.069731,9.818023,0.564283,12419881
0.106243,9.837176,0.698359,12419886
0.021249,9.843760,0.663044,12419891
-0.038008,9.842564,0.505027,12419896
-0.146346,9.826403,0.195576,12419901
-0.155324,9.799467,-0.003741,12419906
-0.091279,9.818622,-0.025289,12419911
-0.089483,9.809045,0.140510,12419916
-0.045789,9.827001,0.236876,12419921
-0.000898,9.805453,0.404470,12419926
0.015862,9.828796,0.227300,12419931
0.134375,9.843162,-0.084545,12419936
0.009876,9.810840,0.045939,12419941
-0.004489,9.821015,0.518195,12419946
-0.026037,9.803059,0.676811,12419951
-0.073322,9.822212,0.734272,12419956
-0.134973,9.821015,0.654066,12419961
-0.166098,9.803059,0.426617,12419966
-0.182857,9.840768,0.124349,12419971
-0.202011,9.844957,0.141108,12419976
-0.115221,9.838373,0.338630,12419981
-0.015862,9.845556,0.618752,12419986
0.056563,9.840169,0.809091,12419991
0.093673,9.835381,0.792331,12419996
0.173879,9.840768,0.723498,12420001
0.227150,9.832987,0.511611,12420006
0.261866,9.841366,0.335039,12420011
0.268450,9.868899,0.407463,12420016
0.258274,9.853337,0.474501,12420021
0.240318,9.855133,0.508618,12420026
0.200814,9.831789,0.514604,12420031
0.196624,9.832987,0.519991,12420036
0.178667,9.838972,0.481683,12420041
0.113425,9.825205,0.446968,12420046
0.093075,9.823410,0.394295,12420051
0.049979,9.828796,0.285957,12420056
-0.035015,9.823410,0.118363,12420061
-0.065541,9.829395,0.039355,12420066
-0.041001,9.821015,0.075866,12420071
-0.011073,9.828198,0.141707,12420076
0.014066,9.837176,0.138714,12420081
0.017059,9.835979,0.156072,12420086
0.024241,9.853337,0.213533,12420091
0.036212,9.828198,0.198569,12420096
0.035015,9.842564,0.162656,12420101
0.051775,9.837176,0.141108,12420106
0.055964,9.839570,0.182408,12420111
0.071527,9.833585,0.139313,12420116
0.074520,9.832388,0.093224,12420121
0.070330,9.839570,0.078859,12420126
0.123002,9.831191,0.034566,12420131
0.124798,9.829993,-0.003142,12420136
0.106243,9.831191,-0.009128,12420141
0.124199,9.828198,0.136320,12420146
0.100856,9.830592,0.203358,12420151
0.088286,9.844358,0.256628,12420156
0.088286,9.842564,0.285359,12420161
0.064344,9.860519,0.231489,12420166
0.049380,9.853935,0.187197,12420171
0.057760,9.827600,0.162058,12420176
0.120009,9.835979,0.217723,12420181
0.117615,9.837176,0.264410,12420186
0.115820,9.834184,0.226102,12420191
0.100257,9.846154,0.233285,12420196
0.089483,9.850943,0.258424,12420201
0.042198,9.831191,0.227898,12420206
-0.012869,9.817424,0.196773,12420211
0.042198,9.835979,0.167444,12420216
0.079308,9.836577,0.133926,12420221
0.033220,9.838373,0.155473,12420226
0.087688,9.849147,0.302118,12420231
0.117615,9.838373,0.269797,12420236
0.132579,9.836577,0.341024,12420241
0.184653,9.879075,0.384120,12420246
0.258274,9.883265,0.354192,12420251
0.223559,9.873089,0.277578,12420256
0.205602,9.891046,0.197971,12420261
-0.058957,9.804854,-0.082750,12420266
0.164901,9.750386,-0.146794,12420271
0.491709,9.835381,-0.009726,12420276
0.556951,9.812635,0.012420,12420281
0.686238,9.804854,0.048333,12420286
0.769437,9.821015,-0.060603,12420291
0.909497,9.837775,-0.055815,12420296
1.001076,9.834782,0.126144,12420301
1.187823,9.821015,0.191985,12420306
1.399112,9.858126,0.140510,12420311
1.482909,9.773131,0.045340,12420316
1.642123,9.791088,0.026187,12420321
1.777395,9.878476,0.291943,12420326
1.757045,9.844358,0.285957,12420331
1.914464,9.846753,0.369156,12420336
1.981501,9.903615,0.368557,12420341
1.727716,9.773730,0.340426,12420346
2.062904,9.956886,0.258424,12420351
2.015619,9.878476,0.235679,12420356
1.986290,9.791088,0.297928,12420361
2.093430,9.815628,0.410456,12420366
1.985691,9.695918,0.432004,12420371
2.162263,9.762956,0.466121,12420376
2.356792,9.813833,0.422427,12420381
2.399289,9.916783,0.421230,12420386
2.156278,9.503783,0.388310,12420391
2.610578,9.900622,0.314089,12420396
2.521992,9.770737,0.385915,12420401
2.694973,9.877877,0.414646,12420406
2.731485,9.952697,0.399083,12420411
2.711733,9.877279,0.412252,12420416
2.837428,9.974244,0.346411,12420421
2.893094,10.004770,0.292542,12420426
2.636914,9.804255,0.355988,12420431
2.901473,9.853337,0.418237,12420436
2.915240,9.800665,0.448763,12420441
3.064878,9.794081,0.664840,12420446
3.142689,9.880871,0.795922,12420451
3.175011,9.784504,0.879121,12420456
3.249231,9.801862,0.813879,12420461
3.042133,9.622296,0.665438,12420466
3.066075,9.632472,0.530166,12420471
3.356371,10.025720,0.457741,12420476
2.999037,9.767146,0.373346,12420481
2.875736,9.742605,0.229694,12420486
3.148674,10.114903,0.076465,12420491
2.989460,9.868300,-0.016909,12420496
2.758420,9.812635,0.035763,12420501
2.605191,9.560646,-0.006135,12420506
2.441188,9.916783,-0.044442,12420511
2.323273,9.750386,-0.204255,12420516
2.262221,9.912594,-0.318578,12420521
2.168848,9.910199,-0.320973,12420526
2.344223,9.978435,-0.017508,12420531
2.296339,9.618706,0.262614,12420536
2.141314,9.785102,0.001047,12420541
2.191592,10.219650,-0.189890,12420546
2.369362,10.005967,-0.116268,12420551
2.325069,9.940725,0.047136,12420556
2.354997,10.177752,0.199168,12420561
2.263418,9.990405,0.299724,12420566
2.059313,9.500193,0.318279,12420571
2.222717,10.488997,0.263811,12420576
1.820491,9.436148,0.440383,12420581
1.912069,9.773730,0.467318,12420586
1.700781,10.041881,0.350601,12420591
1.773804,10.407595,0.426018,12420596
1.381754,9.497798,0.449362,12420601
1.687014,10.556035,0.414047,12420606
1.281796,9.892242,0.510414,12420611
1.077690,9.281721,0.707936,12420616
1.034594,10.180744,0.590021,12420621
1.046565,10.156802,0.531363,12420626
0.859818,10.345944,0.355988,12420631
0.693421,9.826403,0.217723,12420636
0.644340,10.387842,0.101005,12420641
0.256479,9.501390,0.069282,12420646
0.239719,10.054450,0.054318,12420651
0.238522,9.847352,-0.109684,12420656
0.083498,9.607931,-0.357484,12420661
-0.051775,9.147646,-0.349105,12420666
0.228347,10.000581,-0.249745,12420671
0.204405,10.114903,-0.340725,12420676
-0.116418,9.308656,-0.153379,12420681
0.093075,10.794857,-0.123451,12420686
-0.310947,9.980828,-0.128239,12420691
-0.419883,9.218874,-0.008529,12420696
-0.550966,9.918579,-0.077961,12420701
-0.856226,9.525930,-0.035464,12420706
-0.428263,9.673772,0.175226,12420711
-0.522235,9.930551,-0.253336,12420716
-1.697190,9.992800,-0.053421,12420721
-1.217152,9.634866,0.697760,12420726
-1.054945,9.889849,0.690578,12420731
-3.069666,8.361151,0.163255,12420736
0.313940,10.611700,1.883489,12420741
-1.923442,10.105327,-0.399981,12420746
-1.829469,8.231265,-1.279252,12420751
-1.437419,9.874885,-0.876427,12420756
-1.098041,9.908403,-0.186897,12420761
-2.428618,9.561843,0.832434,12420766
0.039205,10.789470,1.862539,12420771
-1.805527,9.642049,1.283741,12420776
-1.847426,8.430583,1.353771,12420781
-0.253486,10.539874,1.997213,12420786
-1.469741,9.848549,1.706318,12420791
-1.093851,9.636064,1.262193,12420796
0.190638,10.572795,1.341800,12420801
-2.116774,9.176975,1.204732,12420806
-0.136170,9.789292,1.178396,12420811
-2.012626,9.632472,1.186177,12420816
-1.825279,9.865308,0.934786,12420821
-0.870592,10.181941,1.111359,12420826
-2.487875,9.730036,1.464503,12420831
-2.213739,9.006987,1.310676,12420836
-1.546355,10.523115,2.213290,12420841
-2.169446,9.499594,1.746421,12420846
-1.932420,10.075399,1.937358,12420851
-2.190395,10.370484,1.442955,12420856
-3.386299,9.147646,0.536750,12420861
-2.182614,10.113108,0.849792,12420866
-2.721309,9.727043,0.716315,12420871
-2.976891,10.036493,0.533159,12420876
-3.008015,9.892841,0.495450,12420881
-2.732083,9.780912,0.596605,12420886
-2.533365,10.193913,0.688183,12420891
-2.578855,9.879075,0.738462,12420896
-2.553715,9.940725,0.869544,12420901
-2.354997,9.959879,1.085621,12420906
-2.217929,9.682750,1.226280,12420911
-2.071284,10.038289,1.298106,12420916
-2.040758,9.580997,1.302895,12420921
-1.907281,9.779716,1.283741,12420926
-1.762432,9.768942,1.219696,12420931
-1.666664,10.045472,1.126322,12420936
-1.628955,9.718663,1.065270,12420941
-1.429039,9.999982,1.025766,12420946
-1.465551,9.662399,0.947954,12420951
-1.457171,9.811439,0.867748,12420956
-1.400907,9.658210,0.852186,12420961
-1.395520,9.833585,0.908450,12420966
-1.471536,9.704298,0.937180,12420971
-1.453580,9.724648,0.928801,12420976
-1.336862,9.882068,0.913238,12420981
-1.294365,9.825804,0.942567,12420986
-2.322076,10.058042,0.754622,12420991
-0.895731,9.823410,0.761805,12420996
-1.801936,9.680356,1.134702,12421001
-0.929848,9.991602,0.991648,12421006
-1.748067,9.709685,1.029956,12421011
-1.464354,9.603143,0.773178,12421016
-0.790984,10.214862,0.895282,12421021
-1.448193,9.833585,0.564882,12421026
-1.354819,9.828796,0.549918,12421031
-1.323694,9.779716,0.332046,12421036
-1.280599,9.823410,0.211139,12421041
-1.153107,9.900024,0.388908,12421046
-1.153107,9.935339,0.563086,12421051
-1.227926,9.830592,0.749236,12421056
-1.305738,9.771336,0.636109,12421061
-1.099836,9.865308,0.457741,12421065
-1.145326,9.884461,0.508020,12421070
-0.922067,9.909002,0.454749,12421075
-0.933439,9.843162,0.294936,12421080
-0.931045,9.795278,0.013018,12421085
-0.810138,9.976639,-0.043245,12421090
-0.712574,10.138845,-0.045639,12421095
-0.674267,10.183737,0.001047,12421100
-0.683245,10.101735,-0.004339,12421105
-0.810737,10.023924,0.051924,12421110
-0.883760,9.879075,0.071078,12421115
-0.864606,9.846154,0.115969,12421120
-0.820912,9.869498,0.245855,12421125
-0.813729,9.852140,0.319476,12421130
-0.834679,9.827001,0.451756,12421135
-0.854431,9.777321,0.593612,12421140
-0.892738,9.678560,0.698359,12421145
-0.987907,9.554062,0.820463,12421150
-1.034594,9.486425,1.022773,12421155
-0.989703,9.585187,1.316063,12421160
-0.873584,9.764153,1.609352,12421165
-0.773028,9.698313,1.742829,12421170
-0.743100,9.626487,1.898452,12421175
-0.656909,9.636064,2.042104,12421180
-0.545579,9.676764,2.097769,12421185
-0.434847,9.695918,2.130690,12421190
-0.368408,9.701904,2.085200,12421195
-0.351050,9.713875,2.006191,12421200
-0.305560,9.751583,1.879299,12421205
-0.261866,9.762358,1.598579,12421210
-0.260070,9.739014,1.353771,12421215
-0.245106,9.704298,1.085621,12421220
-0.251690,9.727043,0.824054,12421225
-0.283414,9.742605,0.569072,12421230
-0.327108,9.746795,0.354192,12421235
-0.313341,9.713875,0.163853,12421240
-0.303166,9.706094,0.069881,12421245
-0.239719,9.750386,-0.052224,12421250
-0.188244,9.789292,-0.156371,12421255
-0.144550,9.803059,-0.209044,12421260
-0.154127,9.779716,-0.269497,12421265
-0.155922,9.768942,-0.276081,12421270
-0.163105,9.786898,-0.267103,12421275
-0.186448,9.788693,-0.257526,12421280
-0.171485,9.779716,-0.186897,12421285
-0.114024,9.796474,-0.100108,12421290
0.012270,9.828198,0.115969,12421295
0.206799,9.873089,0.818069,12421300
0.361824,9.917980,1.459116,12421305
0.392948,9.940725,1.709310,12421310
0.386963,9.933543,1.627908,12421315
0.326509,9.900024,1.442357,12421320
0.248698,9.882666,1.047912,12421325
0.204405,9.888053,0.699556,12421330
0.225953,9.890448,0.358382,12421335
0.294188,9.874885,0.100407,12421340
0.354043,9.897630,-0.013318,12421345
0.304961,9.880272,0.033968,12421350
0.380379,9.928156,0.171634,12421355
0.480337,9.952697,0.260220,12421360
0.558148,9.968259,0.286556,12421365
0.463577,9.947309,-0.085742,12421370
0.345064,9.921572,-0.593912,12421375
0.287603,9.913192,-1.076343,12421380
0.335488,9.914988,-1.315165,12421385
0.464774,9.914988,-1.252916,12421390
0.516848,9.965266,-0.975188,12421395
0.501286,9.967062,-0.536451,12421400
0.545579,9.972448,0.051326,12421405
0.612018,9.977836,0.646883,12421410
0.666486,9.994595,1.304092,12421415
0.702399,9.999982,1.849371,12421420
0.698808,10.005369,2.091784,12421425
0.640748,10.016143,2.146851,12421430
0.512658,9.986216,2.019958,12421435
0.329502,9.996989,1.723676,12421440
0.074520,9.926360,1.272967,12421445
0.079308,9.900024,0.842011,12421450
0.046986,9.865907,0.357185,12421455
0.029628,9.858126,0.068085,12421460
0.070928,9.899426,0.002245,12421465
0.127791,9.916184,0.071078,12421470
0.124798,9.935339,0.035165,12421475
0.044592,9.903017,-0.137218,12421480
0.501286,10.085575,-0.186299,12421485
0.510264,10.109517,-0.262913,12421490
0.354043,10.075998,-0.429310,12421495
0.272640,10.076596,-0.416741,12421500
0.122404,10.236409,-0.282665,12421505
0.173879,10.284892,-0.001347,12421510
0.484527,10.244190,0.239869,12421515
0.699406,10.251971,0.360178,12421520
0.745495,10.383653,0.329652,12421525
0.732925,10.527904,0.555904,12421530
0.654515,10.506954,0.670825,12421535
0.670676,10.327988,0.777966,12421540
0.584485,10.163386,0.887501,12421545
0.407314,10.098742,0.940173,12421550
0.246303,9.878476,1.013196,12421555
0.081104,9.768343,0.961122,12421560
-0.093673,9.774927,0.944363,12421565
-0.190040,9.782708,0.807295,12421570
-0.265457,9.786300,0.945560,12421575
-0.381576,9.782708,1.084424,12421580
-0.415693,9.779716,0.968903,12421585
-0.512060,9.777920,0.843208,12421590
-0.661099,9.722255,0.645088,12421595
-0.749086,9.633669,0.530765,12421600
-0.804152,9.522339,0.583437,12421605
-0.901118,9.579800,1.034744,12421610
-0.913089,9.604939,1.600973,12421615
-0.960973,9.630676,1.879299,12421620
-1.111807,9.536105,1.976862,12421625
-1.354220,9.372103,2.021754,12421630
-1.607407,9.238626,2.025944,12421635
-1.825878,9.142858,2.098967,12421640
-2.076072,9.063849,2.242619,12421645
-2.224513,9.012972,2.485630,12421650
-2.277784,9.028535,2.664597,12421655
-2.335244,9.066842,2.786103,12421660
-2.702156,8.983045,2.391658,12421665
-2.691981,9.049484,2.081010,12421670
-2.364573,9.203311,2.316839,12421675
-2.216133,9.272144,2.620304,12421680
-2.448370,9.173384,2.525135,12421685
-2.644695,8.983644,1.998410,12421690
-2.616563,8.952518,1.547702,12421695
-2.331653,8.908825,1.068861,12421700
-2.350208,9.181165,1.067664,12421705
-2.423231,9.081207,1.023970,12421710
-2.296339,9.027337,0.634314,12421715
-2.210147,9.164406,0.565481,12421720
-2.142511,8.969876,0.347010,12421725
-2.340631,9.066243,0.997035,12421730
-2.456152,9.247604,1.488445,12421735
-2.465729,9.066842,1.150264,12421740
-2.648885,8.917204,1.173009,12421745
-2.879925,8.875904,0.819864,12421750
-3.041534,8.883087,0.755820,12421755
-2.785953,8.336611,0.924012,12421760
-2.996044,9.232041,0.758812,12421765
-2.630330,8.557475,0.971896,12421770
-2.866757,8.777742,0.969502,12421775
-3.237859,8.315063,1.269376,12421780
-3.765182,7.905654,1.662025,12421785
-4.554071,7.949348,1.736844,12421790
-4.744410,7.714118,2.112733,12421795
-4.688745,7.507618,2.189348,12421800
-4.648043,6.227319,2.804658,12421805
-5.393239,7.107188,2.177377,12421810
-5.729624,8.664616,1.317260,12421815
-4.603751,7.299921,1.804480,12421820
-3.884293,6.709152,1.936760,12421825
-4.045902,7.123349,1.634492,12421830
-4.262577,6.478710,1.982249,12421835
-4.766556,7.177817,2.081010,12421840
-5.119102,7.973290,1.801487,12421845
-4.902427,6.848015,3.103933,12421850
-5.298667,6.792949,3.719841,12421855
-5.859509,6.828862,4.649989,12421860
-5.785289,6.506243,5.949441,12421865
-5.827786,7.203554,6.042816,12421870
-5.696703,6.624157,6.299593,12421875
-6.231808,7.301717,5.359271,12421880
-6.373065,6.664260,5.811176,12421885
-6.135441,7.187992,5.538836,12421890
-5.354333,7.231088,5.793220,12421895
-4.935946,7.537546,5.611859,12421900
-5.019145,7.670424,5.153968,12421905
-5.427955,7.531560,5.064784,12421910
-5.886444,7.205350,5.021090,12421915
-6.149208,7.003040,5.018097,12421920
-6.325780,7.020398,5.106683,12421925
-6.269516,6.678027,4.605696,12421930
-6.052841,6.479308,4.405181,12421935
-6.004957,6.521805,4.324377,12421940
-5.863699,6.229114,4.047248,12421945
-5.828385,6.077083,3.891625,12421950
-6.104915,6.083666,3.987393,12421955
-6.543653,5.965154,4.504541,12421960
-6.945879,5.558139,4.691288,12421965
-7.390601,5.376180,4.637419,12421970
-7.844303,5.558738,4.489577,12421975
-7.898172,5.634155,4.363882,12421980
-7.741951,5.678448,4.232799,12421985
-7.469011,5.729923,4.142418,12421990
-7.094917,5.617994,4.101717,12421995
-6.759729,5.489904,4.138826,12422000
-6.638224,5.433042,4.101118,12422005
-6.545448,5.404911,4.125659,12422010
-6.425738,5.529409,4.111892,12422015
-6.280290,5.609614,4.046650,12422020
-6.240188,5.696404,4.113089,12422025
-6.317400,5.744288,4.234595,12422030
-6.482002,5.717952,4.428525,12422035
-6.641815,5.620389,4.670339,12422040
-6.741174,5.507861,5.156961,12422045
-6.660968,5.327099,5.592107,12422050
-6.595128,5.258265,5.760898,12422055
-6.631639,5.121796,5.675904,12422060
-6.669947,4.889558,5.374833,12422065
-6.739378,4.988918,5.253926,12422070
-6.820183,5.119402,4.946870,12422075
-6.860884,5.218761,4.581155,12422080
-6.917148,5.411494,4.346524,12422085
-6.911162,5.337274,4.099322,12422090
-6.932710,5.662886,4.183119,12422095
-6.729203,5.623381,4.160374,12422100
-6.479009,5.297171,3.937714,12422105
-6.415563,5.255273,3.760543,12422110
-6.543653,5.249287,3.782090,12422115
-7.074567,5.074511,3.796456,12422120
-7.868843,4.778827,3.599533,12422125
-8.561965,4.604649,3.372083,12422130
-9.028834,4.456208,3.144036,12422135
-9.327511,4.381988,2.795679,12422140
-9.447819,4.376601,2.490419,12422145
-9.394548,4.411915,2.297685,12422150
-9.006687,4.421492,2.088791,12422155
-8.473379,4.327519,1.820641,12422160
-8.167520,4.362236,1.995417,12422165
-8.028057,4.459799,2.159420,12422170
-7.912538,4.295796,2.109740,12422175
-7.631817,4.115633,1.985242,12422180
-7.230190,4.059369,1.739238,12422185
-6.862680,4.134188,1.633294,12422190
-6.583755,4.173692,1.551293,12422195
-6.503550,4.270059,1.666215,12422200
-6.528090,4.153341,1.489044,12422205
-6.804022,4.028843,1.617134,12422210
-7.020697,3.502119,1.789516,12422215
-7.176321,3.369240,1.823035,12422220
-7.163152,3.456629,2.167800,12422225
-7.157166,3.740940,2.337190,12422230
-7.285256,3.978565,2.468272,12422235
-7.576152,3.924695,2.959084,12422240
-7.928100,3.830124,3.246986,12422245
-8.372224,3.536834,3.216460,12422250
-8.940847,3.096900,3.195511,12422255
-9.384373,2.542642,3.012953,12422260
-9.659107,2.272696,3.037494,12422265
-9.726145,2.322376,2.806453,12422270
-9.745897,2.302624,2.577807,12422275
-9.720758,2.358887,2.106149,12422280
-10.045771,2.208651,1.668010,12422285
-10.325892,2.003947,1.414824,12422290
-10.600029,1.790863,0.957531,12422295
-10.757447,1.775301,0.664840,12422300
-10.737696,1.740585,0.417639,12422305
-10.559926,1.911770,0.296731,12422310
-10.442610,1.899799,0.245256,12422315
-10.278607,1.881842,0.206949,12422320
-10.098443,1.953070,0.267402,12422325
-9.891944,1.973421,0.192584,12422330
-9.705794,1.862090,0.357185,12422335
-9.422082,1.812411,0.338031,12422340
-9.218575,1.969231,-0.074968,12422345
-9.071331,1.634043,-0.073173,12422350
-9.007286,1.316811,0.047734,12422355
-8.997110,1.109114,0.245256,12422360
-8.865430,1.084573,0.292542,12422365
-8.695441,1.146224,0.270395,12422370
-8.634988,1.130662,-0.071377,12422375
-8.595484,1.189918,-0.315586,12422380
-8.758887,1.407791,-1.047014,12422385
-9.790190,0.837971,-1.938256,12422390
-10.884340,0.104148,-2.202815,12422395
-11.541549,-0.293290,-2.424279,12422400
-12.304102,-0.271143,-2.711583,12422405
-12.916419,-0.086191,-2.906710,12422410
-13.462296,0.013767,-2.792986,12422415
-13.293506,0.149039,-2.661903,12422420
-12.402264,0.246603,-2.475754,12422425
-11.083657,0.532710,-2.077120,12422430
-9.973347,0.834978,-1.545008,12422435
-9.307758,1.028908,-1.289427,12422440
-9.088689,1.041478,-1.269675,12422445
-9.058163,0.928950,-1.458817,12422450
-9.228151,0.806846,-1.584513,12422455
-9.460987,0.730830,-1.605462,12422460
-9.593865,0.539294,-1.616834,12422465
-9.572916,0.363320,-1.619827,12422470
-9.474754,0.258574,-1.770662,12422475
-9.353249,0.220865,-1.928679,12422480
-9.174282,0.180762,-1.871817,12422485
-8.908525,0.217872,-1.825728,12422490
-8.724172,0.280720,-1.628805,12422495
-8.881591,0.867898,-1.477372,12422500
-8.608651,0.459687,-1.126023,12422505
-8.411729,0.194529,-0.890793,12422510
-8.357859,0.166996,-0.537648,12422515
-8.401553,0.323816,-0.082151,12422520
-8.504503,0.557849,0.492457,12422525
-9.047988,0.632069,0.998831,12422530
-9.873388,0.601543,1.383699,12422535
-8.381801,0.678158,1.371728,12422540
-5.442320,0.954089,0.509815,12422545
-4.403236,0.866701,-0.051625,12422550
-4.011186,0.518345,-0.335936,12422555
-3.958513,0.181361,-0.508918,12422560
-4.045303,-0.135871,-0.657358,12422565
-4.680365,-0.524929,-0.733972,12422570
-19.668068,-5.547365,-3.490297,12422575
-7.218817,5.184045,-1.520468,12422580
0.298976,4.740520,0.248249,12422585
-3.012804,0.916381,1.690157,12422590
-9.611822,-1.758541,1.744026,12422595
-19.656694,-3.886986,0.713921,12422600
-9.562741,-0.032322,-0.462231,12422605
-5.341165,2.097321,-0.456844,12422610
-13.177387,-0.611719,-0.518494,12422615
-7.216423,0.437540,-0.638204,12422620
-11.363180,-0.529119,-1.125424,12422625
-9.041404,0.206500,-1.416320,12422630
-9.802161,0.017358,-0.984167,12422635
-9.686042,-0.021548,-0.399383,12422640
-9.522638,0.005986,-0.138415,12422645
-9.944616,-0.054468,-0.196474,12422650
-9.738714,0.000000,-0.279673,12422655
-9.758467,0.003591,-0.221015,12422660
-9.563339,-0.001197,-0.123451,12422665
-9.833884,-0.093972,-0.080954,12422670
-9.592070,-0.077812,-0.133028,12422675
-9.937433,-0.150236,-0.249745,12422680
-9.668684,-0.091578,-0.268300,12422685
-9.658509,-0.082600,-0.264709,12422690
-9.568128,-0.159813,-0.237774,12422695
-9.926061,-0.202310,-0.349703,12422700
-9.702203,-0.050278,-0.394594,12422705
-9.724948,-0.025139,-0.357484,12422710
-9.525631,-0.055067,-0.294038,12422715
-9.750087,-0.087388,-0.282665,12422720
-9.765051,-0.030526,-0.549020,12422725
-9.809343,0.000599,-0.845901,12422730
-9.509470,0.013168,-0.891391,12422735
-9.671677,0.005986,-0.478990,12422740
-9.757270,0.038906,-0.285658,12422745
-9.768044,0.014964,-0.237176,12422750
-9.636961,0.012570,-0.242563,12422755
-9.675867,-0.020949,-0.276081,12422760
-9.686641,0.007781,-0.273089,12422765
-9.732131,0.030526,-0.225803,12422770
-9.721356,0.033519,-0.112079,12422775
-9.731532,0.043096,0.019603,12422780
-9.686042,0.023942,0.144700,12422785
-9.709984,0.011971,0.224307,12422790
-9.723751,0.026336,0.241066,12422795
-9.741109,0.068235,0.252439,12422800
-9.746496,0.019154,0.245855,12422805
-9.666888,0.013168,0.251242,12422810
-9.714174,0.036512,0.254234,12422815
-9.740510,0.044891,0.201562,12422820
-9.782409,0.027533,0.118363,12422825
-9.705794,0.048483,0.051924,12422830
-9.701006,0.016759,0.013617,12422835
-9.689633,0.040103,0.035763,12422840
-9.781212,0.000599,0.027384,12422845
-9.763854,0.003591,-0.018106,12422850
-9.696218,-0.005387,-0.002544,12422855
-9.660903,0.025139,0.030376,12422860
-9.730335,0.015562,0.020800,12422865
-9.754277,0.020949,0.005237,12422870
-9.721356,0.013767,-0.071377,12422875
-9.650129,0.015562,-0.216226,12422880
-9.706393,0.016161,-0.305410,12422885
-9.715970,0.018555,-0.292841,12422890
-9.744102,0.026336,-0.288651,12422895
-9.668684,0.039504,-0.134225,12422900
-9.656115,0.024541,-0.058209,12422905
-9.731532,0.013168,-0.016310,12422910
-9.724349,0.047285,-0.021697,12422915
-9.703401,0.058658,-0.018705,12422920
-9.741109,0.066439,-0.017508,12422925
-9.733328,0.147842,0.042946,12422930
-9.739912,0.107141,0.088436,12422935
-9.736919,0.025139,0.089633,12422940
-9.719561,-0.017358,0.059107,12422945
-9.712977,-0.083199,-0.009726,12422950
-9.712379,-0.104148,-0.049231,12422955
-9.706991,-0.023942,0.012420,12422960
-9.740510,-0.005387,0.050727,12422965
-9.753080,0.002394,0.113575,12422970
-9.724948,0.014964,0.183605,12422975
-9.703999,0.020351,0.246453,12422980
-9.704597,-0.004190,0.227898,12422985
-9.760262,0.008380,0.194978,12422990
-9.724948,0.025139,0.165050,12422995
-9.706991,0.015562,0.143502,12423000
-9.699210,0.019752,0.133327,12423005
-9.729137,0.025139,0.114173,12423010
-9.749489,0.007781,0.103400,12423015
-9.722554,0.002993,0.138116,12423020
-9.691429,0.017957,0.075268,12423025
-9.733328,-0.004190,0.023194,12423030
-9.742905,0.010175,0.023792,12423035
-9.736919,0.017957,0.117166,12423040
-9.686042,0.023942,0.134524,12423045
-9.695021,0.010175,0.190189,12423050
-9.699210,0.008978,0.171036,12423055
-9.724349,0.022146,0.194978,12423060
-9.723152,0.017358,0.174627,12423065
-9.708189,0.014365,0.130334,12423070
-9.712977,0.031723,0.151284,12423075
-9.738116,0.025139,0.150087,12423080
-9.730335,0.020949,0.172831,12423085
-9.738116,0.032322,0.190788,12423090
-9.751883,0.000599,0.252439,12423095
-9.762058,-0.010175,0.300323,12423100
-9.818322,-0.042497,0.418237,12423105
-9.797373,-0.012570,0.311695,12423110
-9.909302,-0.091578,0.177620,12423115
-10.093655,-0.223259,0.235679,12423120
-10.174459,-0.257975,0.289549,12423125
-10.298958,-0.317830,0.011223,12423130
-10.394128,-0.368707,-0.368258,12423135
-10.547357,-0.342969,-0.610671,12423140
-10.834062,0.072425,-0.699257,12423145
-10.984897,0.204106,-0.801609,12423150
-11.212346,0.137068,-0.825551,12423155
-11.785158,0.026336,-0.838120,12423160
-11.949759,-0.087987,-0.813580,12423165
-11.712734,-0.155623,-0.753126,12423170
-11.663652,-0.156820,-0.669329,12423175
-11.685201,-0.092775,-0.355090,12423180
-11.739669,-0.044891,0.230292,12423184
-11.609783,-0.050278,0.771382,12423189
-11.293749,-0.052672,1.230470,12423194
-10.968736,-0.082600,1.223886,12423199
-10.614394,-0.159813,1.287931,12423204
-10.297761,-0.259172,1.244835,12423209
-10.051158,-0.338181,1.166425,12423214
-9.821315,-0.395043,0.877924,12423219
-9.706393,-0.224456,0.813280,12423224
-9.917682,-0.189142,0.655862,12423229
-9.752481,-0.004788,0.509815,12423234
-9.808146,0.166397,0.426617,12423239
-9.980529,0.279523,0.106392,12423244
-10.264840,0.354940,0.191985,12423249
-10.576685,0.497395,0.333842,12423254
-10.882545,0.732626,0.368557,12423259
-11.186608,1.010353,0.463128,12423264
-11.467927,1.275511,0.200963,12423269
-11.633725,1.345541,0.212336,12423274
-11.667843,1.327585,0.232686,12423279
-11.594820,1.373075,0.107589,12423284
-11.428423,1.147421,0.147094,12423289
-11.104607,1.161786,0.060903,12423294
-10.762835,1.386243,0.256030,12423299
-10.474932,1.662773,0.110582,12423304
-10.186430,1.567005,-0.159963,12423309
-9.899725,1.416170,-0.000748,12423314
-9.605837,1.334767,0.119560,12423319
-9.348460,1.574188,0.232686,12423324
-9.159318,1.728614,0.341024,12423329
-9.126996,2.045845,0.715118,12423334
-9.187449,2.168548,0.645088,12423339
-9.171887,2.412158,1.036540,12423344
-8.863035,2.540847,1.305289,12423349
-8.344690,2.424728,1.424400,12423354
-7.963414,2.349310,1.414824,12423359
-7.895778,2.580950,1.333421,12423364
-7.956232,3.123835,0.778564,12423369
-7.981370,3.600281,-0.055216,12423374
-7.920917,3.914520,-0.518494,12423379
-7.770681,4.116231,-0.939275,12423384
-7.621642,4.220978,-0.984167,12423389
-7.394791,4.338294,-0.729184,12423394
-7.225401,4.608838,-0.850091,12423399
-7.052421,4.710592,-0.643591,12423404
-6.979397,4.854843,-0.499341,12423409
-6.918943,4.872200,-0.610072,12423414
-6.934506,4.994903,-0.355689,12423419
-6.977602,5.121796,-0.166547,12423424
-7.015310,5.274426,-0.017508,12423429
-7.078757,5.349844,0.162058,12423434
-7.231986,5.404312,0.279373,12423439
-7.374441,5.455189,0.418836,12423444
-7.471406,5.456984,0.504428,12423449
-7.442077,5.528212,0.542137,12423454
-7.377433,5.686828,0.506823,12423459
-7.239168,5.801151,0.454749,12423464
-7.023091,5.953183,0.462530,12423469
-6.761525,6.075885,0.436194,12423474
-6.569390,6.216545,0.215927,12423479
-6.476017,6.372766,0.941969,12423484
-6.384438,6.396110,0.721104,12423489
-6.377255,6.547543,0.382923,12423494
-6.362292,6.540959,0.310498,12423499
-6.279093,6.572682,0.313491,12423504
-6.231209,6.857592,0.652270,12423509
-6.152201,6.843227,1.237653,12423514
-6.142025,6.882133,1.317260,12423519
-6.227019,6.909666,1.319056,12423524
-6.246771,6.946776,1.458518,12423529
-6.216844,6.978499,1.591995,12423534
-6.203077,6.926425,1.642871,12423539
-6.117485,6.951565,1.552490,12423544
-6.037279,6.989872,1.447145,12423549
-5.915174,7.119757,1.517774,12423554
-5.750573,7.083246,1.354969,12423559
-5.414188,7.104794,0.964714,12423564
-5.019743,7.319673,0.772579,12423569
-4.692336,7.672818,1.363947,12423574
-4.355352,7.806893,1.490241,12423579
-4.022558,7.870339,1.281347,12423584
-3.895067,8.044518,1.237054,12423589
-3.819649,8.065467,1.105972,12423594
-3.893271,8.283340,1.201141,12423599
-3.893870,8.181585,1.111957,12423604
-3.881300,8.194156,0.980875,12423609
-3.994426,8.358158,1.369932,12423614
-3.911228,8.240244,1.165827,12423619
-3.768773,8.239047,1.052102,12423624
-3.565266,8.345589,1.320253,12423629
-3.330035,8.394670,1.520767,12423634
-3.167828,8.457518,1.724873,12423639
-3.028366,8.485051,2.066046,12423644
-2.914641,8.637083,2.091186,12423649
-2.744653,8.733449,2.121712,12423654
-2.508225,8.776545,1.970877,12423659
-2.380136,8.808268,1.864335,12423664
-2.289755,8.988432,1.629703,12423669
-2.071882,8.757990,1.472883,12423674
-2.113182,9.239224,1.380108,12423679
-1.800739,8.935760,1.217302,12423684
-1.892317,9.616311,1.214908,12423689
-1.526004,9.054273,1.269376,12423694
-1.418265,8.994417,1.383699,12423699
-1.884536,10.154408,1.469292,12423704
-1.386542,9.481039,1.541118,12423709
-1.272219,9.498397,1.706916,12423714
-1.117793,9.495404,1.949329,12423719
-1.227328,10.078991,1.827225,12423724
-0.814328,9.613318,1.894262,12423729
-0.922665,10.229227,2.021155,12423734
-0.653318,9.886856,2.015170,12423739
-0.610821,9.852140,2.131289,12423744
-0.602441,10.200497,2.045696,12423749
-0.384569,10.236409,2.204312,12423754
-0.303166,10.452486,2.250998,12423759
-0.294188,10.427347,2.422782,12423764
-0.292392,10.086173,2.333598,12423769
-0.424073,9.868899,2.268955,12423774
-0.531214,9.770139,2.319233,12423779
-0.547973,9.707291,2.492813,12423784
-0.560542,9.661801,2.605939,12423789
-0.567127,9.658808,2.647239,12423794
-0.575506,9.678560,2.711284,12423799
-0.549170,9.704897,2.637064,12423804
-0.519242,9.672575,2.290503,12423809
-0.547973,9.662399,1.970278,12423814
-0.539593,9.683349,1.776348,12423819
-0.591069,9.743204,1.645265,12423824
-0.408511,9.800066,1.584213,12423829
-0.220566,9.970653,1.464503,12423834
-0.063746,9.795278,0.967108,12423839
-0.096666,9.782109,0.975488,12423844
-0.162506,9.831191,1.130512,12423849
-0.167295,9.878476,1.304092,12423854
-0.158915,9.862914,1.484255,12423859
-0.147543,9.815628,1.641076,12423864
-0.204405,9.827600,1.820641,12423869
-0.243311,9.777321,1.965490,12423874
-0.319925,9.774927,2.226458,12423879
-0.445022,9.730635,2.391658,12423884
-0.415693,9.746795,2.504784,12423889
-0.371401,9.832388,2.583792,12423894
-0.373196,9.845556,2.486827,12423899
-0.397138,9.782109,2.365920,12423904
-0.417489,9.713276,2.248604,12423909
-0.462979,9.749189,2.212691,12423914
-0.437840,9.790489,2.271948,12423919
-0.337882,9.671976,2.036717,12423924
-0.360627,9.678560,1.967286,12423929
-0.313940,9.630077,1.907431,12423934
-0.265457,9.615712,1.891270,12423939
-0.240917,9.719860,1.784728,12423944
-0.128389,9.585785,1.716493,12423949
-0.079308,9.616311,1.698537,12423954
-0.035015,9.639654,1.657236,12423959
-0.012869,9.668385,1.620126,12423964
-0.002693,9.651027,1.457321,12423969
-0.038008,9.631873,1.307084,12423974
-0.097264,9.645041,1.441758,12423979
-0.119411,9.643246,1.526752,12423984
-0.091877,9.682152,1.627309,12423989
-0.026635,9.734225,1.739836,12423994
0.027234,9.812635,1.592593,12423999
0.080505,9.765948,1.498621,12424004
0.053570,9.758167,1.529745,12424009
0.050578,9.814431,1.627908,12424014
0.041599,9.795877,1.674594,12424019
-0.005686,9.745000,1.600973,12424024
-0.052373,9.706094,1.587805,12424029
-0.090082,9.709086,1.612345,12424034
-0.106841,9.737817,1.662025,12424039
-0.105046,9.732430,1.714697,12424044
-0.127791,9.723452,1.762581,12424049
-0.133177,9.698313,1.808071,12424054
-0.124199,9.680955,1.803283,12424059
-0.105046,9.643845,1.764976,12424064
-0.098462,9.699510,1.765574,12424069
-0.077512,9.729437,1.682376,12424074
-0.035614,9.730036,1.621922,12424079
-0.014664,9.729437,1.577629,12424084
-0.036811,9.712678,1.539921,12424089
-0.059556,9.707890,1.473482,12424094
-0.038607,9.706693,1.395670,12424099
-0.033220,9.797073,1.444153,12424104
-0.017657,9.840768,1.475277,12424109
0.006883,9.807249,1.544110,12424114
-0.002693,9.754577,1.628506,12424119
-0.049979,9.714474,1.765574,12424124
-0.076914,9.718663,1.873912,12424129
-0.136769,9.676764,1.894861,12424134
-0.219967,9.627085,1.881693,12424139
-0.252289,9.636064,1.897854,12424144
-0.157119,9.712678,1.924788,12424149
-0.054767,9.805453,1.976862,12424154
-0.000898,9.897630,2.065448,12424159
-0.010475,9.950302,2.142062,12424164
-0.075118,9.952697,2.183961,12424169
-0.157119,9.946711,2.198925,12424174
-0.252289,9.964069,2.248006,12424179
-0.322918,10.053253,2.180370,12424184
-0.367809,10.052654,2.114529,12424189
-0.437840,10.076596,1.984644,12424194
-0.524031,10.132860,1.927781,12424199
-0.840664,10.080188,2.051681,12424204
-1.096245,10.005967,2.226458,12424209
-1.274613,9.945514,2.258181,12424214
-1.078289,10.161591,2.350358,12424219
-0.673669,10.532692,2.349759,12424224
-0.501885,10.732608,2.218677,12424229
-0.420482,10.777499,2.046294,12424234
-0.084695,10.909779,1.978658,12424239
0.291793,10.854114,1.869123,12424244
0.403124,10.611700,1.849371,12424249
0.285209,10.342353,1.858948,12424254
0.110433,10.183737,1.854160,12424259
0.011672,10.095750,1.785925,12424264
0.002095,10.141240,1.763180,12424269
0.070928,10.250774,1.787122,12424274
0.173280,10.257957,1.733851,12424279
0.415095,10.260950,1.470489,12424284
0.614412,10.303447,1.351976,12424289
0.533009,10.344747,1.453131,12424294
0.387561,10.489596,1.557279,12424299
0.314538,10.670957,1.638681,12424304
0.289399,10.734404,1.641674,12424309
0.349254,10.668563,1.614141,12424314
0.393547,10.570999,1.665018,12424319
0.345663,10.451289,1.826028,12424324
0.234931,10.405201,1.882291,12424329
0.035614,10.365098,1.859547,12424334
-0.140959,10.281301,1.830816,12424339
-0.231340,10.108319,1.956512,12424344
-0.169689,9.907805,2.174384,12424349
-0.008080,9.702502,2.424578,12424354
0.105046,9.483433,2.635866,12424359
0.191237,9.255983,2.876484,12424364
0.194230,9.021951,3.536685,12424369
0.360627,8.658031,3.791069,12424374
0.622792,8.588600,4.168754,12424379
0.461183,8.404845,4.535067,12424384
0.104447,8.311471,4.608689,12424389
-0.138564,8.444349,4.506935,12424394
-0.257077,8.728661,4.267515,12424399
-0.397737,8.978256,4.012532,12424404
-0.603040,8.484452,3.628263,12424409
-0.457592,8.447941,3.484012,12424414
-0.377386,8.572439,3.367894,12424419
-0.430657,8.686762,3.205686,12424424
-0.431854,8.789713,2.972850,12424429
-0.364218,8.889072,2.803461,12424434
-0.318130,8.984241,2.623297,12424439
-0.246902,9.058462,2.482039,12424444
-0.165499,9.187150,2.476652,12424449
-0.029030,9.436746,2.802862,12424454
0.101454,9.314043,3.048866,12424459
0.243909,9.151237,3.285892,12424464
0.316334,8.942942,3.422362,12424469
0.367809,8.759786,3.360711,12424474
0.430058,8.636484,3.203292,12424479
0.486322,8.486248,3.004574,12424484
0.459986,8.370130,2.693327,12424489
0.541987,8.425795,2.350956,12424494
0.600047,8.604162,2.075025,12424499
0.579098,8.737639,1.978060,12424504
0.549769,8.807071,2.109142,12424509
0.529418,8.823831,2.367117,12424514
0.580893,8.849568,2.789095,12424519
0.589871,8.878299,3.218256,12424524
0.566528,8.953716,3.631256,12424529
0.525827,9.076419,4.098125,12424534
0.511461,9.234436,4.537461,12424539
0.501286,9.416395,4.975001,12424544
0.658705,9.602545,5.382614,12424549
0.786795,9.716867,5.692664,12424554
0.926257,9.755774,5.881805,12424559
1.001674,9.682152,5.979369,12424564
1.148918,9.557055,6.000319,12424569
1.336264,9.360131,6.052991,12424574
1.392528,9.036316,6.114043,12424579
1.346439,8.677784,6.111649,12424584
1.299154,8.339603,6.090101,12424589
1.153706,8.063073,5.986552,12424594
1.019032,7.873931,5.779453,12424599
0.966958,7.825448,5.487959,12424604
0.919673,7.851785,5.167735,12424609
0.951994,7.936180,4.837335,12424614
1.026215,8.038532,4.617068,12424619
0.952593,8.114548,4.575170,12424624
0.879570,7.964312,4.702063,12424629
0.854431,8.004415,4.887014,12424634
0.760458,8.614936,4.977396,12424639
0.448614,9.180567,4.769699,12424644
0.174477,9.440337,4.475811,12424649
0.123002,9.470863,4.295647,12424654
0.190040,9.318233,4.268114,12424659
0.320524,9.048286,4.405780,12424664
0.374393,8.845378,4.563797,12424669
0.324115,8.699332,4.724807,12424674
0.285209,8.575432,4.895993,12424679
0.380379,8.618527,5.016302,12424684
0.468366,8.783728,5.108478,12424689
0.476147,8.701726,5.163545,12424694
0.554557,8.629301,5.237765,12424699
0.571915,8.705317,5.453842,12424704
0.530016,8.845378,5.784840,12424709
0.473753,8.590994,6.080524,12424714
0.582090,8.221688,6.201431,12424719
0.823306,7.808689,6.094291,12424724
0.992097,7.659051,5.777059,12424729
0.896329,7.873931,5.406556,12424734
0.699406,8.163630,5.023484,12424739
0.527024,8.410232,4.781071,12424744
0.424073,8.553286,4.585345,12424749
0.369006,8.619126,4.335750,12424754
0.285808,8.617331,4.110096,12424759
0.257077,8.609550,4.038868,12424764
0.281618,8.613739,4.039467,12424769
0.310348,8.668806,4.214842,12424774
0.260669,8.653243,4.389619,12424779
0.292392,8.550293,4.627244,12424784
0.350451,8.370130,4.827758,12424789
0.391153,8.233660,5.041440,12424794
0.388160,8.241441,5.297021,12424799
0.390554,8.055890,5.545420,12424804
0.398335,7.856573,5.843498,12424809
0.312144,7.720702,6.147562,12424814
0.182857,7.644686,6.443844,12424819
0.122404,7.515998,6.651541,12424824
0.170886,7.413047,6.743119,12424829
0.179266,7.416638,6.707805,12424834
0.096067,7.487866,6.629395,12424839
0.117017,7.558495,6.434268,12424844
0.251690,7.574656,6.229563,12424849
0.405518,7.608773,5.965004,12424854
0.550966,7.724892,5.693262,12424859
0.609624,7.900267,5.411345,12424864
0.607828,8.105570,5.137807,12424869
0.555156,8.224682,4.976199,12424874
0.585083,8.242638,4.945673,12424879
0.688034,8.282143,4.976797,12424884
0.695815,8.331821,5.139004,12424889
0.574309,8.379706,5.304204,12424894
0.370802,8.388085,5.347898,12424899
0.227748,8.293514,5.291635,12424904
0.228347,8.100781,5.183896,12424909
0.281019,7.911640,5.174319,12424914
0.328305,7.782352,5.205443,12424919
0.417489,7.764995,5.338920,12424924
0.436643,7.845799,5.534646,12424929
0.454599,7.961918,5.772271,12424934
0.543783,7.896077,5.906346,12424939
0.624587,7.799711,5.935076,12424944
0.640150,7.729680,5.862652,12424949
0.580295,7.798513,5.815366,12424954
0.567127,7.889493,5.838710,12424959
0.513257,7.955932,5.945252,12424964
0.482731,8.003218,5.988348,12424969
0.455796,8.069656,5.937470,12424974
0.455198,8.080431,5.824943,12424979
0.364218,8.076241,5.189881,12424984
0.005088,7.778761,3.601328,12424989
0.282815,7.608773,3.001581,12424994
0.748487,7.788338,3.325995,12424999
0.787992,7.879318,4.022109,12425004
0.758064,7.846397,5.134814,12425009
0.745495,7.889493,6.199037,12425014
0.656311,7.845799,6.889166,12425019
0.516250,7.704541,7.148338,12425024
0.401328,7.595006,7.013066,12425029
0.283414,7.510611,6.649745,12425034
0.260669,7.500435,6.375609,12425039
0.265457,7.485472,6.193052,12425044
0.315137,7.498640,6.216994,12425049
0.322918,7.559692,6.229563,12425054
0.299574,7.638102,6.107459,12425059
0.219967,7.737462,5.765088,12425064
0.239121,7.806294,5.432294,12425069
0.246303,7.943961,5.146785,12425074
0.221763,8.002619,5.076157,12425079
0.194828,7.957728,5.180305,12425084
0.148740,7.862558,5.406556,12425089
0.139762,7.759608,5.613056,12425094
0.172682,7.638102,5.798607,12425099
0.145747,7.522582,5.914726,12425104
0.094272,7.465121,6.033238,12425109
0.003891,7.448361,6.152949,12425114
-0.027833,7.486669,6.256498,12425119
0.055366,7.524377,6.305579,12425124
0.164302,7.553706,6.337901,12425129
0.204405,7.574656,6.333711,12425134
0.182857,7.631518,6.475567,12425139
0.125995,7.716512,6.567744,12425144
0.099060,7.805098,6.670695,12425149
0.103849,7.911640,6.664111,12425154
0.117017,8.022970,6.649745,12425159
0.130783,8.145074,6.562357,12425164
0.146944,8.236652,6.416910,12425169
0.164901,8.369531,6.364836,12425174
0.102053,8.402451,6.301389,12425179
0.020051,8.394072,6.160730,12425184
-0.055366,8.140884,5.847089,12425189
-0.141557,7.760805,5.374833,12425194
-0.019453,7.875128,5.410746,12425199
0.023044,8.069058,5.570559,12425204
-0.025438,8.107366,5.580735,12425209
-0.055964,8.115147,5.559187,12425214
-0.022446,8.109161,5.535244,12425219
0.152930,8.095394,5.602881,12425224
0.382174,8.012196,5.678897,12425229
0.427066,7.861960,5.871630,12425234
0.289399,7.672219,6.129605,12425239
0.090082,7.531560,6.273856,12425244
-0.060154,7.408258,6.421099,12425249
-0.118812,7.414244,6.586299,12425254
-0.188244,7.499238,6.686856,12425259
-0.246303,7.668029,6.860435,12425264
-0.313940,7.821857,6.958598,12425269
-0.377386,7.893683,7.078906,12425274
-0.440832,7.911041,7.190835,12425279
-0.513856,7.866748,7.311742,12425284
-0.586879,7.843405,7.344663,12425289
-0.668282,7.840412,7.292589,12425294
-0.676063,7.847595,7.177667,12425299
-0.635361,7.897274,7.010073,12425304
-0.606032,7.958326,6.802975,12425309
-0.601842,8.009203,6.591088,12425313
-0.547374,8.018182,6.422895,12425318
-0.437840,8.025963,6.348076,12425323
-0.397737,8.028955,6.294207,12425328
-0.413898,8.058285,6.256498,12425333
-0.461183,8.041525,6.267272,12425338
-0.470161,7.999028,6.158934,12425343
-0.524031,7.952940,6.098481,12425348
-0.615609,7.860763,6.073940,12425353
-0.659902,7.538743,6.083517,12425358
-0.816123,7.527370,6.367828,12425363
-0.950797,7.565677,6.729951,12425368
-1.019631,7.589021,6.971766,12425373
-1.133355,7.578247,7.198018,12425378
-1.269226,7.612963,7.314137,12425383
-1.403900,7.648876,7.254282,12425388
-1.484106,7.687183,6.983737,12425393
-1.500865,7.753024,6.558766,12425398
-1.514033,7.810484,5.982362,12425403
-1.431433,7.880515,5.347300,12425408
-1.406294,7.963115,4.776283,12425413
-1.544559,7.904457,4.440496,12425418
-1.624765,7.849391,4.304625,12425423
-1.673846,7.762600,4.256741,12425428
-1.682824,7.653664,4.359093,12425433
-1.661875,7.511209,4.605097,12425438
-1.627758,7.366360,4.961833,12425443
-1.560720,7.220314,5.341913,12425448
-1.606210,6.983886,5.786037,12425453
-1.747468,6.774394,6.146365,12425458
-1.804929,6.634333,6.382194,12425463
-1.785775,6.570887,6.352266,12425468
-1.668459,6.624157,6.063166,12425473
-1.579874,6.782175,5.627421,12425478
-1.588852,6.980894,5.078551,12425483
-1.658284,7.159860,4.532673,12425488
-1.694197,7.111976,4.184316,12425493
-1.636736,7.034164,3.941903,12425498
-1.613393,6.988076,3.750966,12425503
-1.666664,7.025187,3.603723,12425508
-1.745074,7.015610,3.526510,12425513
-1.725920,7.118560,3.514539,12425518
-1.688810,7.284957,3.534291,12425523
-1.674445,7.496844,3.621679,12425528
-1.664868,7.656058,3.687520,12425533
-1.609203,7.734468,3.753959,12425538
-1.560720,7.807492,3.806032,12425543
-1.588852,7.827842,3.856311,12425548
-1.642123,7.781156,3.856311,12425553
-1.693000,7.771579,3.764134,12425558
-1.642722,7.764396,3.646818,12425563
-1.560720,7.745841,3.577985,12425568
-1.572093,7.705140,3.507954,12425573
-1.637335,7.693169,3.454683,12425578
-1.582268,7.691971,3.418172,12425583
-1.379958,7.756016,3.462465,12425588
-1.079486,7.731476,3.577985,12425593
-0.991499,7.595006,3.779098,12425598
-1.126173,7.432200,4.050839,12425603
-1.186626,7.307702,4.329764,12425608
-1.139341,7.235278,4.638018,12425613
-0.568324,7.447763,5.559187,12425618
1.381754,7.583634,9.680805,12425623
2.943970,7.338228,14.685884,12425628
2.195184,7.381324,14.536246,12425633
1.212962,7.970297,10.339211,12425638
1.014244,8.625710,5.490354,12425643
0.811934,9.001600,2.101361,12425648
0.397737,8.875306,1.031751,12425653
0.243311,8.773552,1.527351,12425658
0.223559,8.907627,2.474258,12425663
0.145148,9.033323,3.523517,12425668
0.078111,9.102755,4.465036,12425673
0.018256,9.043498,5.278467,12425678
-0.181660,8.822035,6.030844,12425683
-0.389956,8.507795,6.563554,12425688
-0.525228,8.138490,6.965780,12425693
-0.631171,7.726687,7.191434,12425698
-0.841861,7.211336,7.323115,12425703
-1.072902,6.858789,6.868815,12425708
-1.089062,6.627151,4.740370,12425713
-0.428861,6.848015,3.595941,12425718
0.285808,7.350798,5.577143,12425723
0.844255,7.656058,8.019229,12425728
1.105822,7.584232,9.079861,12425733
0.971148,7.258022,8.979304,12425738
0.468366,6.786963,8.507048,12425743
0.003891,6.318897,8.306533,12425748
-0.349853,5.984307,8.724321,12425753
-0.351648,5.815516,9.428815,12425758
0.029030,5.805341,10.002227,12425763
0.503680,5.928642,10.320057,12425768
0.698808,6.083068,10.364948,12425773
0.649128,6.236896,10.196755,12425778
0.237924,6.318897,10.169222,12425783
-0.111630,6.319495,10.243443,12425788
-0.094272,6.333262,10.048913,12425793
0.079308,6.224925,9.540744,12425798
0.525228,6.083068,8.741679,12425803
1.716942,5.556344,7.644536,12425808
2.244863,5.538387,6.318747,12425813
2.560299,5.797559,5.304803,12425818
2.171840,6.302137,4.954052,12425823
0.985513,6.812701,5.665729,12425828
-0.231938,7.012617,7.133973,12425833
-1.167473,6.903082,8.712949,12425838
-1.720533,6.640917,10.075250,12425843
-1.391929,6.406884,11.678167,12425848
-1.253664,6.319495,12.702288,12425853
-1.673248,6.030994,12.277915,12425858
-1.715745,5.722142,11.402835,12425863
-1.074697,5.459378,10.508600,12425868
-0.367809,5.282806,9.551518,12425873
-0.003292,5.234922,8.615385,12425878
0.171485,5.197213,7.828890,12425883
0.351648,5.203199,7.328502,12425888
0.533608,5.281011,7.113024,12425893
0.799364,5.409100,7.093271,12425898
1.102829,5.613206,7.336283,12425903
1.339257,5.802348,7.827094,12425908
1.451185,5.960365,8.533383,12425913
1.424849,5.996278,9.373749,12425918
1.282993,5.838860,10.114754,12425923
1.037587,5.550358,10.740838,12425928
0.816722,5.190031,11.274745,12425933
0.684442,4.876989,11.638663,12425938
0.589273,4.608240,11.779922,12425943
0.540192,4.375403,11.642853,12425948
0.562338,4.217386,11.309461,12425953
0.665289,4.186860,10.831818,12425958
0.818518,4.218584,10.244639,12425963
0.954389,4.274249,9.546131,12425968
0.977732,4.382586,8.876952,12425973
0.986710,4.462193,8.348432,12425978
1.263241,4.638167,8.081478,12425983
1.775600,5.126585,8.082675,12425988
1.975516,5.807735,7.973739,12425993
1.762432,6.309320,7.628376,12425998
1.379958,6.339248,7.311742,12426003
1.007660,6.077083,7.347057,12426008
0.684442,5.764040,7.551163,12426013
0.419285,5.567716,7.722348,12426018
0.161309,5.530007,7.830686,12426023
-0.014066,5.600636,7.831882,12426028
-0.109834,5.740098,7.914483,12426033
-0.199617,5.841254,7.921067,12426038
-0.199018,5.849633,7.913286,12426043
-0.128389,5.774815,7.986907,12426048
0.060154,5.658696,8.110209,12426053
0.322319,5.579687,8.128165,12426058
0.592266,5.533599,8.094646,12426063
0.830489,5.570110,8.083873,12426068
0.934636,5.623980,7.979126,12426073
0.984316,5.659294,7.910892,12426078
1.000477,5.629965,7.822306,12426083
0.999280,5.619790,7.691223,12426088
0.983119,5.665878,7.604434,12426093
0.886752,5.749675,7.478738,12426098
0.761655,5.829283,7.326706,12426103
0.547973,5.936423,7.124995,12426108
0.260669,6.011840,6.903531,12426113
-0.045191,6.067506,6.746711,12426118
-0.285808,6.084864,6.683863,12426123
-0.447416,6.147711,6.640169,12426128
-0.509666,6.220136,6.579715,12426133
-0.494103,6.279991,6.556372,12426138
-0.402525,6.359000,6.561759,12426143
-0.304961,6.426037,6.557569,12426148
-0.210989,6.463746,6.622811,12426153
-0.143353,6.451177,6.725163,12426158
-0.035614,6.399701,6.913706,12426163
0.096666,6.348226,7.054366,12426168
0.236727,6.373365,7.205799,12426173
0.349254,6.451775,7.435044,12426178
0.457592,6.542755,7.639150,12426183
0.552761,6.625355,7.795969,12426188
0.574908,6.688202,7.834277,12426193
0.510264,6.721123,7.875577,12426198
0.385766,6.743868,7.891738,12426203
0.258274,6.717531,7.943811,12426208
0.124199,6.679823,7.979724,12426213
0.027234,6.652289,7.961768,12426218
-0.023044,6.675035,7.949199,12426223
-0.103250,6.767810,7.842058,12426228
-0.139163,6.810905,7.733720,12426233
-0.106841,6.845023,7.494300,12426238
-0.103250,6.862381,7.345860,12426243
-0.042796,6.830657,7.205200,12426248
0.029030,6.876147,7.012467,12426253
0.102651,6.948572,6.793996,12426258
0.182857,7.028179,6.539014,12426263
0.258873,7.086238,6.337302,12426268
0.326509,7.141904,6.174497,12426273
0.363021,7.151481,6.052392,12426278
0.392350,7.121553,5.982960,12426283
0.417489,7.081450,5.991340,12426288
0.452205,7.012617,6.029647,12426293
0.462979,6.943185,6.129605,12426298
0.450409,6.928820,6.244527,12426303
0.451008,6.887520,6.403143,12426308
0.439635,6.867768,6.483348,12426313
0.456395,6.821679,6.585102,12426318
0.494103,6.803723,6.613832,12426323
0.509067,6.774394,6.635979,12426328
0.522235,6.743868,6.692841,12426333
0.560542,6.702568,6.749105,12426338
0.555156,6.718130,6.896947,12426343
0.547973,6.739079,7.023839,12426348
0.500089,6.790555,7.081300,12426353
0.415693,6.842030,7.106440,12426358
0.324115,6.896498,7.163302,12426363
0.219369,6.937798,7.215376,12426368
0.115221,7.019799,7.277027,12426373
0.042796,7.076662,7.232135,12426378
0.023044,7.079056,7.219565,12426383
-0.001496,7.092224,7.099257,12426388
-0.005686,7.105990,6.961590,12426393
-0.002693,7.108984,6.818537,12426398
-0.024840,7.162254,6.621614,12426403
-0.028431,7.191583,6.446239,12426408
-0.015862,7.198167,6.330120,12426413
-0.035614,7.237672,6.192453,12426418
-0.081104,7.266402,6.169708,12426423
-0.161309,7.289147,6.206220,12426428
-0.213982,7.296329,6.269666,12426433
-0.242712,7.283162,6.384588,12426438
-0.210989,7.292738,6.432472,12426443
-0.132579,7.318476,6.536021,12426448
-0.099060,7.340024,6.531831,12426453
-0.060154,7.381922,6.530634,12426458
-0.052972,7.430405,6.562357,12426463
-0.117615,7.465719,6.526444,12426468
-0.185251,7.462727,6.510283,12426473
-0.224756,7.409456,6.454020,12426478
-0.264859,7.403470,6.424092,12426483
-0.248698,7.408857,6.353463,12426488
-0.244508,7.423223,6.374413,12426493
-0.261866,7.472902,6.413318,12426498
-0.242712,7.508815,6.451027,12426503
-0.294188,7.546524,6.412121,12426508
-0.321122,7.522582,6.352865,12426513
-0.327706,7.494450,6.317550,12426518
-0.306757,7.443573,6.282834,12426523
-0.275034,7.418434,6.257695,12426528
-0.252289,7.398083,6.264279,12426533
-0.245705,7.409456,6.276849,12426538
-0.227150,7.376535,6.350471,12426543
-0.270246,7.380127,6.404340,12426548
-0.288202,7.379528,6.454618,12426553
-0.330699,7.353790,6.490531,12426558
-0.364218,7.329848,6.562357,12426563
-0.367211,7.321469,6.623409,12426568
-0.342072,7.311294,6.668899,12426573
-0.297779,7.338827,6.755090,12426578
-0.269048,7.387908,6.753893,12426583
-0.198419,7.404667,6.723966,12426588
-0.130783,7.387908,6.706608,12426593
-0.079308,7.351396,6.736536,12426598
-0.018854,7.350199,6.717382,12426603
0.046388,7.326856,6.701819,12426608
0.079308,7.344213,6.707805,12426613
0.089483,7.310096,6.702418,12426618
0.101454,7.273585,6.735937,12426623
0.084096,7.235278,6.750302,12426628
0.031424,7.175423,6.777237,12426633
-0.032022,7.161656,6.752098,12426638
-0.081702,7.159262,6.788011,12426643
-0.140959,7.179612,6.764667,12426648
-0.217573,7.189189,6.770054,12426653
-0.325911,7.222708,6.838289,12426658
-0.376189,7.229292,6.859837,12426663
-0.380977,7.234679,6.916101,12426668
-0.366014,7.262212,6.963984,12426673
-0.339677,7.313089,6.968174,12426678
-0.297779,7.308899,6.903531,12426683
-0.235530,7.347805,6.824522,12426688
-0.134973,7.393295,6.719177,12426693
-0.064943,7.405864,6.555175,12426698
-0.038008,7.466318,6.448034,12426703
0.012270,7.475296,6.290616,12426708
0.041001,7.467515,6.193052,12426713
0.068534,7.437588,6.120627,12426718
0.091877,7.419631,6.051195,12426723
0.125396,7.411850,6.039823,12426728
0.123601,7.430405,5.993734,12426733
0.087688,7.453150,5.946449,12426738
0.013467,7.472902,5.936274,12426743
-0.086491,7.424419,5.407753,12426748
-0.093075,7.688979,5.519682,12426753
-0.203806,7.585430,6.398355,12426758
-0.477943,7.271789,6.853253,12426763
-0.690428,7.023391,6.543204,12426768
-0.662895,6.961142,6.123021,12426773
-0.488118,7.202357,5.898565,12426778
-0.189441,7.654861,5.917120,12426783
0.005686,7.918822,6.205023,12426788
0.028431,7.797915,6.575525,12426793
-0.094272,7.539940,6.929867,12426798
-0.183456,7.225102,7.193229,12426803
-0.254085,6.972514,7.242311,12426808
-0.375590,7.110779,7.209989,12426813
-0.324714,7.237672,7.171083,12426818
-0.269048,7.362170,7.204602,12426823
-0.218770,7.450157,7.210588,12426828
-0.198419,7.457340,7.138163,12426833
-0.220566,7.451953,7.026833,12426838
-0.277428,7.431602,6.923283,12426843
-0.323517,7.414843,6.837092,12426848
-0.383372,7.384915,6.792201,12426853
-0.395941,7.334038,6.749105,12426858
-0.383970,7.334038,6.670695,12426863
