0.0085293436,0.0606032312,0.3552396894,0.0031790154,-0.0005494101,-0.0029795447,420520834706578
-0.0450409204,0.1007061079,0.3324947655,0.0031790154,-0.0005494101,-0.0008490158,420520839713578
-0.000748188,0.0692822114,0.3660135865,0.0042442796,-0.0005494101,-0.0019142802,420520844716578
-0.0197521634,0.0426467173,0.3145382404,0.0138316592,-0.0005494101,-0.0051100734,420520849721578
0.0113724582,0.0139162978,0.3360860646,0.005309544,0.0005158543,-0.0093711307,420520854727578
-0.0351648368,0.0721253231,0.3025672436,0.0042442796,0.0005158543,0.0002162487,420520859732578
0.0245405678,0.0778115541,0.3767874837,0.0042442796,-0.0005494101,-0.0019142802,420520864736578
-0.013617022,0.0451905578,0.3875614107,-0.0064083645,0.0005158543,-0.0008490158,420520869742578
0.0031423897,0.0402525179,0.3360860646,-0.0117346868,0.0005158543,-0.0008490158,420520874750578
0.0197521634,0.0543184504,0.3923498094,-0.0085388934,0.0005158543,0.0012815131,420520879759578
-0.013617022,-0.0101753576,0.3480570614,-0.0000167779,0.0005158543,0.0023467776,420520884759578
-0.0290296953,0.0457891077,0.3851672113,-0.0138652157,-0.0005494101,0.0023467776,420520889759578
-0.0323217213,0.0752677172,0.3875614107,-0.007473629,-0.0026799389,-0.0061753378,420520894766578
-0.0167594124,0.0629974306,0.3803787827,-0.0032125711,-0.0005494101,0.0055425707,420520899771578
-0.0190039761,0.0484825857,0.3612251878,-0.0053431001,0.0005158543,0.003412042,420520904775578
0.0157119483,0.0671872869,0.3625719249,-0.0042778356,-0.0005494101,0.003412042,420520909781578
-0.01062427,0.0954687893,0.3817255199,0.0095706023,0.0005158543,0.0055425707,420520914786578
0.0169090498,0.0662894621,0.3218705058,0.005309544,0.0005158543,0.0023467776,420520919792578
0.0239420161,0.032621,0.336235702,0.0042442796,-0.0005494101,-0.0029795447,420520924800578
-0.0166097749,0.0752677172,0.3865139484,0.0010484866,-0.0005494101,0.0055425707,420520929818578
0.0037409402,0.0202010777,0.4044704437,0.005309544,0.0005158543,0.0023467776,420520934821578
-0.0058358666,0.0962169841,0.3278560042,-0.0010820423,0.0005158543,-0.0051100734,420520939817578
0.0061351419,0.0290296953,0.3194762766,-0.0064083645,-0.0005494101,-0.0008490158,420520944823578
0.0109235449,0.0194528885,0.3577835262,-0.007473629,0.0005158543,0.0055425707,420520949825578
0.011971008,0.0194528885,0.3434183002,-0.0085388934,0.0005158543,0.0087383641,420520954828578
0.0273836814,0.0906803906,0.3290531039,-0.0106694223,0.0015811187,0.0076730996,420520959833578
0.0118213706,0.0604535937,0.3913023472,-0.0159957446,-0.0005494101,0.003412042,420520964841578
-0.0405517928,0.0851437971,0.3721487224,-0.0106694223,-0.0005494101,0.0098036285,420520969845578
-0.0082300687,0.0263362192,0.3446153998,-0.0000167779,-0.0005494101,-0.0008490158,420520974848578
-0.0128688337,0.0239420161,0.3685574234,-0.0010820423,-0.0016146746,0.0002162487,420520979857578
-0.0032920274,0.0082300687,0.3458124995,0.0117011312,-0.0005494101,0.0012815131,420520984862578
-0.0306757092,0.0571615659,0.414047271,0.0042442796,-0.0005494101,-0.0008490158,420520989869578
0.0028431145,0.0484825857,0.3422212005,0.0138316592,0.0005158543,-0.0040448089,420520994879578
0.0076315179,0.0541688129,0.3733458221,0.0170274526,-0.0005494101,-0.0051100734,420520999891578
-0.0197521634,0.0490811355,0.3087023795,0.0085053379,-0.0005494101,0.010868893,420521004879578
0.0161608607,0.0263362192,0.3745429218,0.0106358668,-0.0005494101,0.0087383641,420521009884578
-0.0625485182,0.076165542,0.3434183002,-0.0042778356,0.0005158543,0.0055425707,420521014892578
0.0008978256,0.0531213507,0.3422212005,0.0021137509,-0.0005494101,-0.0072406023,420521019896578
0.0008978256,0.0088286186,0.3410241008,-0.0053431001,-0.0016146746,0.0023467776,420521024900578
0.0200514384,0.0386065021,0.3757400215,-0.0064083645,0.0005158543,0.0140646864,420521029907578
-0.0228945538,0.0359130241,0.3290531039,-0.0042778356,0.0005158543,0.0066078352,420521034911578
-0.0263362192,0.0513256975,0.3266589046,-0.0053431001,0.0005158543,-0.0072406023,420521039916578
-0.0202010777,0.0594061315,0.3266589046,-0.0085388934,-0.0005494101,0.0076730996,420521044924578
-0.0188543387,0.026934769,0.3529951274,-0.0032125711,0.0005158543,-0.0019142802,420521049929578
-0.0080804303,0.056563016,0.403273344,0.0085053379,0.0005158543,-0.0083058672,420521054933578
-0.0163105,0.0712274984,0.3256114423,0.0085053379,0.0005158543,-0.0200237762,420521059939578
0.0088286186,0.078110829,0.3699041605,0.0234190393,-0.0005494101,0.0002162487,420521064943578
0.0098760817,0.0454898328,0.3040636182,0.0138316592,-0.0005494101,0.003412042,420521069950578
-0.0067336923,0.0405517928,0.2980781198,-0.0010820423,0.0005158543,0.0012815131,420521074953578
0.0100257192,0.0558148287,0.3866635859,0.0063748085,0.0015811187,-0.0072406023,420521079961578
-0.0163105,0.0626981556,0.3148375154,-0.0064083645,-0.0005494101,-0.0072406023,420521084965578
-0.0077811554,0.0552162752,0.3256114423,0.0021137509,-0.0005494101,0.0055425707,420521089969578
0.0077811554,0.0703296736,0.3303998411,-0.0010820423,0.0015811187,-0.0040448089,420521094974578
0.0005985504,0.0628477931,0.3004723191,-0.0010820423,0.0015811187,-0.0061753378,420521099981578
-0.0231938288,0.0483329482,0.356736064,-0.0096041579,-0.0005494101,0.0012815131,420521104986578
-0.0064344169,0.0158615857,0.360327363,-0.0127999512,-0.0005494101,-0.0029795447,420521109993578
0.000748188,0.0396539643,0.4201824069,-0.0138652157,0.0005158543,-0.0051100734,420521114997578
-0.0086789811,0.0263362192,0.3746925592,-0.0106694223,-0.0005494101,-0.0029795447,420521120003578
-0.0098760817,0.0191536136,0.3651157618,-0.0085388934,0.0005158543,0.0055425707,420521125006578
-0.0121206464,0.0487818606,0.3639186621,0.0063748085,0.0005158543,0.0129994219,420521130104578
-0.0215478148,0.0414496176,0.3088520169,0.005309544,-0.0005494101,-0.0168279819,420521135018578
-0.0571615659,0.0365115777,0.3555389643,0.0042442796,-0.0005494101,-0.0072406023,420521140053578
-0.0008978256,0.0148141226,0.3196259141,-0.0000167779,-0.0005494101,0.003412042,420521145025578
-0.0079307929,0.0112228207,0.3244143426,0.005309544,-0.0005494101,0.0023467776,420521150036578
-0.0127191963,0.0647930801,0.3220201433,0.005309544,0.0005158543,-0.0061753378,420521155035578
0.0076315179,0.0453401953,0.3818751574,0.0170274526,-0.0005494101,-0.014697453,420521160039578
-0.0577601157,0.0296282452,0.316034615,0.0063748085,-0.0005494101,0.0076730996,420521165045578
-0.0086789811,0.0092775319,0.4141969085,0.0063748085,0.0005158543,0.0044773063,420521170049578
0.0020949265,0.0272340439,0.3172317147,-0.0032125711,-0.0005494101,0.0076730996,420521175056578
0.0163105,0.0686836615,0.3292027414,-0.0064083645,-0.0005494101,-0.014697453,420521180060578
-0.0050876788,0.0350151993,0.3363853395,-0.0053431001,0.0005158543,0.0066078352,420521185072578
0.0175075997,0.0574608408,0.3256114423,-0.0117346868,-0.0005494101,-0.0029795447,420521190083578
0.0115220957,0.011971008,0.3329436779,0.0010484866,-0.0016146746,0.0044773063,420521195085578
-0.0124199213,0.0451905578,0.3449146748,-0.0042778356,-0.0005494101,-0.0083058672,420521200085578
0.0079307929,0.0652419999,0.3712508976,-0.0053431001,-0.0005494101,0.0066078352,420521205090578
-0.0098760817,0.0457891077,0.3137900531,-0.0021473067,-0.0005494101,0.0023467776,420521210098578
0.0115220957,0.0571615659,0.354491502,0.0074400729,-0.0005494101,-0.0210890397,420521215099578
-0.0396539643,-0.0026934769,0.3389291763,0.0085053379,-0.0005494101,-0.0029795447,420521220102578
-0.0381575897,0.0664390996,0.3197755516,0.0085053379,0.0015811187,0.0002162487,420521225111578
0.0095768068,0.0493804105,0.3760392964,0.0106358668,0.0005158543,-0.0061753378,420521230114578
-0.01062427,0.0706289485,0.3556886017,-0.0064083645,-0.0016146746,-0.0029795447,420521235121578
-0.0272340439,0.0523731634,0.3485059738,-0.0096041579,-0.0005494101,0.0023467776,420521240126578
-0.0187047012,0.0613514185,0.2994248569,-0.0202568024,0.0005158543,-0.0072406023,420521245132578
-0.0185550638,0.0562637411,0.3197755516,-0.0085388934,-0.0005494101,0.0087383641,420521250135578
-0.0267851315,0.0203507151,0.3532944024,-0.0021473067,0.0005158543,0.0066078352,420521255140578
-0.0098760817,0.0393546894,0.3317465782,-0.0064083645,-0.0016146746,-0.0029795447,420521260147578
-0.0312742591,0.0486322232,0.3987842202,-0.0117346868,-0.0005494101,0.0087383641,420521265152578
-0.0203507151,0.0353144743,0.3616741002,-0.0021473067,0.0005158543,-0.0093711307,420521270157578
0.0321720839,0.0553659126,0.3532944024,-0.0010820423,0.0015811187,-0.0008490158,420521275160578
-0.0095768068,0.0145148477,0.2790741324,0.0031790154,0.0005158543,-0.0178932473,420521280168578
-0.0107739074,0.0359130241,0.3413233757,0.0063748085,-0.0005494101,0.0044773063,420521285172578
-0.0166097749,-0.0213981774,0.3820247948,0.0031790154,0.0015811187,-0.0019142802,420521290178578
-0.0116717331,0.0335188247,0.3556886017,0.0095706023,0.0005158543,-0.0083058672,420521295184578
-0.0378583148,-0.0095768068,0.3197755516,0.005309544,-0.0005494101,0.003412042,420521300188578
-0.0351648368,0.0299275219,0.3485059738,0.0085053379,-0.0005494101,-0.0008490158,420521305193578
-0.0172083247,0.0178068746,0.3664624989,0.0031790154,-0.0016146746,-0.0029795447,420521310198578
-0.0432452671,0.0558148287,0.3592799008,-0.0000167779,0.0005158543,-0.0008490158,420521315203578
-0.034566287,0.0031423897,0.3868132234,-0.0096041579,0.0005158543,0.0044773063,420521320209578
-0.0094271693,0.028281508,0.3832219243,0.0042442796,0.0005158543,-0.0019142802,420521325211578
-0.028281508,0.0531213507,0.384419024,0.0031790154,0.0005158543,-0.0040448089,420521330220578
-0.0175075997,0.032621,0.4167407453,-0.007473629,0.0005158543,-0.0072406023,420521335223578
0.0016460137,0.0384568647,0.3341407776,-0.0138652157,0.0015811187,-0.0051100734,420521340230578
-0.014963761,0.0453401953,0.3640682995,-0.0042778356,0.0005158543,0.0087383641,420521345234578
-0.0053869537,0.0202010777,0.3281552792,0.0063748085,-0.0016146746,0.0119341575,420521350240578
0.014963761,0.0426467173,0.3341407776,0.0021137509,-0.0005494101,-0.0019142802,420521355244578
-0.0219967272,0.022296004,0.3640682995,0.0148969237,0.0005158543,-0.0083058672,420521360250578
0.0055365916,0.0353144743,0.3173813522,0.0223537758,-0.0005494101,0.003412042,420521365254578
0.0031423897,0.0291793328,0.373645097,0.0074400729,0.0005158543,0.0076730996,420521370262578
0.0233434662,0.0659901872,0.3078045547,0.0074400729,0.0015811187,-0.0019142802,420521375267578
0.0005985504,0.0561141036,0.3580828011,0.0095706023,-0.0005494101,0.0087383641,420521380271578
-0.0005985504,0.0439934544,0.3893570602,0.0021137509,0.0005158543,-0.0008490158,420521385276578
0.0327706374,0.0424970798,0.4144961834,-0.0064083645,-0.0005494101,0.003412042,420521390281578
-0.0067336923,0.0257376675,0.3666121364,-0.0053431001,-0.0005494101,-0.0008490158,420521395285578
-0.0101753576,0.0659901872,0.4025251567,-0.0117346868,-0.0016146746,0.0012815131,420521400292578
-0.0363619365,0.0407014303,0.3271078169,-0.0053431001,0.0005158543,0.0087383641,420521405296578
-0.0158615857,0.005985504,0.3749918342,-0.0064083645,0.0005158543,0.0023467776,420521410302578
0.0140659353,0.0426467173,0.3486556113,0.005309544,0.0005158543,-0.0200237762,420521415306578
0.0080804303,0.0043394906,0.3618237376,0.0031790154,0.0005158543,0.0055425707,420521420312578
0.0115220957,0.0163105,0.3151367903,0.0031790154,-0.0005494101,-0.0083058672,420521425316578
-0.0074818805,0.0163105,0.330699116,0.0159621891,0.0005158543,-0.0029795447,420521430322578
-0.0122702839,0.026934769,0.3618237376,0.0170274526,0.0005158543,0.0076730996,420521435327578
0.0092775319,0.0243909303,0.4013280571,0.0117011312,0.0005158543,0.0119341575,420521440334578
-0.0050876788,0.0160112232,0.3366846144,0.0095706023,-0.0005494101,0.0098036285,420521445336578
-0.0013467384,0.0124199213,0.3402759135,-0.0042778356,-0.0005494101,0.0055425707,420521450349578
0.043843817,0.0350151993,0.367809236,0.0021137509,-0.0005494101,-0.0029795447,420521455347578
0.000748188,0.0193032511,0.2780266702,-0.0021473067,-0.0005494101,0.0012815131,420521460364578
-0.0040402152,0.0383072272,0.3462614119,-0.0096041579,0.0005158543,-0.0029795447,420521465358578
-0.0050876788,0.0107739074,0.3450643122,-0.0064083645,-0.0016146746,0.0023467776,420521470361578
-0.0148141226,0.0318728089,0.3426701128,-0.0181262735,-0.0026799389,-0.0072406023,420521475368578
-0.0218470898,0.0245405678,0.319925189,-0.007473629,-0.0026799389,-0.0019142802,420521480375578
-0.0013467384,0.02558803,0.3390788138,-0.0127999512,-0.0037452034,0.003412042,420521485379578
-0.0061351419,-0.002992752,0.4025251567,-0.007473629,-0.0026799389,-0.0083058672,420521490386578
0.0118213706,0.0327706374,0.3283049166,0.0063748085,-0.0016146746,0.0172604788,420521495389578
-0.0227449164,0.0266354941,0.3055599928,0.0010484866,0.0005158543,-0.0019142802,420521500398578
0.0130184721,0.0550666377,0.3402759135,-0.0032125711,0.0047769118,-0.0008490158,420521505400578
-0.0082300687,-0.0070329676,0.3426701128,-0.0000167779,0.0047769118,0.0193910077,420521510404578
0.0049380409,0.0335188247,0.3702034354,0.0063748085,0.0037116476,-0.0029795447,420521515410578
-0.0034416649,0.0107739074,0.3606266379,0.0042442796,0.0047769118,0.0012815131,420521520415578
0.0025438394,-0.005985504,0.3031657934,0.0106358668,0.0037116476,0.0012815131,420521525420578
0.0215478148,-0.0010474633,0.3522469103,0.005309544,0.0026463831,0.003412042,420521530424578
-0.0142155727,0.0393546894,0.3989338577,0.0085053379,0.0026463831,0.0023467776,420521535430578
0.0287304204,-0.0273836814,0.3534440398,-0.0127999512,-0.0026799389,-0.0029795447,420521540436578
-0.0178068746,0.0941220522,0.3582324386,-0.0032125711,-0.0101367896,0.0098036285,420521545441578
-0.0260369442,0.0460883826,0.3749918342,-0.0064083645,-0.0122673186,0.010868893,420521550446578
-0.004489128,0.0279822331,0.3247136176,0.0074400729,-0.0143978475,0.0012815131,420521555452578
-0.0079307929,0.0398036018,0.3737947345,-0.0010820423,-0.013332583,-0.0115016596,420521560456578
-0.0163105,0.0360626616,0.4444237053,0.0031790154,-0.0122673186,-0.0029795447,420521565461578
-0.014963761,0.0323217213,0.4109048545,-0.0010820423,-0.013332583,0.0098036285,420521570467578
-0.0193032511,0.0284311455,0.475548327,0.0042442796,-0.0197241697,-0.0061753378,420521575472578
-0.0408510678,0.0207996275,0.4683656991,0.0074400729,-0.0282462854,-0.0019142802,420521580477578
-0.0495300479,0.0257376675,0.4156932831,0.0191579815,-0.03889893,-0.0029795447,420521585482578
-0.0194528885,0.0170586873,0.411054492,0.0063748085,-0.0463557802,-0.0008490158,420521590487578
0.0116717331,0.0122702839,0.3416226506,-0.0021473067,-0.0495515727,-0.0178932473,420521595492578
0.0128688337,0.0071826051,0.3631704748,0.0074400729,-0.0474210456,0.0098036285,420521600497578
-0.0049380409,0.0190039761,0.3559878767,0.0010484866,-0.0463557802,0.0066078352,420521605503578
-0.0248398427,0.0058358666,0.243460387,-0.0010820423,-0.0442252532,-0.0072406023,420521610508578
-0.0184054263,0.0140659353,0.2662053108,0.0021137509,-0.0399641953,-0.0008490158,420521615513578
-0.1327285618,-0.0347159244,0.276979208,-0.0010820423,-0.0314420797,-0.0232195687,420521620518578
-0.9493009448,0.4417302012,0.2614169121,-0.0053431001,-0.0207894351,-0.0136321886,420521625523578
-1.4826093912,0.6962637901,0.3058592677,-0.0021473067,-0.0090715252,-0.0115016596,420521630528578
-1.623568058,0.7456442118,0.3501519859,-0.0117346868,-0.0037452034,-0.0125669241,420521635535578
-1.6983867884,0.7829039693,0.3489548862,-0.0117346868,-0.0026799389,0.0055425707,420521640540578
-1.6178817749,0.7202057838,0.3467103243,-0.007473629,0.0005158543,0.0236520655,420521645547578
-1.461959362,0.5873275995,0.3538929522,0.0031790154,-0.0005494101,0.034304712,420521650551578
-1.4068927765,0.4988917708,0.3600280881,0.0106358668,-0.0005494101,0.0470878817,420521655569578
-1.4936826229,0.4372410774,0.3839701116,0.0095706023,-0.0016146746,0.0460226201,420521660560578
-1.387439847,0.2534860969,0.3157353401,0.005309544,-0.0026799389,0.0758500248,420521665562578
-1.1911153793,0.0401028767,0.4462193549,0.0031790154,0.0005158543,0.0822416097,420521670566578
-0.9853636622,-0.1221042871,0.3791816831,0.0042442796,-0.0005494101,0.0747847557,420521675571578
-0.857573092,-0.3224690557,0.2929904461,-0.0000167779,-0.0090715252,0.0960900486,420521680579578
-0.9299977422,-0.3785831332,0.2988263071,-0.0053431001,-0.0037452034,0.0715889633,420521685582578
-0.8186673522,-0.5198410153,0.4664204121,-0.0053431001,0.0005158543,0.0833068714,420521690587578
-1.0338462591,-0.5047276616,0.3669114113,-0.0010820423,0.0005158543,0.0705237016,420521695597578
-0.862511158,-0.6042366624,0.4973953962,-0.021322066,-0.0026799389,0.0417615622,420521700601578
-1.4064438343,-0.3643675745,0.3990834951,-0.0096041579,-0.0122673186,0.0268478598,420521705610578
-1.9557634592,-0.1452981085,0.3058592677,-0.007473629,-0.0154631119,0.034304712,420521710613578
-1.7592893839,-0.0951695144,0.4914098978,-0.0064083645,-0.0154631119,0.0492184125,420521715625578
-1.9066823721,0.0840963349,0.0484825857,-0.0053431001,-0.0165283773,0.0577405281,420521720642578
-1.8387469053,0.1168669686,0.462829113,0.0021137509,-0.0122673186,0.0843721405,420521725628578
-1.9152116776,0.2774281204,0.2882020175,0.0106358668,-0.0080062607,0.1301785111,420521730631578
-1.6998832226,0.3107973039,0.3936965466,0.0117011312,-0.0112020541,0.2015512288,420521735634578
-1.8130092621,0.4013280571,0.2166752517,0.0095706023,-0.0101367896,0.2313786298,420521740639578
-1.4716858864,0.2965817451,0.1809118688,-0.0053431001,0.0005158543,0.3006208241,420521745654578
-1.0655694008,0.1833060682,0.5258265734,-0.007473629,0.0079727052,0.358145088,420521750650578
-1.0591349602,0.1535281837,0.1740285307,-0.0042778356,0.0111684985,0.396494627,420521755655578
-0.5518634915,-0.0219967272,0.4062660933,-0.0106694223,0.0111684985,0.4305830896,420521760664578
-0.1192611754,-0.1604115069,0.5463268757,-0.0191915371,0.0090379696,0.4582799673,420521765675578
0.1626560837,-0.173130706,0.2935889959,-0.0170610081,-0.0037452034,0.4582799673,420521770678578
0.1906383038,-0.1812111437,0.3917512596,-0.0117346868,-0.0058757323,0.4636062682,420521775681578
0.8488941193,-0.3001730442,0.3185784519,-0.007473629,-0.0058757323,0.4550841451,420521780684578
0.810736537,-0.3006219566,0.3447650373,-0.0085388934,-0.0069409967,0.4561494291,420521785690578
1.1511621475,-0.4288613796,0.4415805638,0.0021137509,-0.0080062607,0.4359093904,420521790693578
1.3109750748,-0.4076128304,0.3983353078,0.0042442796,-0.0122673186,0.4060820043,420521795700578
1.5623662472,-0.3887585104,0.3491045237,0.0031790154,-0.0175936408,0.3719935417,420521800703578
1.3866916895,-0.3594295382,0.1346738487,0.0031790154,-0.0090715252,0.3283177018,420521805710578
1.644217968,-0.4574421644,0.5559037328,0.005309544,-0.0080062607,0.2984902859,420521810716578
1.6026188135,-0.4619312882,0.3330933154,-0.0010820423,-0.0090715252,0.2484228611,420521815728578
1.5638626814,-0.4830302,0.3245639801,-0.0000167779,-0.0069409967,0.2132691294,420521820735578
1.5987281799,-0.4302081168,0.5579986572,0.0021137509,-0.0143978475,0.1663974971,420521825730578
1.3717279434,-0.3218705058,0.1053448766,0.0042442796,-0.0154631119,0.1387006193,420521830743578
1.3094786406,-0.4113537669,0.3482066989,-0.0053431001,-0.0069409967,0.099285841,420521835753578
1.1230301857,-0.2817676067,0.4296095669,-0.0170610081,0.0015811187,0.0630668476,420521840755578
1.0247182846,-0.1596633196,0.3853168488,-0.0053431001,0.0005158543,0.036435239,420521845750578
1.0815806389,-0.0824503228,0.5720645785,0.0010484866,-0.0069409967,-0.0008490158,420521850758578
1.0489596128,0.0537199005,0.1267430484,-0.0021473067,-0.0122673186,-0.0083058672,420521855766578
0.9219173193,0.0341173746,0.4318541288,-0.0191915371,-0.0112020541,-0.0072406023,420521860765578
0.8581717014,0.0101753576,0.3841197491,-0.007473629,-0.0058757323,-0.0093711307,420521865770578
1.1870751381,-0.0552162752,0.302716881,-0.0021473067,-0.0048104678,-0.0200237762,420521870774578
1.0978910923,-0.0610521436,0.2967313826,0.005309544,-0.0005494101,-0.0264153611,420521875780578
0.676661253,0.1375169605,0.1638531834,0.0127663948,0.012233763,-0.02854589,420521880787578
1.0471639633,0.189740479,0.4954501092,0.0095706023,0.0175600853,-0.0178932473,420521885791578
1.2395979166,0.1589151323,0.4668693244,0.0021137509,0.0090379696,0.0076730996,420521890801578
1.2524667978,0.1532289088,0.5015852451,0.0031790154,0.0015811187,0.0193910077,420521895801578
1.4802151918,0.1441010088,0.5183446407,-0.0010820423,-0.0069409967,0.0268478598,420521900808578
1.9294272661,-0.0805050358,0.4873696864,0.0031790154,-0.0229199622,0.034304712,420521905816578
2.1199159622,-0.2374748737,0.3473088741,0.0063748085,-0.0282462854,0.0129994219,420521910818578
1.7323545218,-0.2160767019,0.2480991483,0.0074400729,-0.0250504911,-0.0019142802,420521915831578
1.584213376,-0.2418143749,0.2590226829,-0.007473629,-0.0197241697,-0.0338722132,420521920829578
1.5459060669,-0.2910451293,0.1943792552,-0.0096041579,-0.0090715252,-0.0700912029,420521925834578
1.7129017115,-0.2985270321,0.2697966099,-0.0053431001,0.0005158543,-0.1158975735,420521930840578
1.7542016506,-0.2705447972,0.3393780887,-0.0032125711,0.0058421763,-0.1553123593,420521935847578
1.7265187502,-0.1640028208,0.3922001719,-0.0064083645,0.0090379696,-0.1925966144,420521940849578
1.5955858231,-0.1940799803,0.3660135865,0.0021137509,0.0090379696,-0.219228223,420521945858578
0.7146692276,0.0100257192,0.322917968,0.0063748085,0.012233763,-0.2394682467,420521950860578
-0.0407014303,0.4248211682,0.3504512608,0.0085053379,0.0154295564,-0.2309461385,420521955867578
-0.3203741014,0.5876268744,0.4930559099,-0.0021473067,0.012233763,-0.1915313452,420521960871578
-0.2645592988,0.5579986572,0.4284124672,-0.0042778356,0.0026463831,-0.1595734209,420521965878578
-0.2332850248,0.4333505034,0.4535515904,-0.0000167779,-0.0037452034,-0.1169628352,420521970881578
-0.1595136821,0.2590226829,0.4176385701,0.0063748085,-0.0080062607,-0.0828743801,420521975888578
-0.1470937729,0.1963245422,0.3423708379,0.0095706023,-0.0112020541,-0.0519817099,420521980912578
-0.1028010324,0.1572691202,0.3292027414,-0.0021473067,-0.0122673186,-0.02854589,420521985898578
-0.1128267571,0.1241992116,0.3172317147,0.0085053379,-0.0090715252,-0.014697453,420521990901578
-0.1026513949,0.1508347094,0.3040636182,-0.0064083645,-0.0058757323,-0.0125669241,420521995909578
-0.0995090082,0.011971008,0.3339911401,-0.0032125711,-0.0016146746,-0.0093711307,420522000916578
-0.0477343947,0.0535702631,0.2681505978,-0.0010820423,0.0047769118,-0.0008490158,420522005919578
-0.0284311455,0.0152630359,0.4357447028,0.0031790154,0.0058421763,-0.0019142802,420522010919578
-0.022296004,0.0080804303,0.4213795066,0.0063748085,0.0047769118,-0.0061753378,420522015930578
-0.0363619365,0.0366612151,0.3806780577,0.0010484866,0.0026463831,-0.0040448089,420522020932578
-0.074220255,0.0531213507,0.4393360019,0.0031790154,0.0037116476,0.0098036285,420522025940578
-0.0284311455,0.032621,0.3531447649,0.0021137509,0.0047769118,-0.0029795447,420522030942578
-0.0401028767,0.0420481674,0.312443316,0.0010484866,0.0058421763,-0.0061753378,420522035951578
-0.0517746136,0.0145148477,0.3950432837,0.0042442796,0.0047769118,0.0023467776,420522040952578
-0.0252887551,0.0299275219,0.3722983599,-0.0096041579,0.0047769118,0.0002162487,420522045960578
-0.0357633866,0.0523731634,0.4153940082,-0.0106694223,0.0037116476,0.0172604788,420522050963578
-0.043843817,0.0378583148,0.4189853072,-0.0117346868,0.0005158543,-0.0040448089,420522055971578
-0.0175075997,0.0350151993,0.3722983599,-0.0202568024,-0.0026799389,0.0023467776,420522060973578
-0.051924251,-0.0019452889,0.4668693244,-0.007473629,-0.0080062607,0.010868893,420522065981578
-0.0706289485,0.0124199213,0.4884171486,-0.0042778356,-0.0154631119,-0.0029795447,420522070983578
-0.043843817,0.0396539643,0.4321534038,0.0021137509,-0.0229199622,0.0098036285,420522075992578
0.0086789811,-0.0202010777,0.4058171809,0.005309544,-0.02718102,-0.0008490158,420522080995578
0.0323217213,-0.0996586457,0.3842693865,-0.0032125711,-0.0282462854,0.0012815131,420522086002578
0.1509843469,-0.3993827701,0.3100491166,0.0085053379,-0.02718102,-0.0178932473,420522091004578
0.2048538774,-0.5045779943,0.2896983922,0.0117011312,-0.0239852276,-0.0402637981,420522096012578
0.318279177,-0.7329249978,0.288351655,0.0095706023,-0.0186589062,-0.0690259412,420522101014578
0.3468599617,-0.9157821536,0.2308908254,0.0095706023,-0.0112020541,-0.1095059887,420522106023578
0.2973299325,-0.8985738158,0.2211643755,-0.0000167779,-0.0005494101,-0.1553123593,420522111032578
0.1915361285,-0.7858967185,0.2379238009,-0.0064083645,0.0090379696,-0.1957924068,420522116034578
0.0701800361,-0.7308300734,0.3766378462,-0.0096041579,0.0196906142,-0.2128366381,420522121035578
0.0233434662,-0.7926303744,0.4519055784,-0.0117346868,0.0186253488,-0.2213587463,420522126041578
-0.0173579622,-0.8506897688,0.4122515917,-0.007473629,0.0143642919,-0.2309461385,420522131046578
-0.0857423469,-0.8955810666,0.4671685994,-0.0032125711,0.0079727052,-0.2277503461,420522136053578
-0.1289876103,-0.9545382857,0.5113117099,-0.0000167779,-0.0005494101,-0.2309461385,420522141072578
-0.1475426853,-1.0022727251,0.4299088418,-0.0032125711,-0.0112020541,-0.2288156003,420522146097578
-0.137666598,-1.1487679482,0.293289721,-0.0000167779,-0.0165283773,-0.2352071851,420522151069578
-0.2038064152,-1.2562077045,0.302716881,-0.0021473067,-0.0122673186,-0.2543819547,420522156073578
-0.3181295395,-1.0691606998,0.3432686627,0.0010484866,-0.0080062607,-0.2426640391,420522161074578
-0.414047271,-1.1149498224,0.3706523478,-0.0053431001,-0.0101367896,-0.2543819547,420522166085578
-0.4605845511,-1.1472715139,0.3274070919,0.0138316592,-0.0069409967,-0.2682303786,420522171085578
-0.5280711055,-0.9460089207,0.2865560055,0.0117011312,-0.0058757323,-0.2479903698,420522176091578
-0.6377554536,-0.6302735806,0.2709937096,0.0085053379,0.0005158543,-0.2575777471,420522181096578
-0.7251438498,-0.6386532784,0.2576759458,0.0021137509,0.0026463831,-0.2575777471,420522186102578
-0.7474398613,-0.5574001074,0.3090016544,-0.0042778356,0.0111684985,-0.2128366381,420522191106578
-0.7743746042,-0.4834791124,0.4704606235,-0.0106694223,0.0132990275,-0.1979229301,420522196116578
-0.7390601635,-0.3434183002,0.1053448766,-0.0085388934,0.0164948199,-0.1819439679,420522201119578
-0.6504746675,-0.3025672436,0.6175544262,-0.0138652157,0.0143642919,-0.1393333972,420522206127578
-0.5246294737,-0.2578255832,0.5050269365,-0.0042778356,0.0101032341,-0.1105712503,420522211129578
-0.4010287821,-0.2204161882,0.2893991172,-0.0021473067,0.0026463831,-0.0796785802,420522216141578
-0.4011784196,-0.4281131923,0.4617816508,-0.0085388934,-0.0037452034,-0.0722217336,420522221138578
-0.4773439765,-0.6397007704,0.1946785301,-0.0021473067,-0.0026799389,-0.0562427677,420522226143578
-0.3546411395,-0.7653963566,0.5957072973,-0.0032125711,-0.0069409967,-0.0338722132,420522231148578
-0.2060509771,-0.7965209484,0.126294136,0.005309544,-0.0058757323,-0.0157627184,420522236154578
-0.146495223,-0.7178115845,0.2855085433,0.0031790154,-0.0069409967,-0.0136321886,420522241157578
-0.1991676539,-0.7920318246,0.4375403523,-0.0021473067,0.0005158543,-0.0136321886,420522246165578
-0.1478419602,-0.5594950318,0.2231096774,0.0138316592,0.0037116476,-0.0296111554,420522251167578
-0.2383727133,-0.3184288144,0.3344400525,0.005309544,0.0037116476,-0.0189585108,420522256174578
-0.0869394466,-0.3200748265,0.2638111115,-0.0064083645,0.0090379696,-0.0136321886,420522261182578
-0.2240075022,-0.4070142806,0.3643675745,-0.0085388934,0.0079727052,-0.0200237762,420522266194578
-0.2870049179,-0.5568015575,0.2338835746,-0.0127999512,0.0132990275,-0.0104363952,420522271193578
-0.4308066666,-0.5210381746,0.3486556113,-0.0064083645,0.0154295564,-0.0178932473,420522276200578
-0.4008791447,-0.4762965143,0.330699116,-0.0053431001,0.0143642919,0.010868893,420522281200578
-0.2531868219,-0.4258686304,0.1990180165,-0.0085388934,0.0154295564,0.0151299508,420522286205578
-0.4138976336,-0.6221931577,0.5951087475,-0.0191915371,0.0164948199,0.0279131234,420522291209578
-0.3847182989,-0.5611410141,0.2144306898,-0.0032125711,0.0101032341,0.0406962968,420522296219578
-0.2204161882,-0.2060509771,0.5053262115,-0.0138652157,0.0047769118,0.0641321167,420522301220578
0.0353144743,-0.0474351197,0.4047697186,-0.0064083645,-0.0037452034,0.0705237016,420522306227578
0.0193032511,-0.2597708702,0.417937845,-0.007473629,-0.0080062607,0.0758500248,420522311231578
0.2736871839,-0.1999158412,0.1940799803,0.0010484866,-0.0037452034,0.0566752627,420522316237578
0.2326864749,-0.6365583539,0.3784334958,-0.0000167779,0.0005158543,0.0630668476,420522321241578
0.2949357331,-0.5750573277,0.0839466974,0.0148969237,0.0090379696,0.0396310315,420522326249578
0.1240495741,-0.5204395652,0.2130839527,-0.0010820423,0.0228864066,0.0417615622,420522331256578
0.0881365538,-0.1788169444,0.2070984542,-0.0096041579,0.0356695801,0.0406962968,420522336259578
0.2226607651,0.2677016854,0.5566518903,-0.007473629,0.0346043147,0.0673279092,420522341261578
0.1442506462,0.3214215636,0.4345476031,-0.0117346868,0.0314085223,0.0598710552,420522346272578
0.3088520169,0.3872621357,0.6440402865,-0.0234525949,0.0260822009,0.0641321167,420522351272578
0.2412158251,0.278924495,0.5125088096,-0.0202568024,0.0175600853,0.073719494,420522356278578
0.4795885384,0.4930559099,0.4143465459,-0.0096041579,0.0111684985,0.0630668476,420522361284578
0.6045359373,0.3907037973,0.455047965,-0.0106694223,0.0111684985,0.0598710552,420522366291578
0.431255579,0.3621230125,0.3760392964,0.0021137509,0.0090379696,0.0396310315,420522371293578
0.4884171486,0.3079541922,0.5699696541,-0.0064083645,0.0058421763,0.0268478598,420522376299578
0.3974374831,0.1026513949,0.2145803273,-0.0053431001,0.0005158543,0.003412042,420522381307578
0.2308908254,-0.1002571955,0.2768295705,-0.0000167779,0.0079727052,-0.0008490158,420522386312578
0.1545756459,-0.0794575661,0.5988497138,-0.0053431001,0.0079727052,-0.0115016596,420522391313578
0.2109890282,-0.028281508,0.1295861602,0.0117011312,0.0037116476,-0.0178932473,420522396322578
0.2204161882,-0.0329202749,0.5485714674,0.0074400729,0.0143642919,-0.0157627184,420522401324578
0.3535936773,0.4516063035,0.2576759458,0.0063748085,0.0154295564,-0.014697453,420522406331578
0.1915361285,0.6015431881,0.4803367257,-0.0085388934,0.0154295564,-0.0296111554,420522411334578
0.2745850086,0.3006219566,0.3510498106,-0.0032125711,0.0175600853,-0.0232195687,420522416342578
0.1574187577,0.3369838893,0.3404255509,-0.0010820423,0.0207558777,-0.02854589,420522421349578
0.1019032076,0.2855085433,0.4935048223,-0.0096041579,0.0260822009,-0.0391985364,420522426356578
0.066888012,0.6076782942,0.3930979967,-0.0064083645,0.0271474645,-0.0455901213,420522431359578
0.0344166495,0.7616553903,0.3045125306,-0.0117346868,0.023951672,-0.0168279819,420522436366578
0.0968155339,0.7867945433,0.5331587791,-0.021322066,0.0154295564,-0.0104363952,420522441367578
0.1343745738,0.9249100685,0.2398690879,-0.007473629,0.0164948199,-0.0051100734,420522446372578
0.1478419602,1.1644798517,0.4064157307,-0.0117346868,0.012233763,-0.0051100734,420522451375578
0.1069908887,1.3862427473,0.4100070298,-0.0053431001,0.0111684985,-0.0178932473,420522456383578
-0.0679354742,1.3576619625,0.3969885707,-0.0010820423,0.012233763,-0.0296111554,420522461395578
-0.0309749842,1.3548189402,0.2892494798,0.0138316592,0.0143642919,-0.02854589,420522466393578
0.0351648368,1.4820108414,0.5371990204,0.0085053379,0.0101032341,-0.0370680057,420522471395578
-0.0290296953,1.5634137392,0.2632125616,0.0010484866,0.0047769118,-0.0626343489,420522476403578
-0.0297778845,1.6708534956,0.345962137,-0.0021473067,0.0026463831,-0.0668954104,420522481411578
-0.0640448928,1.5976806879,0.3963900208,0.0010484866,0.0015811187,-0.0700912029,420522486416578
-0.0170586873,1.3524247408,0.4192845821,0.0010484866,0.0026463831,-0.0679606721,420522491420578
0.0032920274,1.285985589,0.2674024105,-0.0010820423,-0.0026799389,-0.0807438493,420522496436578
0.0652419999,1.1924620867,0.4505588412,-0.0202568024,0.0005158543,-0.0913964957,420522501431578
0.1448491961,1.1984475851,0.2316390127,-0.0032125711,0.0026463831,-0.1073754579,420522506437578
0.1370680481,1.3702315092,0.4759972394,-0.0085388934,0.0015811187,-0.1116365194,420522511443578
0.0830488726,1.3325228691,0.2965817451,-0.0053431001,0.0047769118,-0.1201586351,420522516447578
0.1033995822,1.5295956135,0.5099649429,-0.0085388934,0.0101032341,-0.0924617574,420522521449578
0.0600046813,1.5584756136,0.2671031356,-0.0000167779,-0.0005494101,-0.0743522644,420522526457578
0.1324292868,1.5625158548,0.3679588735,-0.0042778356,0.0015811187,-0.0658301488,420522531459578
0.3091512918,1.5987281799,0.3357867897,-0.007473629,0.0037116476,-0.0434595942,420522536468578
0.397736758,1.6677111387,0.4462193549,-0.0010820423,0.0005158543,-0.0370680057,420522541469578
0.4228758812,1.614739418,0.3088520169,0.0042442796,0.0005158543,-0.0200237762,420522546478578
0.4679167867,1.5620669127,0.4288613796,0.0031790154,-0.0005494101,-0.0232195687,420522551480578
0.3936965466,1.5749357939,0.3166331649,0.0095706023,-0.0005494101,-0.024284834,420522556488578
0.34401685,1.5560814142,0.4270657301,-0.0010820423,0.0015811187,-0.0328069478,420522561490578
0.2039560527,1.5837644339,0.3543418646,-0.007473629,0.0037116476,0.003412042,420522566513578
-0.1946785301,1.3802572489,0.2898480296,-0.0053431001,0.0069074407,0.010868893,420522571504578
0.1158195063,-0.1331774741,0.3748421967,-0.0096041579,0.012233763,0.0161952153,420522576512578
-0.0550666377,-0.0073322426,0.2527379096,-0.007473629,0.0143642919,0.0076730996,420522581509578
-0.0439934544,-0.0775122792,0.4478653669,-0.007473629,0.0154295564,0.0066078352,420522586516578
-0.0353144743,0.0158615857,0.3772363961,-0.0021473067,0.0154295564,0.0055425707,420522591526578
-0.0374094024,0.0110731833,0.3688566983,-0.0117346868,0.0132990275,0.0087383641,420522596526578
-0.0276829563,0.0122702839,0.3652653992,-0.0085388934,0.012233763,0.0066078352,420522601528578
-0.0912789404,0.1397615224,0.3748421967,-0.0032125711,0.0090379696,0.0268478598,420522606537578
-0.0905307531,0.2561795712,0.4311059415,-0.0096041579,0.0047769118,0.036435239,420522611540578
-0.0746691674,0.2425625622,0.4251204431,0.005309544,-0.0016146746,0.0588057935,420522616546578
-0.1032499447,0.3097498417,0.3725976348,0.0085053379,-0.0080062607,0.0758500248,420522621555578
-0.0508767851,0.2431611121,0.3690063357,0.0127663948,-0.0090715252,0.106742695,420522626564578
-0.0321720839,0.2275988013,0.391900897,-0.0010820423,-0.0090715252,0.1397658885,420522631565578
-0.0124199213,0.2150292397,0.3799298704,-0.0096041579,-0.0101367896,0.1610711813,420522636576578
-0.059555769,0.1668459326,0.3907037973,-0.0096041579,-0.0090715252,0.1717238277,420522641572578
0.0008978256,0.085443072,0.3416226506,-0.0096041579,-0.0069409967,0.1855722517,420522646578578
0.0740706176,0.0914285779,0.3895066977,-0.0064083645,-0.0058757323,0.2015512288,420522651581578
0.150385797,0.0864905342,0.3571849763,-0.0053431001,-0.0080062607,0.2058122903,420522656590578
0.2856581807,0.068833299,0.1572691202,-0.0096041579,-0.0058757323,0.2292481065,420522661593578
0.6735188365,0.0796072036,0.3764882088,-0.0064083645,0.0164948199,0.2409660071,420522666600578
0.9244611263,0.0225952789,0.6721721292,-0.0064083645,0.0154295564,0.2558797002,420522671602578
1.0583868027,0.0085293436,0.3968389332,-0.0000167779,-0.0112020541,0.2675976157,420522676611578
1.1103110313,-0.0653916374,0.3131915033,0.005309544,-0.0165283773,0.2878376544,420522681616578
1.1837830544,-0.1102829129,0.2846107185,0.0085053379,-0.0090715252,0.2867723703,420522686626578
1.2880805731,-0.2609679997,0.3025672436,0.0085053379,0.0015811187,0.2931639552,420522691631578
1.5527894497,-0.3887585104,0.5014356375,0.0010484866,0.0058421763,0.2835765779,420522696633578
1.8143559694,-0.5795464516,0.403273344,0.0106358668,-0.0016146746,0.2601407766,420522701633578
1.7206828594,-0.5770025849,0.3375824392,0.0021137509,-0.0080062607,0.2239217758,420522706640578
1.8183962107,-0.6004956961,0.2754828334,-0.0042778356,-0.0005494101,0.1962248981,420522711644578
1.9312229156,-0.7155670524,0.3329436779,-0.0032125711,0.0047769118,0.1621364355,420522716650578
1.9903297424,-0.7501333356,0.3139396906,-0.0042778356,0.012233763,0.1099384874,420522721654578
1.8567034006,-0.586579442,0.2494458854,-0.0138652157,0.0196906142,0.0758500248,420522726658578
1.450586915,-0.4435258508,0.4471171796,-0.0042778356,0.0250169355,0.0247173309,420522731664578
1.4393640757,-0.4284124672,0.5165489912,-0.0085388934,0.0207558777,-0.0083058672,420522736671578
1.0513538122,-0.336235702,0.4424783885,-0.007473629,0.0015811187,-0.0317416824,420522741680578
1.1459248066,-0.4315548539,0.2331353873,-0.0053431001,-0.0080062607,-0.063699618,420522746690578
1.034444809,-0.3824737072,0.3348889649,-0.0032125711,-0.0005494101,-0.0732869953,420522751701578
1.1619360447,-0.4305073917,0.369754523,0.0063748085,0.0026463831,-0.1105712503,420522756694578
0.9307458997,-0.3676595986,0.2334346622,0.005309544,0.0101032341,-0.1350723356,420522761696578
0.8248024583,-0.3321954906,0.4513070285,-0.0010820423,0.012233763,-0.138268128,420522766705578
0.9159317613,-0.3609259129,0.4957493842,-0.0064083645,0.0101032341,-0.1499860287,420522771706578
0.3146878779,-0.2457049489,0.384419024,-0.0021473067,0.0037116476,-0.1297460049,420522776712578
-0.05117606,-0.0972644463,0.3592799008,0.0063748085,-0.0005494101,-0.1393333972,420522781717578
0.4885667861,-0.2290951759,0.3473088741,0.0042442796,0.0015811187,-0.1297460049,420522786720578
0.4845265746,-0.1836053431,0.1665466577,-0.0042778356,-0.0005494101,-0.1201586351,420522791726578
0.3309983909,-0.0632967055,0.2910451293,-0.007473629,0.0069074407,-0.1254849583,420522796734578
0.4929062724,-0.0433949046,0.4875193238,-0.0096041579,0.0111684985,-0.1127017811,420522801741578
0.9199720025,-0.1716343313,0.2075473666,-0.0021473067,0.0079727052,-0.093527019,420522806750578
1.2244845629,-0.1048959643,0.4973953962,-0.0085388934,0.0069074407,-0.1212238967,420522811750578
0.7187094092,-0.0559644662,0.1910872161,0.0042442796,-0.0005494101,-0.1574428827,420522816771578
1.0422259569,-0.0691325739,0.442628026,0.0063748085,0.0058421763,-0.1787481755,420522821768578
0.7842506766,-0.0145148477,0.5158008337,0.005309544,0.0026463831,-0.2075103074,420522826765578
0.7833528519,-0.1243488491,0.278924495,0.0021137509,-0.0016146746,-0.2288156003,420522831769578
0.6682815552,-0.0793079287,0.306607455,0.0117011312,-0.0026799389,-0.2629040778,420522836775578
0.4171896577,-0.0230441913,0.2923918962,0.0170274526,-0.0005494101,-0.2927314639,420522841779578
-0.0225952789,0.0296282452,0.4779425263,0.0117011312,0.0037116476,-0.2895356715,420522846785578
-0.3585317135,0.1286883354,0.4837783873,0.0074400729,0.0037116476,-0.2810135484,420522851789578
-0.328753829,0.0430956297,0.2060509771,-0.0010820423,-0.0016146746,-0.2447945625,420522856796578
-0.2262520641,-0.0167594124,0.5351040959,-0.0021473067,0.0037116476,-0.2373377234,420522861805578
-0.1862988174,-0.1255459487,0.248996973,0.0063748085,0.0026463831,-0.2160324305,420522866810578
-0.0740706176,-0.1249473989,0.356736064,-0.0053431001,0.0047769118,-0.2085755765,420522871816578
0.0034416649,-0.1240495741,0.3506008983,-0.0085388934,0.0111684985,-0.2085755765,420522876821578
-0.1976712793,-0.0251391176,0.3494037986,-0.0170610081,0.0175600853,-0.2064450532,420522881992578
-0.0616506934,-0.0676361993,0.3097498417,-0.007473629,0.0250169355,-0.1691607982,420522886829578
-0.2217629254,-0.0329202749,0.4354454279,-0.0000167779,0.023951672,-0.1755523831,420522891833578
-0.0644938052,-0.0246902052,0.3012205064,-0.0000167779,0.0196906142,-0.1574428827,420522896853578
-0.4068646431,0.0005985504,0.4435258508,-0.0042778356,0.0186253488,-0.1372028589,420522901839578
-0.2834136188,-0.011971008,0.3573346138,0.0106358668,0.0111684985,-0.1489207745,420522906846578
-0.2301426381,0.0234931037,0.2747346461,0.0021137509,0.0026463831,-0.1372028589,420522911853578
0.2015618533,-0.1066916138,0.4471171796,0.0031790154,0.0101032341,-0.1510512978,420522916856578
-0.1010053828,0.0019452889,0.4086602926,0.0031790154,0.0132990275,-0.1595734209,420522921862578
0.0109235449,-0.028281508,0.2123357654,0.0042442796,0.0090379696,-0.1585081518,420522926867578
-0.2943371832,0.0692822114,0.5511152744,-0.0000167779,0.0047769118,-0.1574428827,420522931874578
0.0408510678,-0.0242412928,0.243460387,0.0031790154,-0.0005494101,-0.1478555053,420522936877578
0.0550666377,-0.080056116,0.4709095359,-0.0032125711,0.0005158543,-0.1680955291,420522941883578
-0.3461117744,0.0023942017,0.3845686615,-0.0021473067,-0.0048104678,-0.1467902362,420522946900578
-0.5964555144,0.128538698,0.5784989595,-0.0010820423,-0.0069409967,-0.1553123593,420522951898578
-0.7835025191,0.0799064785,0.11148002,-0.0010820423,-0.0112020541,-0.1403986514,420522956905578
-0.4682160616,-0.0439934544,0.3449146748,-0.007473629,-0.0037452034,-0.1244196892,420522961901578
-0.4342483282,-0.115071319,0.4692635238,-0.0032125711,0.0005158543,-0.119093366,420522966909578
-0.0734720677,-0.328753829,0.2931400836,-0.0010820423,-0.0026799389,-0.1265502125,420522971912578
-0.2712929845,-0.1795651317,0.4092588425,0.005309544,0.0026463831,-0.1467902362,420522976919578
-0.3586813509,-0.0463876575,0.453401953,-0.0042778356,-0.0005494101,-0.1638344675,420522981925578
-0.1438017339,-0.1895908415,0.4222773314,0.0106358668,-0.0122673186,-0.1478555053,420522986929578
0.0028431145,-0.2281973511,0.38995561,0.0085053379,-0.0165283773,-0.16703026,420522991933578
-0.1898901165,-0.2258031517,0.1828571558,-0.0010820423,-0.0048104678,-0.1712913215,420522996944578
-0.3953425586,-0.083497785,0.593313098,-0.0149304802,0.0047769118,-0.1627692133,420523001946578
-0.5473743677,-0.034267012,0.2244564146,-0.0042778356,-0.0005494101,-0.153181836,420523006953578
-0.7378630638,0.107739076,0.6314706802,-0.0042778356,-0.0016146746,-0.1276154816,420523011958578
-1.1370961666,0.193331793,0.3929483593,-0.0138652157,-0.0069409967,-0.0828743801,420523016968578
-1.3866916895,0.2148796022,0.0671872869,-0.0010820423,-0.0154631119,-0.0349374786,420523021966578
-1.1807903051,0.193331793,0.4716577232,-0.0085388934,-0.0048104678,-0.0051100734,420523026971578
-1.201141119,0.1625064462,0.1758241802,0.0063748085,-0.0058757323,0.0140646864,420523031974578
-1.1592425108,0.1568202078,0.5132569671,-0.0010820423,0.0005158543,0.0140646864,420523036980578
-0.8952817917,0.0035913025,0.4077624679,-0.0032125711,0.0101032341,0.0129994219,420523041984578
-1.0984896421,0.1059434265,0.3250128925,0.0031790154,0.0154295564,0.0236520655,420523046991578
-1.4944307804,0.3672106862,0.5870283246,-0.0021473067,0.0196906142,0.0502836779,420523051995578
-1.6273089647,0.3169324398,0.2612672746,-0.0096041579,0.0207558777,0.0833068714,420523057001578
-1.8629882336,0.3699041605,0.5089175105,-0.0010820423,0.0196906142,0.1259174496,420523062015578
-1.6428712606,0.3332429528,0.3734954596,0.0031790154,0.0175600853,0.1781154126,420523067048578
-1.6066589355,0.3948936462,0.414047271,-0.0042778356,0.0101032341,0.2356396914,420523072022578
-1.2210428715,0.3419219255,0.3109469414,-0.0064083645,0.0058421763,0.305947125,420523077025578
-0.8927379847,0.3579331636,0.4330512285,0.0021137509,0.0015811187,0.34323138,420523082026578
-0.316034615,0.1717839688,0.4150947332,-0.0000167779,-0.0101367896,0.3826461732,420523087033578
0.3522469103,0.0200514384,0.3217208385,-0.0032125711,-0.0122673186,0.4146040976,420523092036578
0.542585969,-0.1512836218,0.2177227139,0.0042442796,-0.0207894351,0.4050167203,420523097041578
0.4324526787,-0.1255459487,0.4894646108,-0.0106694223,-0.0122673186,0.3645366728,420523102047578
0.7390601635,-0.356736064,0.3877110481,0.0031790154,-0.0197241697,0.3357745409,420523107053578
0.849791944,-0.4388870895,0.2416647375,0.0031790154,-0.0218546987,0.2569449842,420523112059578
0.8869020939,-0.4065653682,0.5087678432,0.005309544,-0.0090715252,0.1919638515,420523117063578
0.9293991923,-0.4424783885,0.2968810201,0.0095706023,-0.0165283773,0.136570096,420523122071578
0.2742857337,-0.234332487,0.4872200489,0.0085053379,-0.0207894351,0.0641321167,420523127078578
0.2693476975,-0.2455553114,0.4574421644,0.0191579815,-0.0186589062,0.0215215366,420523132099578
0.1689408571,-0.3064578176,0.158166945,0.0085053379,-0.02718102,0.0002162487,420523137091578
-0.1734299809,-0.2594715953,0.5398924947,0.0021137509,-0.0229199622,-0.0328069478,420523142087578
-0.1741781682,-0.3984849453,0.316034615,0.0042442796,-0.0154631119,-0.0519817099,420523147101578
-0.0941220522,-0.3805284202,0.2777273953,-0.0021473067,-0.0165283773,-0.0690259412,420523152099578
-0.2225111276,-0.4236240685,0.4068646431,0.0031790154,-0.0101367896,-0.0977880806,420523157105578
-0.5499181747,-0.3461117744,0.5024830699,-0.0010820423,-0.0112020541,-0.1308112741,420523162109578
-0.838419497,-0.2904465795,0.2377741635,-0.0042778356,-0.0122673186,-0.1521165669,420523167115578
-1.1634323597,-0.2729389966,0.4028244317,-0.007473629,-0.0122673186,-0.1585081518,420523172119578
-1.3302782774,-0.2368763238,0.3212719262,-0.0010820423,-0.0069409967,-0.1553123593,420523177127578
-1.2924200296,-0.3450643122,0.3857657611,-0.0000167779,-0.0026799389,-0.1734218597,420523182136578
-1.303642869,-0.2674024105,0.3317465782,0.0095706023,-0.0037452034,-0.2032492608,420523187142578
-1.5746365786,-0.0698807612,0.2885012925,0.0063748085,0.0101032341,-0.2352071851,420523192164578
-2.1080946922,0.2406172752,0.3553893268,0.0074400729,0.0132990275,-0.2469251007,420523197162578
-2.3561937809,0.3993827701,0.2534860969,0.0063748085,0.0132990275,-0.2469251007,420523202151578
-2.7002105713,0.6640917063,0.4532523155,0.0106358668,0.0196906142,-0.2309461385,420523207157578
-2.8004677296,0.7812579274,0.3730465472,0.0031790154,0.0207558777,-0.1883355528,420523212161578
-2.516156435,0.8264485002,0.3036147058,0.0010484866,0.0164948199,-0.1435944438,420523217166578
-2.3657705784,0.8681973815,0.4508581161,-0.0053431001,0.0154295564,-0.0615690872,420523222171578
-1.8339585066,0.7667431235,0.3348889649,0.0031790154,0.0090379696,0.0076730996,420523227180578
-1.4992191792,0.6932710409,0.405517906,-0.0032125711,0.0015811187,0.0651973784,420523232183578
-1.322796464,0.6881833673,0.3769371212,-0.0021473067,-0.0037452034,0.1131342798,420523237188578
-1.0679636002,0.6106710434,0.3254618049,-0.0085388934,-0.0069409967,0.1589406431,420523242221578
-0.6862380505,0.4228758812,0.3734954596,-0.0021473067,-0.0090715252,0.1930291057,420523247209578
-0.3245639801,0.2280477136,0.4333505034,-0.0096041579,-0.0090715252,0.1855722517,420523252207578
-0.1081879884,0.0731727928,0.3327940404,0.0010484866,-0.0122673186,0.1791806668,420523257214578
0.0570119284,-0.0197521634,0.3591302633,-0.0042778356,-0.013332583,0.1525490582,420523262212578
0.0499789603,-0.0597054064,0.3244143426,-0.0053431001,-0.013332583,0.1163300723,420523267220578
0.0442927331,-0.0745195299,0.3280056417,-0.0064083645,-0.0112020541,0.0747847557,420523272223578
-0.019602526,-0.0682347491,0.336235702,0.0031790154,-0.0090715252,0.0311089177,420523277230578
-0.150385797,0.0071826051,0.3529951274,0.0074400729,-0.0026799389,-0.0019142802,420523282235578
-0.3040636182,0.0335188247,0.3446153998,-0.0010820423,0.0015811187,-0.024284834,420523287240578
-0.4517559409,0.1554734707,0.3028665185,0.0095706023,0.0047769118,-0.0509164445,420523292242578
-0.5749076605,0.2081459165,0.323217243,-0.0000167779,0.0058421763,-0.0434595942,420523297250578
-0.6317699552,0.3208230138,0.3663128614,0.005309544,0.0047769118,-0.0509164445,420523302263578
-0.717063427,0.3465606868,0.354491502,-0.0042778356,0.0026463831,-0.0391985364,420523307266578
-0.373645097,0.0827495977,0.3652653992,-0.0053431001,0.0026463831,-0.0040448089,420523312268578
0.0820014104,0.0193032511,0.3221697807,-0.0085388934,-0.0016146746,0.0098036285,420523317276578
0.0945709646,-0.0200514384,0.3305494785,-0.0096041579,0.0015811187,-0.0008490158,420523322277578
0.0879869089,-0.0139162978,0.4167407453,-0.007473629,0.0026463831,-0.0072406023,420523327284578
0.0743698925,-0.0757166296,0.370053798,-0.0127999512,0.0005158543,-0.0093711307,420523332287578
0.0489314981,-0.0191536136,0.3878606856,-0.007473629,0.0005158543,-0.0029795447,420523337294578
0.0915782154,-0.0213981774,0.323217243,0.0085053379,0.0015811187,0.0098036285,420523342297578
0.0885854661,-0.0426467173,0.3758896589,0.0042442796,-0.0005494101,0.003412042,420523347305578
0.0951695144,-0.014963761,0.3016694188,0.0106358668,0.0015811187,0.0044773063,420523352308578
0.0613514185,-0.019602526,0.3220201433,0.005309544,0.0015811187,0.0119341575,420523357315578
0.0882861912,-0.0170586873,0.3387795389,0.0042442796,0.0026463831,0.0055425707,420523362318578
0.0604535937,-0.0263362192,0.3411737382,0.0010484866,0.0026463831,0.0087383641,420523367327578
0.1017535701,-0.0047884034,0.3399766386,0.005309544,0.0026463831,0.003412042,420523372334578
0.0594061315,0.0155623108,0.3615244627,0.0010484866,0.0037116476,0.0076730996,420523377340578
0.1042974144,0.0095768068,0.3483563364,-0.007473629,0.0037116476,0.0012815131,420523382338578
0.0739209801,-0.01062427,0.3699041605,-0.0085388934,0.0015811187,0.0012815131,420523387345578
0.0484825857,-0.0056862291,0.3519476354,-0.0053431001,0.0005158543,0.0002162487,420523392348578
0.0671872869,-0.0290296953,0.3363853395,-0.0085388934,0.0005158543,0.0193910077,420523397356578
0.0597054064,-0.001496376,0.3363853395,-0.0117346868,0.0005158543,0.0066078352,420523402359578
0.0772130042,-0.0383072272,0.3483563364,-0.0106694223,-0.0016146746,-0.0083058672,420523407365578
0.0635959804,-0.0142155727,0.3100491166,0.0021137509,-0.0016146746,-0.0104363952,420523412369578
0.0775122792,-0.0176572371,0.3531447649,0.0117011312,-0.0005494101,-0.0040448089,420523417376578
0.0948702395,-0.0245405678,0.3351882398,0.0074400729,-0.0016146746,0.0119341575,420523422406578
0.080056116,-0.0339677371,0.3244143426,0.0074400729,-0.0016146746,0.003412042,420523427390578
0.0546177253,0.0056862291,0.3040636182,-0.0010820423,-0.0016146746,-0.0051100734,420523432392578
0.0447416455,-0.0050876788,0.3615244627,0.0148969237,-0.0026799389,-0.0072406023,420523437400578
0.0683843866,-0.0193032511,0.345962137,0.005309544,-0.0026799389,-0.0072406023,420523442403578
0.0881365538,-0.0083797062,0.2741360962,-0.007473629,-0.0026799389,0.0002162487,420523447408578
0.0507271476,0.005985504,0.3208230138,-0.0042778356,0.0005158543,-0.0061753378,420523452411578
0.0956184268,-0.0249894802,0.3507505357,0.0010484866,-0.0016146746,-0.0051100734,420523457418578
0.0606032312,-0.0580593906,0.3627215624,-0.0149304802,-0.0037452034,-0.0008490158,420523462422578
0.0531213507,-0.0290296953,0.3351882398,-0.0053431001,-0.0037452034,0.0066078352,420523467429578
0.0824503228,-0.0062847794,0.3471592367,-0.0127999512,-0.0026799389,0.0023467776,420523472433578
0.0284311455,-0.0145148477,0.2980781198,-0.0021473067,-0.0026799389,-0.0061753378,420523477439578
0.0640448928,-0.03696049,0.360327363,0.0159621891,-0.0026799389,-0.0040448089,420523482443578
0.0386065021,-0.0390554145,0.3627215624,0.0085053379,-0.0016146746,0.003412042,420523487452578
0.0550666377,-0.02558803,0.3350386024,0.0085053379,-0.0026799389,-0.0029795447,420523492456578
0.0773626417,-0.0040402152,0.3422212005,0.0095706023,-0.0026799389,-0.0093711307,420523497462578
0.0543184504,0.0139162978,0.3494037986,0.0117011312,-0.0037452034,0.0012815131,420523502466578
0.0754173547,-0.0254383925,0.3924994469,0.0138316592,-0.0026799389,-0.0019142802,420523507471578
0.0915782154,-0.0537199005,0.3470095992,0.0042442796,-0.0016146746,0.0076730996,420523512474578
0.0839466974,-0.0306757092,0.3087023795,-0.0021473067,-0.0005494101,-0.0083058672,420523517481578
0.0309749842,-0.0257376675,0.3075052798,-0.0000167779,0.0026463831,-0.0125669241,420523522484578
0.0784101039,-0.0314238966,0.336235702,-0.007473629,0.0005158543,0.0044773063,420523527491578
0.0577601157,0.0199018009,0.3146878779,-0.0053431001,-0.0005494101,0.0076730996,420523532496578
0.0954687893,0.0067336923,0.3087023795,-0.0021473067,0.0005158543,0.0044773063,420523537502578
0.0592564903,-0.0360626616,0.2979284823,-0.0010820423,0.0005158543,-0.0125669241,420523542506578
0.0303764343,-0.03696049,0.3805284202,-0.0096041579,0.0015811187,0.0076730996,420523547514578
0.074220255,-0.0140659353,0.3649661243,-0.0064083645,0.0015811187,0.0066078352,420523552519578
0.0677858368,-0.0139162978,0.3206733763,-0.0000167779,0.0015811187,-0.0008490158,420523557524578
0.0375590399,-0.020949265,0.332644403,0.0031790154,0.0005158543,0.003412042,420523562526578
0.0730231553,0.0041898531,0.3781342208,0.0085053379,-0.0005494101,-0.0008490158,420523567532578
0.0285807829,-0.019602526,0.3613748252,0.0031790154,0.0005158543,0.0023467776,420523572535578
0.0474351197,-0.037259765,0.3781342208,0.0010484866,-0.0005494101,0.0002162487,420523577542578
0.0603039563,-0.0273836814,0.332644403,0.005309544,-0.0005494101,0.0129994219,420523582546578
0.0802057534,0.0001496376,0.3745429218,-0.0064083645,-0.0016146746,0.003412042,420523587554578
0.0297778845,-0.0402525179,0.3458124995,0.0010484866,-0.0005494101,0.0002162487,420523592558578
0.0736217052,-0.0303764343,0.3422212005,-0.0010820423,-0.0026799389,0.0076730996,420523597564578
0.031573534,-0.0290296953,0.3901052475,-0.0042778356,-0.0016146746,-0.0040448089,420523602567578
0.049230773,-0.0311246216,0.3745429218,-0.0138652157,-0.0016146746,-0.0029795447,420523607576578
0.0453401953,-0.0142155727,0.3589806259,-0.0064083645,-0.0005494101,-0.0061753378,420523612579578
0.0772130042,-0.0366612151,0.3063081801,-0.0042778356,-0.0016146746,0.0055425707,420523617586578
0.061201781,-0.0495300479,0.3087023795,-0.0053431001,-0.0016146746,-0.0029795447,420523622594578
0.0692822114,-0.0300771594,0.3110965788,0.0106358668,-0.0016146746,-0.0051100734,420523627595578
0.0568622909,-0.0085293436,0.3134907782,0.0042442796,-0.0005494101,0.0098036285,420523632598578
0.0447416455,-0.0261865817,0.3577835262,0.0127663948,0.0005158543,0.003412042,420523637605578
0.0336684622,-0.0116717331,0.3793313205,-0.0010820423,0.0015811187,0.0023467776,420523642609578
0.0311246216,-0.0092775319,0.3087023795,0.0085053379,0.0005158543,0.0161952153,420523647616578
0.0309749842,-0.0531213507,0.3398270011,0.0085053379,0.0005158543,0.0172604788,420523652619578
0.0462380201,-0.0254383925,0.3983353078,0.0010484866,0.0015811187,-0.0040448089,420523657626578
0.0793079287,-0.0049380409,0.3312976658,-0.0021473067,-0.0005494101,0.0002162487,420523662631578
0.04189853,-0.0297778845,0.3492541611,-0.0032125711,0.0005158543,-0.0051100734,420523667638578
0.0655412748,0.0263362192,0.342071563,-0.0010820423,-0.0005494101,0.0002162487,420523672648578
0.0722749606,-0.0047884034,0.3971382082,-0.0010820423,-0.0005494101,0.0055425707,420523677648578
0.0504278727,-0.0130184721,0.3169324398,-0.0106694223,-0.0005494101,-0.0093711307,420523682651578
0.0381575897,0.0276829563,0.2989759445,-0.007473629,-0.0005494101,-0.0051100734,420523687656578
0.0450409204,-0.0010474633,0.3504512608,-0.0010820423,0.0005158543,-0.0019142802,420523692662578
0.0567126535,-0.0236427411,0.3301005661,-0.0053431001,-0.0005494101,0.003412042,420523697667578
0.0421978049,0.0194528885,0.3037643433,0.0021137509,-0.0026799389,0.0140646864,420523702670578
0.0692822114,0.0158615857,0.3719990849,0.005309544,-0.0037452034,0.0119341575,420523707676578
0.0772130042,-0.0127191963,0.3456628621,0.0085053379,-0.0026799389,0.0098036285,420523712681578
0.0505775101,-0.0471358448,0.4258686304,0.0159621891,-0.0016146746,0.0002162487,420523717688578
0.0371101275,-0.0516249724,0.3767874837,0.0095706023,-0.0016146746,0.003412042,420523722693578
0.0429459922,0.0071826051,0.3947440088,0.0106358668,-0.0005494101,0.0055425707,420523727700578
0.0544680879,0.0154126734,0.3480570614,0.0021137509,-0.0016146746,0.0161952153,420523732705578
0.0601543188,-0.0237923786,0.3049614429,0.0074400729,-0.0005494101,0.003412042,420523737710578
0.0586579405,-0.0320224464,0.3456628621,-0.0117346868,-0.0005494101,-0.0008490158,420523742714578
0.0499789603,0.0038905777,0.3708019853,-0.007473629,-0.0016146746,0.0002162487,420523747719578
0.0080804303,0.0218470898,0.375590384,0.0031790154,0.0005158543,-0.0040448089,420523752723578
0.0662894621,-0.0151133984,0.3193266392,0.0010484866,-0.0016146746,0.0172604788,420523757730578
0.0920271277,0.0064344169,0.3336918652,-0.0170610081,-0.0005494101,0.0002162487,420523762732578
0.0546177253,-0.000748188,0.3348889649,-0.0000167779,-0.0016146746,0.0066078352,420523767739578
0.0507271476,0.0243909303,0.3456628621,-0.0085388934,-0.0016146746,0.010868893,420523772743578
0.0170586873,0.0028431145,0.3301005661,0.0010484866,-0.0005494101,0.0066078352,420523777750578
0.0312742591,-0.0041898531,0.3408744633,0.005309544,-0.0016146746,0.010868893,420523782755578
0.0656909123,-0.031573534,0.3312976658,-0.0042778356,-0.0005494101,0.0002162487,420523787762578
0.0522235259,0.0020949265,0.3779845834,0.0095706023,-0.0016146746,0.0172604788,420523792767578
0.0803553909,-0.0145148477,0.3600280881,0.0159621891,-0.0037452034,0.0076730996,420523797773578
0.0751180798,-0.058508303,0.35284549,-0.0000167779,-0.0026799389,0.0098036285,420523802776578
0.0426467173,0.0097264443,0.3205237389,-0.0000167779,-0.0026799389,-0.0019142802,420523807781578
0.0495300479,-0.0152630359,0.3193266392,0.0010484866,-0.0026799389,0.0140646864,420523812786578
0.0266354941,-0.0019452889,0.4019266069,0.0021137509,-0.0016146746,0.0023467776,420523817791578
0.0442927331,-0.0399532393,0.3241150677,-0.0085388934,-0.0005494101,0.0012815131,420523822796578
0.0583586656,-0.0444423705,0.3372831643,-0.0032125711,-0.0016146746,-0.0040448089,420523827802578
0.0568622909,-0.017956512,0.3408744633,-0.0096041579,-0.0005494101,-0.0029795447,420523832807578
0.0516249724,-0.0439934544,0.3205237389,-0.0085388934,0.0005158543,-0.0125669241,420523837812578
0.04189853,-0.0055365916,0.3887585104,-0.0010820423,0.0005158543,0.003412042,420523842818578
0.0356137492,0.0004489128,0.2893991172,-0.0085388934,0.0005158543,0.0066078352,420523847824578
0.0366612151,-0.0161608607,0.3624222875,-0.0042778356,0.0015811187,0.0066078352,420523852830578
0.0793079287,-0.0100257192,0.3588309884,-0.0064083645,0.0005158543,-0.0019142802,420523857835578
0.0776619166,-0.0218470898,0.3624222875,0.0063748085,-0.0005494101,0.010868893,420523862838578
0.0402525179,-0.0085293436,0.356436789,0.0085053379,0.0005158543,0.0140646864,420523867841578
0.0233434662,0.0200514384,0.3588309884,0.0063748085,-0.0005494101,0.0055425707,420523872848578
0.0411503427,0.034267012,0.386364311,0.005309544,-0.0005494101,-0.0019142802,420523877856578
0.0206499901,0.0056862291,0.3540425897,0.005309544,0.0005158543,-0.0072406023,420523882859578
0.0312742591,0.0163105,0.3588309884,0.005309544,0.0005158543,-0.0093711307,420523887863578
0.046537295,0.0424970798,0.308552742,0.0085053379,0.0005158543,-0.0093711307,420523892867578
0.0843956098,-0.0124199213,0.3468599617,-0.0149304802,0.0005158543,-0.0040448089,420523897875578
0.0267851315,0.0091278944,0.3181295395,-0.0117346868,0.0005158543,-0.0008490158,420523902880578
0.0682347491,-0.0076315179,0.3324947655,-0.007473629,0.0005158543,0.0044773063,420523907887578
0.039205052,-0.0360626616,0.3887585104,0.0021137509,0.0005158543,0.0012815131,420523912892578
0.0604535937,0.0011971008,0.3492541611,0.0021137509,-0.0026799389,0.0012815131,420523917898578
0.0755669922,-0.0178068746,0.3432686627,-0.0085388934,-0.0048104678,0.0023467776,420523922900578
0.0609025061,-0.0378583148,0.3384802639,-0.0021473067,-0.0048104678,-0.0019142802,420523927905578
0.0486322232,-0.0161608607,0.3312976658,0.005309544,-0.0048104678,-0.0040448089,420523932909578
0.026934769,-0.0041898531,0.3217208385,0.0085053379,-0.0058757323,-0.0061753378,420523937915578
0.0398036018,-0.0148141226,0.3480570614,0.0085053379,-0.0048104678,-0.0019142802,420523942921578
0.0420481674,0.0055365916,0.3444657624,0.0138316592,-0.0048104678,-0.0115016596,420523947926578
0.0547673628,-0.0228945538,0.3684077859,0.0117011312,-0.0048104678,0.0012815131,420523952931578
0.0378583148,-0.0073322426,0.3576338887,-0.0032125711,-0.0037452034,-0.0019142802,420523957937578
0.020949265,0.0142155727,0.3432686627,-0.0000167779,-0.0016146746,0.0044773063,420523962942578
0.0685340241,-0.011971008,0.3480570614,0.0085053379,-0.0016146746,-0.0019142802,420523967949578
0.0264858566,-0.0178068746,0.3887585104,0.0042442796,0.0005158543,0.0066078352,420523972954578
0.0083797062,-0.0104746325,0.4031237066,-0.0000167779,0.0015811187,-0.0040448089,420523977959578
0.0225952789,-0.0079307929,0.3612251878,-0.0042778356,0.0037116476,-0.0061753378,420523982961578
0.0284311455,-0.0115220957,0.3708019853,-0.0096041579,0.0037116476,-0.0008490158,420523987967578
0.0664390996,-0.0053869537,0.3803787827,-0.0085388934,0.0037116476,0.0098036285,420523992973578
0.019602526,-0.0290296953,0.3456628621,0.0010484866,0.0015811187,0.010868893,420523997977578
0.0398036018,0.028281508,0.3624222875,0.0021137509,0.0015811187,-0.0029795447,420524002984578
0.0478840321,-0.0146644851,0.3767874837,0.0095706023,0.0015811187,-0.0061753378,420524007989578
0.0523731634,0.0128688337,0.3492541611,0.0117011312,-0.0005494101,-0.0051100734,420524012993578
0.0329202749,0.0080804303,0.2882020175,0.0021137509,0.0005158543,0.0023467776,420524017998578
0.0721253231,0.028281508,0.3552396894,0.0127663948,0.0005158543,0.0055425707,420524023004578
0.0644938052,0.020949265,0.3684077859,0.0085053379,-0.0005494101,0.0087383641,420524028012578
-0.0073322426,0.0065840548,0.3396773636,0.0063748085,-0.0005494101,0.0055425707,420524033021578
0.0142155727,-0.0194528885,0.3923498094,-0.0000167779,-0.0005494101,0.0055425707,420524038022578
0.0546177253,-0.0205003526,0.3109469414,-0.0021473067,-0.0005494101,0.0012815131,420524043023578
0.0555155501,0.0010474633,0.3947440088,-0.0138652157,-0.0016146746,0.0151299508,420524048028578
0.0336684622,-0.005985504,0.3181295395,-0.0053431001,-0.0026799389,0.0055425707,420524053032578
0.0285807829,-0.0053869537,0.3324947655,-0.0096041579,-0.0016146746,0.0183257442,420524058038578
0.0225952789,-0.0160112232,0.3312976658,-0.0021473067,-0.0005494101,-0.0093711307,420524063042578
0.043843817,-0.0158615857,0.3743932843,0.0010484866,0.0005158543,0.0002162487,420524068049578
0.0127191963,0.0020949265,0.3696048856,0.0021137509,-0.0016146746,0.0055425707,420524073053578
0.0291793328,-0.0276829563,0.3850175738,0.0031790154,-0.0037452034,-0.0083058672,420524078059578
0.100406833,-0.0963666216,0.3323451281,0.005309544,-0.0058757323,-0.0008490158,420524083070578
0.1864484549,-0.2485480607,0.3347393274,0.0085053379,-0.0058757323,-0.0178932473,420524088076578
0.3208230138,-0.2439092994,0.3323451281,0.0095706023,-0.0048104678,-0.0605038255,420524093079578
0.6485294104,-0.5844845176,0.3646668494,0.0117011312,-0.0037452034,-0.1233544275,420524098088578
0.5711667538,-0.5193921328,0.3022679687,0.005309544,0.0015811187,-0.1979229301,420524103083578
0.3637690246,-0.3441664875,0.3250128925,0.0095706023,0.0058421763,-0.2607735395,420524108089578
0.1292868853,-0.141257897,0.2759317458,0.0031790154,0.012233763,-0.3257546723,420524113093578
-0.1283890605,0.1056441516,0.3070563674,0.005309544,0.0154295564,-0.3545168042,420524118100578
-0.3263596296,0.317979902,0.3597288132,-0.0021473067,0.0154295564,-0.3577125967,420524123103578
-0.4233247936,0.3793313205,0.3335422277,-0.0042778356,0.0111684985,-0.3342767954,420524128110578
-0.3247136176,0.3211222887,0.3562871516,-0.0010820423,0.0101032341,-0.3023188412,420524133113578
-0.1233013868,0.2582744956,0.3084031045,0.0042442796,0.0090379696,-0.2724914551,420524138120578
-0.1348234862,0.3434183002,0.3036147058,0.0042442796,0.0101032341,-0.2160324305,420524143135578
-0.1726817936,0.3130418658,0.3719990849,-0.0042778356,0.0090379696,-0.1425291896,420524148139578
-0.1677437574,0.2136825025,0.3887585104,-0.0000167779,0.0047769118,-0.0732869953,420524153142578
0.0356137492,-0.12075755,0.3205237389,0.0021137509,0.0047769118,-0.0072406023,420524158147578
0.0531213507,0.0157119483,0.405517906,0.0021137509,0.0079727052,0.0044773063,420524163145578
0.0338180996,-0.0248398427,0.2977788448,0.0074400729,0.0047769118,-0.0083058672,420524168151578
0.0408510678,-0.0163105,0.3779845834,0.0042442796,0.012233763,-0.0008490158,420524173155578
0.0525228009,0.0124199213,0.3540425897,-0.0117346868,0.012233763,0.0098036285,420524178161578
0.0450409204,-0.0363619365,0.4186860323,-0.0064083645,0.012233763,0.0044773063,420524183166578
0.026934769,-0.0526724383,0.4857236743,-0.0042778356,0.0058421763,0.0055425707,420524188172578
0.0185550638,0.0444423705,0.5240309238,-0.0085388934,-0.0207894351,-0.0104363952,420524193176578
-0.0088286186,0.0644938052,0.2678513229,-0.0010820423,-0.0495515727,-0.0061753378,420524198182578
0.0284311455,0.0109235449,0.1074398011,-0.0053431001,-0.0399641953,-0.0008490158,420524203194578
0.0068833297,-0.0082300687,0.3959411085,-0.0138652157,-0.013332583,0.0172604788,420524208201578
0.0556651913,0.0454898328,0.3336918652,-0.0042778356,-0.0090715252,-0.0008490158,420524213203578
0.02558803,0.0357633866,0.2905962169,0.0021137509,-0.0058757323,-0.0019142802,420524218212578
0.0338180996,0.0164601374,0.3384802639,0.005309544,-0.0016146746,0.0098036285,420524223207578
0.0216974523,0.0842459723,0.3145382404,-0.0000167779,-0.0026799389,0.0055425707,420524228213578
0.0395043269,-0.0363619365,0.375590384,0.0010484866,-0.0016146746,-0.0029795447,420524233217578
0.0356137492,-0.0384568647,0.3504512608,0.0031790154,-0.0016146746,0.0012815131,420524238224578
0.0294786077,0.0094271693,0.3277063668,0.0063748085,-0.0005494101,-0.0061753378,420524243228578
0.051924251,-0.0453401953,0.3576338887,0.0106358668,0.0005158543,0.0044773063,420524248234578
-0.0125695588,-0.0390554145,0.3265092671,0.0074400729,0.0005158543,-0.0008490158,420524253238578
0.0374094024,-0.0375590399,0.419883132,0.0074400729,0.0015811187,-0.0029795447,420524258244578
0.0324713588,-0.0228945538,0.3504512608,-0.0032125711,-0.0005494101,-0.0008490158,420524263256578
0.0239420161,-0.0203507151,0.3612251878,-0.0042778356,-0.0005494101,-0.0008490158,420524268263578
0.0333691873,-0.0213981774,0.3408744633,-0.0032125711,-0.0005494101,-0.0083058672,420524273265578
0.0082300687,-0.0176572371,0.3348889649,-0.0106694223,-0.0005494101,0.010868893,420524278272578
0.0010474633,-0.0031423897,0.3791816831,-0.0042778356,-0.0016146746,-0.0093711307,420524283269578
0.0092775319,0.0384568647,0.3971382082,0.0095706023,0.0005158543,-0.0061753378,420524288275578
-0.0085293436,-0.0128688337,0.3396773636,0.0117011312,-0.0005494101,-0.0051100734,420524293279578
0.0320224464,-0.0031423897,0.3468599617,0.0021137509,0.0005158543,0.0012815131,420524298286578
0.0401028767,-0.0031423897,0.3408744633,-0.0000167779,-0.0005494101,-0.0040448089,420524303290578
0.02558803,0.0086789811,0.3432686627,0.005309544,0.0005158543,0.022586802,420524308296578
0.0432452671,-0.0246902052,0.3612251878,-0.0000167779,0.0005158543,0.010868893,420524313300578
0.066888012,-0.0221463665,0.3396773636,0.0021137509,0.0005158543,0.0076730996,420524318307578
0.0236427411,-0.0148141226,0.35284549,0.0042442796,-0.0005494101,0.0172604788,420524323339578
0.0424970798,-0.0110731833,0.356436789,0.0063748085,-0.0005494101,0.0140646864,420524328327578
0.0113724582,0.0020949265,0.3634697497,-0.0032125711,0.0005158543,-0.0008490158,420524333329578
0.0601543188,-0.0203507151,0.3694552481,-0.0053431001,0.0005158543,0.0087383641,420524338333578
0.0193032511,-0.0095768068,0.3874117732,0.0010484866,-0.0005494101,-0.0019142802,420524343331578
-0.0034416649,0.0215478148,0.4233247936,-0.0149304802,0.0005158543,0.003412042,420524348337578
0.0263362192,0.0249894802,0.4077624679,-0.0085388934,0.0015811187,0.0087383641,420524353342578
0.0523731634,-0.017956512,0.3933972716,0.0031790154,0.0005158543,-0.0072406023,420524358348578
0.0460883826,-0.0248398427,0.3299509287,-0.0032125711,-0.0005494101,0.0055425707,420524363352578
0.043544542,0.0205003526,0.3263596296,-0.0085388934,0.0005158543,0.0023467776,420524368358578
0.0384568647,-0.0390554145,0.3431190252,0.0021137509,-0.0005494101,0.0161952153,420524373362578
0.058508303,-0.002992752,0.3467103243,0.0063748085,-0.0016146746,0.0055425707,420524378369578
0.0224456415,0.0113724582,0.347907424,0.0074400729,0.0005158543,0.0002162487,420524383382578
0.0164601374,-0.0065840548,0.3407248259,0.0106358668,0.0015811187,0.0076730996,420524388386578
0.038905777,-0.0254383925,0.2964321077,0.0021137509,-0.0005494101,0.0161952153,420524393395578
0.0363619365,-0.0288800579,0.3467103243,0.0117011312,0.0005158543,0.0002162487,420524398398578
0.0312742591,-0.0155623108,0.3467103243,0.0074400729,-0.0005494101,-0.0115016596,420524403393578
0.0097264443,-0.0154126734,0.3455132246,0.0138316592,-0.0005494101,-0.0051100734,420524408399578
0.0335188247,0.0013467384,0.3215712011,0.0021137509,-0.0005494101,0.0002162487,420524413404578
0.0427963547,-0.0032920274,0.3443161249,-0.0106694223,0.0005158543,-0.0072406023,420524418409578
0.0200514384,-0.0139162978,0.4101566672,-0.0053431001,0.0005158543,0.0140646864,420524423414578
-0.0348655619,0.0444423705,0.3467103243,-0.0000167779,0.0005158543,0.0012815131,420524428419578
0.0272340439,0.0145148477,0.4388870895,-0.007473629,-0.0005494101,-0.0040448089,420524433424578
0.0175075997,0.0002992752,0.3682581484,-0.0032125711,-0.0016146746,0.0002162487,420524438430578
0.0019452889,0.0216974523,0.3826233447,-0.0064083645,-0.0005494101,0.0098036285,420524443441578
0.0246902052,-0.0224456415,0.3658639491,0.0010484866,0.0005158543,0.0012815131,420524448449578
0.0365115777,-0.0374094024,0.3467103243,0.018092718,0.0015811187,0.0002162487,420524453452578
0.0172083247,-0.0407014303,0.3670610487,0.0074400729,0.0015811187,0.0055425707,420524458459578
0.0230441913,-0.0166097749,0.3503016233,-0.0010820423,0.0005158543,0.0161952153,420524463455578
0.037259765,0.0062847794,0.3359364271,-0.0053431001,-0.0016146746,0.0044773063,420524468461578
0.0323217213,0.0336684622,0.4221276939,0.0031790154,0.0005158543,0.003412042,420524473465578
0.0427963547,0.017956512,0.3550900519,0.0010484866,0.0005158543,-0.0072406023,420524478471578
0.0532709882,0.0013467384,0.3323451281,0.0063748085,0.0005158543,-0.0072406023,420524483476578
0.0410007052,0.0061351419,0.3359364271,0.0010484866,0.0005158543,-0.0029795447,420524488482578
-0.0151133984,0.017956512,0.3634697497,-0.0064083645,0.0005158543,0.0023467776,420524493486578
0.0230441913,0.0309749842,0.3383306265,-0.0106694223,-0.0005494101,0.0151299508,420524498492578
0.0086789811,-0.0011971008,0.3443161249,0.0010484866,0.0005158543,0.0044773063,420524503505578
0.0550666377,0.0619499683,0.3348889649,-0.0032125711,0.0005158543,0.003412042,420524508510578
0.0178068746,-0.0182557888,0.0019452889,-0.0053431001,-0.0005494101,0.003412042,420524513515578
0.3712508976,0.4156932831,-3.8563108444,-0.0500842072,0.1038465053,-0.0008490158,420524518522578
-0.3811269701,-0.2537853718,5.9896941185,-0.0894989893,0.279615134,0.0151299508,420524523518578
0.1735796183,0.0164601374,-1.9110218287,0.0702906772,-0.0921621546,0.010868893,420524528524578
0.0558148287,0.0116717331,0.0845452473,-0.0106694223,-0.0090715252,-0.0029795447,420524533528578
0.0032920274,-0.0399532393,0.6853402257,-0.0149304802,0.0505832806,0.0044773063,420524538535578
0.014963761,0.022296004,0.5093663931,-0.0000167779,0.0207558777,-0.0019142802,420524543538578
0.0065840548,-0.0480336733,0.2112883031,0.0095706023,0.0015811187,0.0023467776,420524548546578
0.0433949046,-0.0073322426,0.4375403523,0.0063748085,0.0015811187,-0.0104363952,420524553548578
0.0574608408,0.0154126734,0.3142389655,0.0074400729,-0.0026799389,-0.0168279819,420524558554578
0.0297778845,0.0475847572,0.3956418335,-0.0042778356,-0.0037452034,0.0012815131,420524563564578
0.0164601374,-0.0157119483,0.4483142793,-0.0032125711,-0.0154631119,-0.0051100734,420524568565578
0.0390554145,-0.0374094024,0.3633201122,0.0085053379,-0.0229199622,-0.0125669241,420524573569578
0.0065840548,0.0064344169,0.3395277262,0.0085053379,-0.0282462854,-0.0008490158,420524578577578
0.0383072272,-0.0016460137,0.4281131923,0.0212885104,-0.0314420797,0.0023467776,420524583584578
-0.0052373162,-0.0444423705,0.4173392951,0.0244843047,-0.0346378721,-0.0115016596,420524588587578
0.0332195498,-0.0068833297,0.4149450958,0.018092718,-0.041029457,0.0002162487,420524593591578
0.0308253467,0.0113724582,0.4137479961,0.0170274526,-0.0474210456,-0.0115016596,420524598596578
0.038905777,0.0137666594,0.2199672759,0.0244843047,-0.0495515727,0.003412042,420524603600578
0.0284311455,0.034566287,0.1577180326,0.0106358668,-0.0399641953,-0.0019142802,420524608606578
0.0308253467,0.0091278944,0.2714426219,0.005309544,-0.0218546987,-0.0168279819,420524613611578
0.0187047012,-0.0456394702,0.308552742,0.0138316592,-0.0090715252,-0.0072406023,420524618620578
0.0341173746,0.01062427,0.2762310207,0.0085053379,-0.0080062607,-0.0029795447,420524623625578
0.0588075779,0.002244564,0.3480570614,-0.0085388934,-0.0058757323,0.003412042,420524628633578
0.013317747,-0.0190039761,0.4246715307,-0.0106694223,-0.0026799389,0.0044773063,420524633635578
-0.0010474633,-0.0522235259,0.2941875458,-0.0042778356,-0.0026799389,0.0087383641,420524638639578
0.0251391176,-0.056563016,0.4306570292,-0.0010820423,-0.0005494101,0.0066078352,420524643644578
0.0203507151,-0.0074818805,0.3205237389,-0.0117346868,0.0005158543,0.0066078352,420524648651578
0.0142155727,0.002244564,0.3408744633,-0.0117346868,-0.0016146746,-0.0136321886,420524653653578
0.0332195498,-0.0143652102,0.4545990527,-0.0032125711,0.0005158543,0.0012815131,420524658658578
-0.0098760817,0.011971008,0.3468599617,-0.0000167779,-0.0016146746,0.0044773063,420524663664578
0.0390554145,0.0225952789,0.3109469414,0.0031790154,-0.0005494101,0.0076730996,420524668669578
0.0125695588,0.0225952789,0.3815758824,0.0074400729,0.0015811187,0.0002162487,420524673677578
0.002992752,0.0128688337,0.3217208385,0.0063748085,-0.0005494101,0.0098036285,420524678679578
0.0005985504,0.0212485399,0.3468599617,0.005309544,-0.0005494101,0.0076730996,420524683685578
0.014963761,0.0140659353,0.3432686627,0.0127663948,0.0005158543,0.0044773063,420524688690578
0.0303764343,0.004489128,0.3731961846,0.0063748085,-0.0005494101,-0.0115016596,420524693693578
0.0218470898,-0.0311246216,0.3576338887,0.0085053379,-0.0016146746,-0.0029795447,420524698700578
0.0264858566,0.0190039761,0.409109205,0.0074400729,0.0026463831,0.010868893,420524703706578
0.0145148477,0.0166097749,0.3097498417,-0.0064083645,-0.0005494101,-0.0019142802,420524708710578
0.0215478148,-0.0131681096,0.3552396894,-0.0138652157,-0.0005494101,0.0161952153,420524713715578
0.0023942017,-0.0047884034,0.322917968,-0.0053431001,-0.0005494101,-0.0115016596,420524718720578
0.0154126734,0.0047884034,0.3097498417,-0.0000167779,-0.0005494101,-0.0061753378,420524723728578
-0.005985504,0.0131681096,0.3336918652,0.005309544,-0.0005494101,-0.0061753378,420524728731578
0.0570119284,-0.0010474633,0.3731961846,-0.0042778356,0.0005158543,-0.0040448089,420524733738578
0.000748188,-0.0212485399,0.3097498417,-0.0010820423,0.0005158543,-0.0029795447,420524738739578
0.0555155501,-0.0056862291,0.3001730442,-0.0042778356,0.0005158543,0.0044773063,420524743746578
-0.0113724582,-0.0031423897,0.3468599617,0.0095706023,0.0005158543,-0.0040448089,420524748752578
0.0339677371,0.0088286186,0.3779845834,0.0095706023,-0.0005494101,0.003412042,420524753756578
0.0134673845,0.0100257192,0.3624222875,-0.0000167779,-0.0005494101,0.0098036285,420524758764578
0.0050876788,-0.0339677371,0.4270657301,0.0074400729,-0.0016146746,0.0002162487,420524763769578
0.0062847794,-0.0504278727,0.3612251878,-0.0000167779,0.0005158543,-0.0040448089,420524768772578
0.0026934769,-0.0203507151,0.3588309884,0.0021137509,-0.0016146746,0.0012815131,420524773780578
0.0110731833,0.0071826051,0.4138976336,0.0031790154,-0.0005494101,0.0066078352,420524778792578
0.0205003526,0.0049380409,0.3588309884,0.0010484866,0.0005158543,-0.0061753378,420524783788578
0.0215478148,0.0121206464,0.3911527097,-0.0106694223,-0.0016146746,0.0044773063,420524788795578
0.0213981774,0.0190039761,0.3371335268,-0.0202568024,-0.0005494101,0.0055425707,420524793797578
0.0224456415,0.0154126734,0.3658639491,-0.0127999512,0.0005158543,-0.0008490158,420524798805578
0.0188543387,-0.0335188247,0.3658639491,-0.0042778356,-0.0005494101,-0.0083058672,420524803808578
0.0258873068,0.0203507151,0.3993827701,0.0106358668,0.0005158543,0.0098036285,420524808813578
0.0221463665,0.0237923786,0.328753829,0.0085053379,-0.0005494101,0.0002162487,420524813825578
0.0148141226,0.0058358666,0.3227683306,-0.0032125711,-0.0005494101,-0.0072406023,420524818824578
0.0052373162,-0.0011971008,0.3634697497,0.0021137509,-0.0005494101,-0.0061753378,420524823828578
0.0207996275,0.0432452671,0.4270657301,0.018092718,0.0005158543,0.0066078352,420524828837578
-0.0151133984,0.0107739074,0.3169324398,0.0095706023,0.0005158543,-0.0051100734,420524833838578
-0.0173579622,0.0405517928,0.35284549,0.0106358668,0.0005158543,0.0076730996,420524838845578
0.0053869537,0.039205052,0.3480570614,-0.0021473067,0.0005158543,0.0066078352,420524843850578
0.014963761,0.0140659353,0.3552396894,0.0010484866,0.0005158543,0.0066078352,420524848857578
0.0124199213,-0.0026934769,0.3851672113,0.0021137509,0.0005158543,0.0098036285,420524853859578
0.0504278727,-0.0157119483,0.3779845834,-0.0042778356,-0.0016146746,-0.0040448089,420524858866578
0.0001496376,0.0118213706,0.3839701116,-0.0170610081,-0.0005494101,0.0002162487,420524863874578
0.0193032511,0.0356137492,0.3205237389,0.005309544,0.0005158543,-0.0008490158,420524868877578
0.0071826051,-0.0157119483,0.3935469091,-0.0117346868,-0.0005494101,-0.0061753378,420524873880578
0.0023942017,0.0070329676,0.3456628621,-0.0096041579,-0.0016146746,0.003412042,420524878890578
0.0083797062,-0.0297778845,0.3540425897,0.0010484866,-0.0005494101,0.0044773063,420524883892578
0.0035913025,-0.0010474633,0.3097498417,0.0021137509,0.0015811187,-0.0104363952,420524888899578
0.034566287,0.0002992752,0.3301005661,0.0021137509,-0.0005494101,-0.0040448089,420524893903578
0.0224456415,-0.0306757092,0.3384802639,0.0074400729,0.0005158543,-0.0083058672,420524898908578
-0.0240916554,-0.0077811554,0.3468599617,0.0127663948,0.0005158543,-0.0083058672,420524903912578
0.0296282452,-0.0088286186,0.3109469414,0.0042442796,0.0005158543,0.003412042,420524908922578
0.0210989024,-0.0302267969,0.3672106862,-0.0021473067,-0.0005494101,-0.0072406023,420524913923578
0.0079307929,-0.0025438394,0.3372831643,0.0042442796,-0.0016146746,0.0066078352,420524918929578
0.0091278944,-0.0143652102,0.3851672113,-0.0085388934,0.0005158543,-0.0040448089,420524923932578
0.0305260718,0.0118213706,0.3121440411,-0.0010820423,0.0005158543,-0.0083058672,420524928939578
0.0243909303,-0.0321720839,0.3874117732,-0.0117346868,-0.0005494101,0.0002162487,420524933943578
-0.0019452889,0.0157119483,0.3778349459,-0.0127999512,-0.0016146746,0.003412042,420524938949578
0.0194528885,0.0130184721,0.3455132246,-0.0181262735,0.0005158543,0.0076730996,420524943962578
0.0360626616,-0.0049380409,0.3718494475,-0.0127999512,-0.0005494101,-0.0093711307,420524948968578
0.0417488925,-0.0203507151,0.295235008,0.0010484866,0.0005158543,-0.0040448089,420524953968578
0.0248398427,-0.0248398427,0.3538929522,0.0031790154,0.0015811187,-0.0061753378,420524958984578
-0.013317747,-0.0139162978,0.3191770017,0.0074400729,0.0005158543,0.003412042,420524963974578
-0.0061351419,0.032621,0.3359364271,-0.0000167779,0.0015811187,0.003412042,420524968980578
0.0404021554,-0.0008978256,0.3754407465,0.0127663948,0.0005158543,-0.0061753378,420524973983578
0.010324995,0.0041898531,0.3826233447,0.0191579815,-0.0005494101,-0.0019142802,420524978991578
0.0115220957,-0.0064344169,0.4089595675,0.0106358668,-0.0005494101,-0.0008490158,420524983995578
-0.0064344169,0.0377086774,0.3586813509,-0.0000167779,0.0005158543,-0.0040448089,420524989001578
0.0353144743,0.0112228207,0.3538929522,-0.0042778356,-0.0005494101,0.0066078352,420524994004578
0.0505775101,0.044592008,0.4079121053,-0.0064083645,0.0005158543,0.0066078352,420524999012578
0.0216974523,-0.0187047012,0.4127005041,-0.007473629,-0.0016146746,-0.0061753378,420525004022578
0.0347159244,0.0076315179,0.3838204741,-0.0127999512,0.0005158543,0.0076730996,420525009025578
0.0143652102,-0.0041898531,0.3275567293,-0.0064083645,0.0005158543,-0.0061753378,420525014033578
-0.0202010777,0.0017956513,0.3383306265,-0.0010820423,0.0005158543,0.0087383641,420525019040578
-0.0212485399,-0.0028431145,0.3335422277,-0.0127999512,0.0005158543,-0.0061753378,420525024038578
0.0026934769,-0.0088286186,0.3706523478,-0.007473629,0.0005158543,-0.0040448089,420525029044578
-0.0116717331,-0.0110731833,0.317979902,-0.0032125711,0.0005158543,0.0076730996,420525034047578
0.0502782352,-0.0085293436,0.3443161249,0.0042442796,0.0015811187,-0.0029795447,420525039054578
0.0273836814,-0.0155623108,0.3598784506,0.0085053379,-0.0005494101,0.0023467776,420525044060578
0.0368108526,0.0023942017,0.347907424,0.0031790154,0.0005158543,0.0044773063,420525049065578
0.0330699123,0.0083797062,0.36227265,0.0074400729,-0.0005494101,0.0076730996,420525054068578
0.0113724582,-0.0142155727,0.295235008,0.0021137509,-0.0005494101,-0.0104363952,420525059074578
0.0173579622,0.0001496376,0.3107973039,0.0138316592,-0.0005494101,0.0044773063,420525064082578
-0.0161608607,-0.004489128,0.3670610487,0.0021137509,0.0005158543,0.0044773063,420525069087578
0.0173579622,-0.0032920274,0.347907424,-0.0042778356,0.0005158543,0.003412042,420525074094578
0.0207996275,0.0062847794,0.3012205064,-0.0085388934,0.0005158543,0.0140646864,420525079102578
-0.0019452889,0.0052373162,0.3299509287,-0.0117346868,-0.0005494101,0.0044773063,420525084102578
-0.0031423897,0.0242412928,0.3790320456,-0.0106694223,0.0015811187,-0.0019142802,420525089108578
0.0219967272,-0.0210989024,0.3503016233,-0.0000167779,-0.0016146746,0.0012815131,420525094112578
-0.0091278944,-0.0257376675,0.280869782,0.0021137509,0.0005158543,0.0002162487,420525099118578
0.0124199213,0.0125695588,0.3562871516,0.0021137509,0.0005158543,0.0055425707,420525104124578
-0.0257376675,0.0281318706,0.317979902,-0.0000167779,0.0005158543,0.0172604788,420525109128578
0.019602526,0.013617022,0.3754407465,0.0095706023,0.0005158543,0.0012815131,420525114134578
0.0182557888,-0.0161608607,0.3096002042,0.005309544,-0.0005494101,0.0066078352,420525119140578
-0.0019452889,0.0173579622,0.3694552481,0.0042442796,0.0005158543,0.0002162487,420525124143578
0.0086789811,0.0207996275,0.3060089052,0.0074400729,0.0005158543,0.0161952153,420525129150578
-0.0091278944,0.0172083247,0.36227265,0.005309544,0.0005158543,-0.0072406023,420525134155578
0.0242412928,-0.0017956513,0.3443161249,-0.0021473067,0.0005158543,-0.0008490158,420525139161578
0.0181061495,-0.0077811554,0.3646668494,-0.0042778356,-0.0016146746,0.0087383641,420525144165578
0.0311246216,0.0019452889,0.3562871516,0.0095706023,0.0005158543,0.0002162487,420525149170578
-0.0166097749,0.0113724582,0.3658639491,-0.0085388934,0.0005158543,0.0044773063,420525154178578
-0.0188543387,0.0019452889,0.2748842835,-0.0053431001,-0.0005494101,0.003412042,420525159184578
0.0371101275,0.0067336923,0.3239654303,-0.0042778356,0.0005158543,0.0044773063,420525164186578
0.0429459922,0.0185550638,0.3467103243,-0.0034455978,-0.0006159891,0.0024466461,420525169191578
0.0308253467,-0.019602526,0.3191770017,-0.0055761267,0.0004492753,-0.0018144116,420525174195578
0.0460883826,-0.0062847794,0.4281131923,0.0029459887,0.0004492753,0.0024466461,420525179202578
0.0219967272,-0.0085293436,0.381426245,-0.0013150689,-0.0006159891,-0.0028796762,420525184206578
0.0230441913,0.0130184721,0.3850175738,0.0072070463,-0.0016812535,-0.0082059978,420525189212578
0.0230441913,0.0200514384,0.3060089052,0.0072070463,-0.0006159891,-0.0039449404,420525194216578
0.0216974523,0.0556651913,0.2892494798,0.0093375752,-0.0006159891,0.0141645549,420525199222578
0.011971008,0.0173579622,0.314388603,0.0061417823,0.0004492753,0.0077729682,420525204225578
0.0011971008,0.0113724582,0.3503016233,0.0061417823,0.0015145397,0.0035119106,420525209233578
0.0333691873,-0.002992752,0.3371335268,-0.0066413912,-0.0016812535,-0.0039449404,420525214237578
0.0284311455,-0.0374094024,0.4029740691,-0.0055761267,0.0004492753,-0.0018144116,420525219243578
0.022296004,-0.0049380409,0.3766378462,-0.0151635064,0.0004492753,0.0035119106,420525224246578
0.0139162978,-0.0206499901,0.3347393274,-0.0183592997,-0.0006159891,-0.0114017911,420525229254578
0.0351648368,-0.0073322426,0.3742436469,-0.0045108623,0.0004492753,0.0024466461,420525234256578
-0.0005985504,0.0010474633,0.4388870895,-0.0023803334,-0.0006159891,0.0130992904,420525239259578
0.0112228207,0.0046387659,0.3862146735,0.0029459887,-0.0006159891,0.0035119106,420525244269578
0.0540191755,-0.0071826051,0.3778349459,-0.0002498045,0.0004492753,-0.0071407338,420525249275578
0.0347159244,0.0155623108,0.2928408086,0.0040112534,-0.0006159891,-0.0039449404,420525254279578
0.0083797062,-0.0297778845,0.173130706,0.0029459887,0.0004492753,-0.0060754693,420525259284578
0.0308253467,0.0347159244,-0.0339677371,-0.0066413912,0.0111019192,0.0013813816,420525264289578
-0.0151133984,-0.0047884034,0.9308955669,0.0029459887,0.0345377363,-0.0018144116,420525269295578
0.0086789811,0.011971008,0.6076782942,0.0018807243,0.0111019192,0.0109687615,420525274299578
-0.0040402152,0.0073322426,0.1192611754,0.0199902188,-0.0155296912,0.0035119106,420525279304578
0.0031423897,-0.0140659353,0.3251625299,0.0061417823,-0.0038117825,0.0067077037,420525284310578
-0.0158615857,-0.0043394906,0.4496610165,-0.0066413912,0.0015145397,0.0056424392,420525289315578
-0.0049380409,0.0206499901,0.3778349459,0.0008154599,-0.0048770467,-0.0050102049,420525294320578
-0.0145148477,0.0098760817,0.3491045237,0.0050765178,-0.010203369,-0.0050102049,420525299326578
-0.0025438394,0.0206499901,0.3443161249,-0.011967713,-0.00807284,-0.0039449404,420525304329578
0.0142155727,0.0062847794,0.3311480284,-0.0087719196,-0.00807284,0.0077729682,420525309332578
0.0426467173,0.0110731833,0.3024176061,0.0029459887,-0.0070075756,0.0141645549,420525314337578
-0.0194528885,0.0288800579,0.3060089052,-0.0013150689,-0.0038117825,0.0003161172,420525319341578
0.0234931037,-0.0164601374,0.2964321077,0.0029459887,-0.0006159891,0.0003161172,420525324346578
0.0187047012,0.0134673845,0.3455132246,0.0061417823,-0.0006159891,-0.0103365267,420525329352578
-0.0278325956,-0.0017956513,0.3598784506,0.0178596899,-0.0006159891,0.0024466461,420525334356578
0.0079307929,-0.0076315179,0.3131915033,0.0008154599,-0.0006159891,0.0045771748,420525339362578
0.0127191963,-0.0146644851,0.3419219255,-0.0013150689,-0.0006159891,0.0056424392,420525344367578
0.0019452889,-0.0073322426,0.395791471,0.0093375752,0.0004492753,0.0024466461,420525349372578
-0.0086789811,0.0010474633,0.3036147058,0.0050765178,-0.0006159891,-0.0007491472,420525354386578
0.0258873068,-0.0073322426,0.3191770017,0.0072070463,-0.0006159891,0.0088382326,420525359387578
0.0375590399,-0.0071826051,0.3311480284,-0.0034455978,-0.0006159891,-0.0103365267,420525364388578
0.0254383925,0.0285807829,0.347907424,-0.0034455978,-0.0006159891,-0.0082059978,420525369393578
0.0432452671,-0.0023942017,0.347907424,-0.011967713,0.0004492753,0.0077729682,420525374398578
0.0417488925,0.011971008,0.3778349459,-0.0109024486,0.0004492753,0.0024466461,420525379412578
0.0368108526,-0.0297778845,0.4005798697,-0.0162287708,-0.0006159891,0.0056424392,420525384409578
0.0115220957,-0.0104746325,0.3395277262,-0.0002498045,0.0004492753,-0.0039449404,420525389415578
0.0472854823,-0.0055365916,0.3383306265,-0.0002498045,-0.0006159891,0.0130992904,420525394420578
0.019602526,0.0052373162,0.2940379083,-0.0066413912,-0.0006159891,0.0024466461,420525399425578
0.0206499901,0.0182557888,0.3096002042,-0.0002498045,-0.0006159891,-0.0007491472,420525404436578
0.0324713588,0.0062847794,0.3634697497,0.0061417823,0.0004492753,0.0088382326,420525409443578
-0.0188543387,-0.0115220957,0.3443161249,0.0114681041,-0.0016812535,0.0035119106,420525414448578
0.0026934769,-0.0065840548,0.3766378462,0.0008154599,-0.0006159891,-0.0114017911,420525419453578
0.0193032511,0.0125695588,0.4017769694,0.0018807243,0.0004492753,-0.0114017911,420525424450578
