-0.143054,0.163105,0.413898
-0.267402,0.160711,0.419584
-0.406416,0.180164,0.380678
-0.493355,0.211288,0.346411
-0.551564,0.200065,0.177769
-0.542885,0.244657,0.174178
-0.466720,0.231340,0.038906
-0.403273,0.211737,-0.036661
-0.297928,0.181361,-0.106093
-0.233135,0.149638,-0.142006
-0.102352,0.127791,-0.133776
0.029928,0.061351,-0.163554
0.140809,0.027982,-0.078560
0.249446,-0.033968,-0.188543
0.359130,-0.071527,-0.251990
0.439186,-0.119411,-0.284311
0.443077,-0.125995,-0.328754
0.448464,-0.097414,-0.346860
0.419733,-0.097564,-0.290746
0.364218,-0.061351,-0.233584
0.332944,-0.012420,-0.147692
0.280720,0.015113,-0.076166
0.183905,-0.008230,0.003741
0.154276,-0.012719,0.088286
0.143054,0.028282,0.165649
0.078111,-0.006285,0.255132
0.068085,-0.027533,0.401927
0.054019,-0.003591,0.485424
0.059855,-0.020650,0.530465
0.026935,-0.033070,0.568473
0.026785,-0.083348,0.613514
-0.045340,-0.058508,0.596156
-0.085293,-0.071976,0.656759
-0.103998,0.019303,0.634763
-0.170587,0.043245,0.675165
-0.167893,0.054318,0.615011
-0.136918,0.111031,0.533458
-0.140510,0.088735,0.545279
-0.086640,0.139163,0.487819
-0.101754,0.118962,0.468815
-0.047435,0.087239,0.376787
-0.008529,0.077512,0.281319
0.022146,0.042796,0.312743
0.076764,0.011672,0.256778
0.108338,0.018256,0.216226
0.149338,-0.000150,0.184054
0.135123,-0.016011,0.174627
0.156371,-0.002693,0.232088
0.150685,-0.010924,0.142305
0.110881,-0.003292,0.176722
0.028132,0.003292,0.196923
-0.013617,0.061202,0.236278
-0.099210,0.109235,0.334440
-0.080505,0.156671,0.304513
-0.062249,0.111929,0.313042
-0.051176,0.135272,0.327557
-0.016759,0.121057,0.275333
-0.030526,0.128688,0.306009
-0.023643,0.115820,0.196624
-0.023343,0.084994,0.266804
0.041599,0.056413,0.314389
0.019154,0.084695,0.269797
0.024092,0.072724,0.324564
0.030825,0.012121,0.258274
-0.007931,0.010475,0.215927
-0.053121,0.057910,0.185551
-0.147393,0.054767,0.164452
-0.205752,0.043694,0.184204
-0.281019,0.076016,0.202609
-0.286107,0.073023,0.260369
-0.364218,0.087089,0.273837
-0.352247,0.099808,0.408062
-0.304064,0.115071,0.361524
-0.254384,0.092775,0.386813
-0.213683,0.072874,0.337882
-0.118812,0.013467,0.305560
-0.090082,0.021997,0.189441
-0.017657,-0.008529,0.108038
0.009278,0.017807,0.019453
0.085144,0.002693,-0.005686
0.084545,0.017957,-0.151882
0.164901,0.049081,-0.122104
0.145148,0.058059,-0.257526
0.171036,0.077512,-0.241216
0.138265,0.068983,-0.168642
0.082151,0.118064,-0.111630
0.026187,0.174627,0.016011
-0.015562,0.220267,0.123451
0.003591,0.248997,0.157718
-0.013467,0.225654,0.181062
-0.017807,0.201412,0.241515
0.010924,0.201412,0.279074
0.039504,0.135572,0.274884
0.092925,0.112079,0.280122
0.141108,0.046537,0.304513
0.188094,-0.029179,0.340725
0.252888,-0.084246,0.269198
0.297480,-0.168642,0.354342
0.289698,-0.170437,0.357035
0.357035,-0.203208,0.429310
0.356437,-0.233135,0.534954
0.340575,-0.256180,0.522235
0.269946,-0.266804,0.523881
0.164003,-0.232686,0.501885
0.049231,-0.230442,0.493056
-0.008829,-0.151134,0.502483
-0.047136,-0.116119,0.430657
-0.054019,-0.085443,0.386364
-0.129586,-0.035165,0.284910
-0.132729,-0.014216,0.232686
-0.114772,-0.045490,0.188693
-0.083348,-0.071078,0.164003
-0.059705,-0.109385,0.121206
-0.047734,-0.101454,0.117914
0.000299,-0.162806,0.082301
-0.013767,-0.147992,0.158017
-0.036063,-0.134674,0.255132
-0.105195,-0.064045,0.317681
-0.120907,-0.001047,0.314389
-0.186000,0.012570,0.311097
-0.208595,0.062100,0.196474
-0.209193,0.110283,0.144101
-0.161309,0.148441,0.124050
-0.138265,0.163853,-0.015862
-0.115820,0.171335,-0.083947
-0.095918,0.256479,-0.178368
-0.079458,0.255731,-0.188992
-0.043993,0.309002,-0.178069
0.059406,0.400879,-0.187496
0.102053,0.385915,-0.264110
0.160262,0.381576,-0.320224
0.225953,0.376039,-0.336834
0.208445,0.378433,-0.304513
0.249745,0.389806,-0.218321
0.205303,0.379930,-0.096217
0.212186,0.342670,-0.038756
0.184354,0.335787,-0.010175
0.152930,0.284461,0.029179
0.095319,0.236577,0.105495
0.074520,0.238223,0.172233
0.028581,0.232238,0.227000
0.045789,0.145747,0.289998
0.071078,0.130783,0.368557
0.107589,0.105195,0.437241
0.178069,0.094421,0.385317
0.186897,0.011971,0.365565
0.193182,-0.039504,0.313341
0.166996,-0.068684,0.233584
0.137367,-0.105943,0.141856
0.118812,-0.136918,0.162656
0.093224,-0.108038,0.183456
0.032471,-0.161309,0.110881
-0.062100,-0.145448,0.165200
-0.098462,-0.111630,0.196923
-0.174627,-0.156371,0.244209
-0.185251,-0.159663,0.241216
-0.227748,-0.169839,0.288501
-0.252738,-0.213832,0.286855
-0.256778,-0.250194,0.284012
-0.254384,-0.289698,0.310947
-0.288352,-0.338181,0.347608
-0.280421,-0.332195,0.392499
-0.210540,-0.389656,0.451906
-0.131980,-0.445022,0.538695
-0.079158,-0.487669,0.516399
-0.011821,-0.526575,0.508618
0.075717,-0.500538,0.586729
0.124349,-0.486173,0.460285
0.207996,-0.510563,0.387861
0.238672,-0.493206,0.292542
0.249296,-0.449511,0.186598
0.250793,-0.402824,0.146645
0.217423,-0.286706,0.120159
0.254234,-0.161010,0.061501
0.206201,-0.114772,-0.014964
0.146346,0.036661,-0.031424
0.087837,0.154276,-0.036811
-0.019453,0.242563,-0.032322
-0.083049,0.378733,-0.048183
-0.160412,0.429460,-0.038607
-0.199168,0.508618,0.003292
-0.284162,0.532111,0.015113
-0.288352,0.589123,0.029479
-0.266804,0.583138,0.060603
-0.208894,0.492457,0.071377
-0.111031,0.480786,0.002993
0.032771,0.389207,-0.038008
0.247501,0.307954,-0.016909
0.351798,0.184802,-0.002993
0.448763,0.094870,0.058508
0.577452,0.016161,0.081702
0.596306,-0.052074,0.123900
0.584485,-0.047585,0.188843
0.496647,-0.051924,0.280122
0.374842,0.014066,0.354791
0.204854,0.109684,0.383970
0.031723,0.133477,0.389357
-0.176572,0.259172,0.439037
-0.341473,0.307954,0.487819
-0.502333,0.355090,0.526724
-0.651073,0.389207,0.604237
-0.671424,0.369755,0.587178
-0.718709,0.334889,0.519542
-0.639701,0.320224,0.522385
-0.543633,0.282217,0.519392
-0.407164,0.236577,0.411803
-0.213533,0.210540,0.417938
-0.071227,0.138564,0.364068
0.010475,0.049829,0.311097
0.060753,0.002394,0.280720
0.136769,-0.023194,0.314987
0.149189,-0.076614,0.322768
0.057910,0.003591,0.331747
0.038607,0.065691,0.401927
-0.098611,0.101903,0.424372
-0.099509,0.128239,0.467169
-0.198120,0.168043,0.456245
-0.187795,0.164302,0.433351
-0.207248,0.193332,0.344765
-0.197971,0.146944,0.263362
-0.136320,0.177919,0.174926
-0.146346,0.157568,0.154576
-0.149937,0.144400,0.074520
-0.109086,0.135272,0.073322
-0.105046,0.093673,0.035165
-0.073472,0.106991,-0.045041
-0.080056,0.073472,-0.043844
-0.010175,0.023343,-0.037858
-0.020351,0.009577,-0.018854
0.021548,0.001646,-0.069282
0.009278,0.006734,-0.046837
-0.003292,-0.041300,-0.036512
0.005237,-0.084695,-0.090980
-0.057910,-0.023942,0.034117
-0.043844,-0.041300,0.117166
-0.061351,0.001197,0.127042
-0.043694,-0.000299,0.208894
-0.002693,-0.001347,0.199467
-0.069581,-0.002245,0.113575
-0.120608,-0.043844,0.150685
-0.184503,-0.000449,0.110133
-0.138864,0.025588,0.087538
-0.165798,0.006734,0.111480
-0.132729,0.022745,0.032621
-0.171036,0.109984,0.130933
-0.175226,0.046537,0.156371
-0.106093,0.035763,0.191386
-0.072574,0.047585,0.348656
-0.006584,-0.000299,0.333542
0.085293,-0.040851,0.382025
0.118363,-0.055964,0.392051
0.130933,-0.114024,0.354192
0.158616,-0.106692,0.339228
0.160860,-0.087987,0.308553
0.198419,-0.013467,0.241964
0.209343,0.002394,0.174029
0.211588,0.026785,0.133776
0.151134,0.110881,0.043245
0.113874,0.093374,0.089184
0.124947,0.121506,0.062249
0.125845,0.155773,0.052074
0.140210,0.184204,0.140061
0.145148,0.202011,0.180313
0.169988,0.157868,0.202460
0.150535,0.105943,0.248398
0.159663,0.081104,0.258424
0.174477,0.085144,0.269497
0.190189,0.042946,0.302118
0.197073,0.064045,0.440234
0.212186,0.017807,0.415244
0.177021,-0.012869,0.387861
0.110881,-0.002394,0.407314
0.100108,-0.009577,0.484227
0.050278,-0.001796,0.485873
0.013916,-0.008978,0.421679
-0.007632,0.015562,0.480935
0.050727,-0.013318,0.406116
0.075717,-0.022446,0.428412
0.123301,-0.037409,0.395791
0.060005,0.000299,0.378882
0.063596,0.025438,0.291344
0.067187,0.017208,0.230143
0.083947,0.057610,0.200215
0.038607,0.121206,0.118812
0.083049,0.184802,0.035015
0.130933,0.225504,-0.041599
0.132130,0.213832,-0.066738
0.148889,0.127491,-0.245106
0.218920,0.083498,-0.269497
0.187795,0.024092,-0.311845
0.199018,0.008978,-0.227300
0.206051,0.017358,-0.008978
0.231040,0.013767,0.202310
0.280870,0.010026,0.293888
0.318429,-0.037409,0.390255
0.303615,-0.026486,0.440982
0.259172,-0.092177,0.475099
0.213533,-0.042647,0.534506
0.214880,-0.075417,0.498144
0.255731,-0.049829,0.462979
0.260968,0.011971,0.441281
0.282217,0.017957,0.359729
0.259921,0.016909,0.157269
0.185251,0.029479,0.081852
0.107739,0.007332,0.120309
0.071227,0.039804,0.126444
0.005237,0.009128,0.296731
-0.078410,0.026635,0.475548
-0.146645,0.045639,0.676063
-0.215478,0.036960,0.787992
-0.228048,0.016909,0.910844
-0.277129,-0.014964,0.934487
-0.266056,0.017657,0.910246
-0.310199,0.039355,0.946009
-0.349553,0.079158,0.829441
-0.365864,0.117914,0.686687
-0.404171,0.132429,0.605883
-0.432453,0.192584,0.425719
-0.477494,0.219967,0.214281
-0.490063,0.221314,0.062549
-0.568473,0.298527,-0.113276
-0.592715,0.341323,-0.191985
-0.559495,0.354342,-0.203806
-0.570867,0.393248,-0.206949
-0.517297,0.347608,-0.155174
-0.495450,0.340426,-0.065092
-0.457442,0.315586,-0.025289
-0.417489,0.213533,0.098462
-0.406715,0.262464,0.142156
-0.373645,0.238073,0.319925
-0.345513,0.283863,0.502932
-0.229843,0.287753,0.604536
-0.184503,0.316484,0.665588
-0.161459,0.286107,0.753126
-0.186897,0.236577,0.706439
-0.224756,0.179715,0.577302
-0.310797,0.204555,0.416741
-0.323816,0.260669,0.242862
-0.382174,0.289100,-0.045041
-0.397288,0.336385,-0.376339
-0.413898,0.387112,-0.567725
-0.413748,0.416441,-0.746392
-0.387861,0.394445,-0.809240
-0.329801,0.388160,-0.740706
-0.226252,0.287304,-0.691625
-0.108188,0.195726,-0.640299
0.010325,0.111480,-0.439486
0.079906,0.022446,-0.378733
0.102951,-0.082600,-0.182708
0.152481,-0.101754,-0.167444
0.058957,-0.144849,-0.071826
-0.037709,-0.111480,0.025139
-0.125845,-0.060154,0.276530
-0.118064,-0.051026,0.579397
-0.109385,-0.079158,0.795025
-0.057610,-0.161908,0.928052
0.003292,-0.199916,0.972495
-0.006584,-0.302867,0.994192
0.032621,-0.368258,0.908151
0.113126,-0.382474,0.814926
0.214880,-0.412102,0.788740
0.321122,-0.399083,0.675315
0.328604,-0.421080,0.543933
0.353743,-0.427066,0.431704
0.335936,-0.428412,0.320673
0.298527,-0.395791,0.263661
0.259621,-0.309899,0.156671
0.209642,-0.271443,0.188543
0.132280,-0.229694,0.075567
0.110881,-0.126294,0.007033
0.045340,-0.147393,0.014066
0.062997,-0.168193,-0.071227
0.018256,-0.131531,-0.134823
0.029329,-0.154127,-0.141108
0.006584,-0.166996,-0.183306
0.049081,-0.126743,-0.122553
0.092925,-0.148441,-0.028282
0.093972,-0.134225,-0.043245
0.121057,-0.162955,0.073322
0.018854,-0.128239,0.215029
-0.118812,-0.070928,0.435445
-0.249446,0.020201,0.691924
-0.374543,0.046986,0.918326
-0.544382,0.129885,0.943764
-0.656161,0.140360,0.981174
-0.731578,0.205153,0.926406
-0.824952,0.195427,0.925509
-0.916081,0.212485,0.864905
-0.917578,0.152481,0.833182
-0.926406,0.163554,0.745195
-0.876876,0.171335,0.669179
-0.827496,0.091728,0.627879
-0.772429,0.042198,0.517297
-0.727388,-0.081403,0.501136
-0.705541,-0.083947,0.471807
-0.748787,-0.153079,0.456844
-0.761207,-0.161459,0.448913
-0.845752,-0.152630,0.479140
-0.866551,-0.197372,0.428113
-0.881216,-0.229694,0.463128
-0.955137,-0.236128,0.295983
-1.061529,-0.228946,0.177769
-1.218050,-0.186299,0.099210
-1.345242,-0.123900,-0.001047
-1.413327,-0.092925,-0.111929
-1.484106,-0.013318,-0.240767
-1.519570,-0.048483,-0.321571
-1.556830,-0.082151,-0.385915
-1.593192,-0.110433,-0.390405
-1.550395,-0.174777,-0.327856
-1.439514,-0.206650,-0.234332
-1.370381,-0.227449,-0.209193
-1.319205,-0.324564,-0.139612
-1.311723,-0.428113,-0.101305
-1.416919,-0.437840,0.068684
-1.509395,-0.385915,0.262614
-1.605612,-0.332345,0.407613
-1.693000,-0.255880,0.495300
-1.729661,-0.206799,0.483778
-1.797896,-0.166996,0.496198
-1.852813,-0.077213,0.346112
-1.851466,-0.065092,0.203208
-1.899350,-0.109235,0.178817
-1.918653,-0.096067,0.068235
-1.943792,-0.029179,0.043844
-1.916259,-0.041150,0.068534
-1.853262,-0.091429,0.113575
-1.880795,-0.076914,0.101155
-1.948282,-0.098910,0.258723
-2.044648,-0.126444,0.430807
-2.063802,-0.112378,0.450708
-2.058714,-0.099210,0.633566
-2.005593,-0.015862,0.648978
-1.969081,-0.001945,0.573411
-1.894562,0.003591,0.513556
-1.903690,0.009427,0.470461
-1.846229,0.023792,0.505177
-1.796549,-0.007931,0.419135
-1.668310,-0.034566,0.386813
-1.596633,-0.096516,0.362871
-1.520617,-0.126444,0.313640
-1.471387,-0.184054,0.336236
-1.405696,-0.197671,0.376638
-1.321300,-0.268749,0.419285
-1.188721,-0.361973,0.389058
-1.152210,-0.355689,0.435296
-1.255908,-0.426318,0.355838
-1.467795,-0.407463,0.288352
-1.764078,-0.287603,0.253336
-2.171541,-0.067038,0.444573
-2.472462,0.224456,0.739210
-2.600552,0.398485,0.904559
-2.683750,0.502333,0.812981
-2.624644,0.500388,0.701351
-2.505981,0.471209,0.431854
-2.354249,0.417040,0.187795
-2.134131,0.297031,-0.040552
-1.915810,0.182558,-0.320374
-1.675492,0.070779,-0.440832
-1.376666,-0.042497,-0.578200
-1.092654,-0.201861,-0.727388
-0.818967,-0.317381,-0.814627
-0.632369,-0.467618,-0.876727
-0.524330,-0.528370,-0.904260
-0.516549,-0.560692,-0.880767
-0.522235,-0.560991,-0.833332
-0.579546,-0.537947,-0.697760
-0.705392,-0.443526,-0.594510
-0.954089,-0.333692,-0.416142
-1.162684,-0.269946,-0.232986
-1.270723,-0.153379,-0.074071
-1.392528,-0.092626,0.050278
-1.477971,-0.160711,0.108637
-1.616685,-0.179415,0.013767
-1.801637,-0.067935,0.197971
-1.839944,0.068085,0.266205
-1.787720,0.127641,0.193481
-1.667262,0.103549,0.107889
-1.574786,0.055216,0.019154
-1.466000,-0.037709,0.002394
-1.362301,-0.131382,-0.081104
-1.201440,-0.196624,-0.200065
-0.953042,-0.385167,-0.335637
-0.698209,-0.568623,-0.468665
-0.484227,-0.763601,-0.599299
-0.292542,-0.875829,-0.642694
-0.200215,-0.920271,-0.725742
-0.123900,-0.949451,-0.708384
-0.059406,-0.999878,-0.769137
-0.121955,-1.003320,-0.742951
-0.238522,-0.903512,-0.628328
-0.470461,-0.731578,-0.516250
-0.649128,-0.535403,-0.394894
-0.771232,-0.442927,-0.108487
-0.843358,-0.330549,0.196025
-0.876278,-0.310648,0.339977
-0.887800,-0.278326,0.491410
-0.902764,-0.141856,0.524480
-0.920421,-0.148291,0.329053
-0.872687,-0.108188,0.167444
-0.735918,-0.132280,-0.106542
-0.586579,-0.203058,-0.307356
-0.474650,-0.246004,-0.486621
-0.314987,-0.301370,-0.582090
-0.120159,-0.356437,-0.531513
0.054318,-0.426916,-0.500239
0.188094,-0.514304,-0.499191
0.287603,-0.582539,-0.413299
0.371700,-0.639701,-0.207996
0.473004,-0.677709,-0.168342
0.466420,-0.664391,-0.055964
0.461782,-0.576254,0.029778
0.194978,-0.445770,0.214880
-0.027384,-0.241066,0.405817
-0.285957,0.011971,0.665289
-0.474950,0.309600,1.006463
-0.559794,0.552761,1.182885
-0.584634,0.714669,1.239897
-0.542287,0.791284,1.053299
-0.527173,0.792032,0.876577
-0.422876,0.753425,0.710779
-0.319626,0.616208,0.529567
-0.046837,0.464176,0.411653
0.258125,0.262764,0.420182
0.553510,0.032471,0.475997
0.826748,-0.091129,0.517896
0.958728,-0.110283,0.583138
1.042825,-0.056563,0.585682
1.115848,0.054767,0.531662
1.047014,0.109684,0.514454
0.963068,0.272340,0.446818
0.867150,0.371849,0.454449
0.867898,0.536600,0.405967
0.874033,0.642843,0.252289
0.780210,0.697012,0.025588
0.581641,0.770634,-0.199467
0.535553,0.850690,-0.333393
0.610671,0.795623,-0.477943
0.694618,0.710180,-0.380528
0.877026,0.600196,-0.182408
1.095796,0.418087,0.163105
1.282843,0.179565,0.463128
1.428441,-0.035464,0.762104
1.488146,-0.182408,1.443255
1.571793,-0.338480,2.087594
1.710657,-0.464924,2.776227
1.895908,-0.533308,3.303550
1.959953,-0.492008,3.573795
2.033276,-0.355689,3.623624
2.023699,-0.250194,3.497629
1.900398,-0.027384,3.144185
1.750610,0.119261,2.680459
1.600973,0.323068,2.021754
1.546355,0.505476,1.371279
1.403301,0.680402,0.507720
1.258452,0.894683,-0.365565
1.126771,1.048062,-1.314417
1.015141,1.145925,-2.016816
0.942418,1.230620,-2.667590
0.931793,1.324891,-2.976292
0.899771,1.316512,-3.045724
0.810288,1.282245,-3.011008
0.739958,1.239149,-2.688988
0.828394,1.147122,-2.200720
1.027112,1.134552,-1.644218
1.255759,1.081880,-1.251569
1.345242,1.019032,-0.884957
1.380856,0.969053,-0.580444
1.296161,0.887501,-0.358083
1.277307,0.724845,-0.019154
1.359009,0.529717,0.474202
1.583914,0.347459,0.811934
1.784877,0.182708,1.189170
1.993921,0.053121,1.373524
2.014122,-0.036362,1.311125
2.036418,-0.082450,0.999280
1.937657,-0.058957,0.716166
1.718139,0.088436,0.339378
1.531840,0.340575,0.137517
1.377264,0.610821,0.005387
1.250821,0.821062,-0.245106
1.126921,0.978780,-0.417339
1.057040,1.076493,-0.586729
1.001674,1.092953,-0.693570
1.014992,1.043423,-0.672172
1.062726,0.962319,-0.601693
1.222689,0.855329,-0.480935
1.357961,0.801609,-0.348506
1.401655,0.713771,-0.012869
1.472883,0.560542,0.462679
1.732654,0.312743,0.917129
1.976413,-0.029928,1.393725
2.234389,-0.314987,1.621772
2.474108,-0.564134,1.765125
2.599355,-0.660800,1.950975
2.735076,-0.880617,2.216432
2.943821,-0.957830,2.549825
3.160047,-1.125873,2.959383
3.307889,-1.200842,3.232322
3.252224,-1.243339,3.431041
3.182492,-1.164629,3.640683
3.070713,-1.061828,3.609858
2.897732,-0.932542,3.445107
2.743905,-0.721852,3.037643
2.578406,-0.557250,2.642301
2.451363,-0.376787,2.353650
2.360384,-0.187496,2.019808
2.262072,-0.036362,1.639280
2.126051,0.152930,1.201440
2.043451,0.272789,0.831686
1.981651,0.346112,0.543484
2.082806,0.253785,0.261118
2.231695,0.148441,0.104297
2.394651,-0.001047,0.129287
2.562394,-0.153079,0.236727
2.731036,-0.258125,0.487819
2.796876,-0.297629,0.716016
2.816479,-0.238672,0.865205
2.811840,-0.131531,1.098340
2.744354,-0.050129,1.212065
2.743606,-0.044742,1.203835
2.710236,0.022895,1.136049
2.687940,-0.006883,0.940472
2.745551,-0.064643,0.712574
2.787150,-0.131980,0.548123
2.914043,-0.177769,0.453252
2.932598,-0.200814,0.372897
2.896984,-0.155174,0.195576
2.808698,-0.179415,0.116418
2.714277,-0.209044,0.074520
2.682853,-0.162806,-0.000748
2.653524,-0.140510,-0.093972
2.654122,-0.124349,-0.183456
2.687641,-0.189740,-0.307505
2.697068,-0.173280,-0.319027
2.707842,-0.135721,-0.298078
2.578256,-0.158616,-0.249446
2.409465,-0.086491,-0.136021
2.250849,-0.000150,0.001496
2.118120,0.000299,0.175226
1.999607,-0.051176,0.448314
1.900248,-0.102951,0.784999
1.723227,-0.180762,0.986561
1.606659,-0.311994,1.133206
1.528698,-0.432004,1.042825
1.580772,-0.558148,0.904559
1.705270,-0.612018,0.608277
1.784578,-0.491260,0.326509
1.744924,-0.357784,0.038756
1.632696,-0.233734,-0.345962
1.589750,-0.052672,-0.700454
1.503858,0.027982,-0.922217
1.340903,0.153229,-0.989404
1.165976,0.368258,-0.886453
0.949750,0.517746,-0.837222
0.784101,0.642095,-0.756867
0.570867,0.680103,-0.855927
0.429161,0.676362,-1.168221
0.379032,0.672322,-1.159841
0.338181,0.693870,-1.097741
0.357634,0.671125,-0.922067
0.406416,0.572364,-0.814926
0.459986,0.467169,-0.661249
0.498592,0.330849,-0.533009
0.593762,0.098013,-0.234931
0.708235,-0.092027,0.101155
0.842909,-0.251840,0.376189
0.935534,-0.371251,0.615310
0.979528,-0.527921,0.856675
0.940023,-0.533907,1.173608
0.836325,-0.419135,1.344643
0.659303,-0.254234,1.394922
0.474052,0.010924,1.377115
0.262614,0.212635,1.269675
0.126144,0.434997,1.105074
-0.052074,0.698209,0.908300
-0.222661,0.876876,0.689979
-0.389656,1.000776,0.420482
-0.518644,1.049259,0.058808
-0.556203,1.153107,-0.294337
-0.544531,1.080084,-0.554258
-0.453252,0.988356,-0.729184
-0.334590,0.951546,-0.904410
-0.191087,0.842759,-1.035492
-0.058808,0.709432,-1.157148
0.057760,0.524181,-1.202637
0.193781,0.334889,-0.842609
0.329652,0.136619,-0.370353
0.469563,-0.004339,0.180762
0.536900,-0.153827,0.529418
0.534356,-0.240468,0.837372
0.520739,-0.370652,1.004218
0.558298,-0.486173,1.238102
0.614711,-0.665139,1.354819
0.677409,-0.740108,1.404499
0.749684,-0.734571,1.372027
0.687286,-0.750582,1.207875
0.566378,-0.660650,1.005714
0.470161,-0.469563,0.685340
0.377835,-0.366163,0.416441
0.259472,-0.277727,0.245705
0.178368,-0.168791,0.146944
0.141557,-0.125995,-0.032172
0.022895,-0.067636,-0.207547
-0.108338,0.051625,-0.419883
-0.326809,0.147243,-0.508020
-0.395193,0.189441,-0.591368
-0.417788,0.208296,-0.567127
-0.418985,0.277278,-0.520140
-0.420482,0.316035,-0.404919
-0.442628,0.277727,-0.268450
-0.534805,0.269198,-0.145148
-0.534805,0.202310,0.006734
-0.431555,0.138415,0.165649
-0.329652,0.009876,0.347309
-0.196325,-0.139313,0.576703
-0.027234,-0.195427,0.725892
0.087987,-0.268450,0.825850
0.105345,-0.276231,0.922366
0.142754,-0.275932,0.866851
0.039205,-0.186299,0.927604
-0.007482,-0.066140,1.014693
-0.060304,0.031873,1.025317
-0.075866,0.090082,0.917578
-0.101903,0.106542,0.845752
-0.130783,0.167295,0.782605
-0.126893,0.166547,0.646285
-0.062848,0.203358,0.629675
0.005986,0.180613,0.787992
0.041150,0.273538,0.864756
0.087388,0.272191,0.962020
0.132579,0.214580,0.922815
0.176273,0.205602,0.909946
0.279074,0.140809,0.825102
0.373795,0.117765,0.759560
0.424971,0.086042,0.637606
0.503381,0.096067,0.591218
0.643142,0.107589,0.544531
0.746841,0.045041,0.547075
0.902016,-0.086491,0.670227
1.054796,-0.193332,0.761207
1.142334,-0.239271,0.782605
1.222539,-0.241216,0.813729
1.239897,-0.205602,0.829142
1.247080,-0.074520,0.853084
1.238401,0.009427,0.845901
1.259949,0.110582,0.832883
1.295263,0.123601,0.812682
1.427094,0.170138,0.872687
1.514033,0.200065,0.888249
1.652747,0.124349,1.106121
1.769465,0.060903,1.313220
1.839645,-0.091578,1.396867
2.061707,-0.122703,1.540370
2.158074,-0.135572,1.586907
2.207155,-0.119710,1.662324
2.262521,-0.076914,1.663521
2.327014,-0.038457,1.749713
2.354548,-0.011672,1.818247
2.440739,0.009427,1.793407
2.505532,0.046837,1.714847
2.572570,0.007931,1.666364
2.679411,-0.008679,1.530643
2.732682,0.064793,1.247978
2.783858,0.133776,1.009755
2.898480,0.167893,0.948702
3.022231,0.191087,0.831686
3.161094,0.177321,0.786645
3.216760,0.191087,0.730980
3.236512,0.214880,0.691026
3.241749,0.237924,0.687435
3.217657,0.199617,0.581043
3.345298,0.100257,0.236727
3.532944,0.067786,-0.321272
3.632154,0.155324,-1.150713
3.637840,0.287304,-1.860295
3.715951,0.372747,-2.398541
3.789572,0.324714,-2.635417
3.891176,0.202909,-2.647688
3.871723,0.126294,-2.782511
3.777601,0.015712,-2.733580
3.693804,-0.099359,-2.679261
3.560776,-0.194828,-2.296339
3.377022,-0.271293,-1.898452
3.333477,-0.361824,-1.545308
3.279458,-0.448464,-1.272518
3.159748,-0.365864,-0.919673
2.905065,-0.387861,-0.631770
2.674024,-0.319027,-0.341473
2.416947,-0.294936,-0.096666
2.211344,-0.390105,0.160112
2.084601,-0.490811,0.357185
2.013524,-0.483479,0.444424
1.887978,-0.445471,0.671723
1.696591,-0.438139,0.948403
1.569100,-0.370802,1.148768
1.351676,-0.338929,1.203386
1.131410,-0.323068,1.133954
0.895581,-0.297031,0.910545
0.854431,-0.238672,0.664690
0.846201,-0.221464,0.376039
0.878822,-0.155922,0.301969
0.839018,-0.098462,0.264110
0.867000,-0.144101,0.297031
0.780659,-0.173729,0.234183
0.670077,-0.227000,0.161908
0.556053,-0.275483,0.117017
0.451157,-0.294188,0.174029
0.426467,-0.291045,0.414197
0.325312,-0.248698,0.666187
0.171784,-0.178967,0.853683
0.017807,-0.192733,0.926406
-0.174328,-0.192584,0.748038
-0.368857,-0.180762,0.414197
-0.536451,-0.084096,0.226551
-0.639102,-0.135272,-0.001646
-0.602591,-0.164302,-0.000299
-0.463278,-0.321122,-0.131531
-0.326958,-0.449661,-0.272340
-0.275333,-0.575955,-0.483629
-0.394744,-0.631770,-0.595857
-0.504428,-0.606182,-0.609773
-0.565630,-0.685939,-0.589273
-0.615011,-0.635511,-0.380977
-0.653467,-0.617854,-0.264859
-0.686537,-0.480337,-0.153678
-0.759860,-0.320973,-0.026785
-0.963816,-0.135572,-0.060603
-1.100585,0.050278,-0.204555
-1.181539,0.170288,-0.406266
-1.130811,0.333692,-0.398934
-1.099687,0.347459,-0.387112
-1.062128,0.376339,-0.391452
-1.130961,0.417040,-0.472855
-1.337012,0.470910,-0.503231
-1.531690,0.577302,-0.626383
-1.698985,0.665139,-0.589572
-1.811513,0.784999,-0.415544
-1.758840,0.784849,-0.122254
-1.653047,0.797269,0.182708
-1.673996,0.797568,0.475548
-1.736544,0.682497,0.620098
-1.844433,0.594061,0.664092
-1.862240,0.437540,0.867449
-1.703774,0.338480,0.958878
-1.525256,0.192434,0.976535
-1.461660,0.019154,0.940921
-1.396418,-0.154127,0.833033
-1.310077,-0.222361,0.790087
-1.301697,-0.250044,0.664092
-1.354669,-0.201263,0.445172
-1.429338,-0.153528,0.237325
-1.616685,0.074370,-0.043844
-1.787870,0.331747,-0.206799
-2.045995,0.572065,-0.229544
-2.113631,0.819416,-0.260519
-2.226009,0.948553,-0.378583
-2.295291,0.986561,-0.494253
-2.418443,0.988656,-0.624138
-2.483835,1.047763,-0.680701
-2.543540,0.912490,-0.572813
-2.579453,0.780210,-0.426168
-2.581698,0.576254,-0.071826
-2.520645,0.370652,0.197372
-2.411260,0.169240,0.373645
-2.301426,0.019603,0.479738
-2.237531,-0.041150,0.612616
-2.119168,-0.099210,0.757914
-2.022352,-0.156521,0.935834
-1.897405,-0.232986,1.255460
-1.839645,-0.253785,1.462857
-1.828272,-0.315137,1.579425
-1.860594,-0.386813,1.660379
-2.023400,-0.427814,1.673098
-2.142511,-0.361524,1.683273
-2.333748,-0.202310,1.715894
-2.615965,0.012121,1.601871
-2.705448,0.188543,1.452532
-2.732532,0.342520,1.033547
-2.726098,0.474052,0.503830
-2.696470,0.535852,-0.142455
-2.713678,0.651073,-0.485125
-2.687042,0.627131,-0.791134
-2.609680,0.658854,-0.878223
-2.608333,0.633416,-0.925958
-2.745102,0.580744,-0.985364
-3.091513,0.510563,-1.126322
-3.624821,0.366762,-1.064821
-4.088848,0.354791,-0.426617
-4.179677,0.268899,0.616507
-3.988441,0.151433,1.643470
-3.627814,0.089184,2.356792
-3.326145,-0.067187,2.313397
-2.995146,-0.319027,1.936909
-2.641553,-0.538396,1.652149
-2.202815,-0.724695,1.406145
-1.765424,-0.854730,1.216853
-1.335216,-0.933290,1.084274
-1.143381,-1.044171,0.737564
-1.126472,-1.036839,0.376787
-1.186477,-0.960075,0.066289
-1.306636,-0.836175,-0.081403
-1.522563,-0.638055,-0.267552
-1.741333,-0.386514,-0.244358
-2.068141,-0.109385,-0.337283
-2.425476,0.165200,-0.346561
-2.758719,0.388459,-0.384718
-3.065326,0.615310,-0.339079
-3.178004,0.831686,-0.047884
-3.173514,0.970849,0.180313
-3.088520,1.084573,0.250793
-3.074005,1.077989,0.217573
-2.999785,0.968754,0.068534
-3.065925,0.848146,-0.103998
-3.020136,0.777517,-0.158915
-2.911649,0.710928,-0.059406
-2.746748,0.629675,0.129885
-2.558803,0.615609,0.218471
-2.488922,0.550517,0.285509
-2.548478,0.533757,0.261267
-2.669236,0.502333,0.365864
-2.765303,0.483030,0.541090
-2.912995,0.460884,0.688333
-3.092411,0.477943,0.793678
-3.288137,0.607978,0.943166
-3.385700,0.708684,1.038784
-3.422661,0.878073,1.285387
-3.342904,1.018134,1.496226
-3.277213,1.130961,1.452383
-3.120393,1.196353,1.367987
-2.854337,1.205331,1.049109
-2.601450,1.115399,0.795324
-2.206257,0.947356,0.463727
-1.859995,0.804751,0.194679
-1.464952,0.574459,0.007033
-1.074398,0.359878,-0.180613
-0.890643,0.065990,-0.255880
-0.773776,-0.128988,-0.267702
-0.828843,-0.275184,-0.192434
-0.882413,-0.293439,-0.035763
-0.935085,-0.317531,0.192434
-0.947056,-0.292990,0.331747
-0.976086,-0.245106,0.345214
-1.002422,-0.171335,0.318728
-1.073201,-0.103400,0.276530
-1.120935,-0.059107,0.246154
-1.186926,-0.001047,0.192883
-1.319056,0.031873,0.146645
-1.491139,0.052972,0.227300
-1.680430,0.117914,0.416890
-1.830218,0.279523,0.688333
-1.931821,0.391302,0.902464
-2.017414,0.473902,0.969652
-2.059462,0.519093,0.953491
-2.044948,0.509217,0.847996
-1.918354,0.452205,0.740257
-1.822586,0.334739,0.498742
-1.647510,0.197821,0.198719
-1.453580,0.011971,-0.108487
-1.255460,-0.137667,-0.330849
-1.076493,-0.224307,-0.396540
-0.977882,-0.332944,-0.436044
-0.922815,-0.369306,-0.483030
-0.945111,-0.396240,-0.396240
-1.040879,-0.402376,-0.219967
-1.107169,-0.368707,0.017208
-1.155352,-0.317830,0.415544
-1.142782,-0.302418,0.804152
-1.084573,-0.323367,1.031003
-1.022324,-0.342670,1.152210
-1.029058,-0.386215,1.165527
-1.063026,-0.399383,1.116596
-1.130063,-0.496049,0.966060
-1.202637,-0.439935,0.872088
-1.235707,-0.365864,0.688632
-1.205181,-0.232387,0.583287
-1.130063,-0.197821,0.343119
-1.020678,-0.150535,0.147393
-0.869394,-0.121955,-0.040851
-0.744597,-0.167594,-0.250344
-0.710479,-0.158765,-0.465672
-0.643442,-0.227748,-0.560991
-0.620098,-0.243011,-0.584335
-0.543035,-0.332345,-0.463877
-0.489764,-0.318878,-0.181810
-0.490811,-0.397288,0.033220
-0.449661,-0.436044,0.377236
-0.462380,-0.373645,0.575057
-0.587328,-0.327706,0.698359
-0.780809,-0.301520,0.728286
-0.920720,-0.141408,0.725742
-0.959327,-0.071377,0.675015
-0.818368,0.034117,0.595408
-0.666636,0.108338,0.377985
-0.483329,0.146196,0.221314
-0.364966,0.075268,0.032172
-0.297779,0.021697,-0.227748
-0.388759,-0.028880,-0.459986
-0.467318,0.006883,-0.622642
-0.542137,0.065841,-0.530166
-0.568773,0.189142,-0.347459
-0.458639,0.262315,-0.030526
-0.389058,0.365265,0.171784
-0.283414,0.381576,0.397886
-0.222361,0.361674,0.426617
-0.114922,0.307206,0.439486
-0.052373,0.215777,0.424672
0.074669,0.110433,0.433500
0.185700,0.011971,0.457442
0.295834,-0.074968,0.497695
0.438588,-0.082151,0.499341
0.452205,-0.134674,0.543633
0.457891,-0.137068,0.555604
0.440982,-0.139762,0.536152
0.398485,-0.147992,0.620846
0.447267,-0.169689,0.670825
0.477344,-0.208296,0.615310
0.483180,-0.224606,0.588674
0.519392,-0.248398,0.534506
0.521637,-0.259472,0.570269
0.533458,-0.194080,0.634763
0.518045,-0.199467,0.666037
0.490662,-0.216226,0.605434
0.485125,-0.259921,0.568773
0.521786,-0.285359,0.566977
0.576105,-0.294487,0.614412
0.616806,-0.297779,0.636858
0.655413,-0.348356,0.535852
0.560991,-0.326809,0.453103
0.540341,-0.304213,0.396689
0.470161,-0.211887,0.446968
0.508618,-0.152780,0.505476
0.417938,-0.057162,0.353294
0.482881,-0.020650,0.395043
0.386963,0.042347,0.301520
0.356886,0.062848,0.234033
0.334889,0.012869,0.133028
0.367510,-0.021697,0.079757
0.347459,-0.000299,-0.087538
0.318130,-0.005387,-0.105195
0.248099,0.027533,-0.114323
0.177171,0.073622,-0.045789
0.070330,0.158765,0.012121
0.028431,0.255282,0.216226
-0.039205,0.360178,0.395492
-0.046986,0.435745,0.625036
-0.096666,0.499041,0.731429
-0.133028,0.509366,0.785298
-0.130484,0.510863,0.831985
-0.122852,0.466720,0.822558
-0.116568,0.412850,0.775871
-0.071527,0.341922,0.662296
-0.044442,0.305261,0.425120
-0.024391,0.246154,0.256180
-0.038756,0.231040,0.098013
0.016909,0.243610,-0.022146
0.062997,0.240617,-0.209493
0.054169,0.216825,-0.335787
0.043545,0.192883,-0.447865
-0.050877,0.161908,-0.476147
-0.062698,0.109385,-0.358382
-0.047136,0.090082,-0.243011
-0.038307,0.045041,-0.088137
0.025289,0.009128,0.155174
0.050727,-0.012270,0.347159
0.055964,0.020051,0.472107
-0.025139,-0.071676,0.628179
-0.029179,-0.036362,0.706589
-0.108487,0.053271,0.833033
-0.150535,0.157119,0.946458
-0.147393,0.249596,1.083825
-0.153079,0.416142,1.167473
-0.210690,0.466570,1.082478
-0.293739,0.477494,1.017835
-0.321571,0.518943,0.908899
-0.333842,0.463877,0.726939
-0.231040,0.452055,0.619200
-0.160860,0.370054,0.440832
0.042946,0.336086,0.318578
0.103400,0.302867,0.313640
0.258723,0.240168,0.237774
0.311396,0.191536,0.165350
0.337134,0.120608,0.055665
0.355090,0.099359,-0.041001
0.338181,0.099060,-0.073023
0.277428,0.104896,-0.070479
0.261417,0.105943,-0.101604
0.294188,0.179864,-0.136170
0.220117,0.135572,-0.145597
0.241964,0.188394,-0.127342
0.270395,0.278476,-0.084994
0.360477,0.246453,-0.018555
0.480786,0.210091,0.028880
0.610821,0.122254,0.101454
0.697760,0.000299,0.054468
0.735618,-0.103998,0.002843
0.738910,-0.161160,0.014664
0.741903,-0.181660,-0.039355
0.699257,-0.232986,0.026486
0.733374,-0.220566,0.124648
0.765995,-0.250793,0.207248
0.785897,-0.264110,0.185700
0.730680,-0.316633,0.172383
0.661548,-0.344765,0.115969
0.524181,-0.306458,-0.011223
0.405967,-0.277129,-0.031723
0.294188,-0.143951,0.002843
0.214131,-0.017059,0.020650
0.189740,0.055216,0.128389
0.158915,0.077961,0.203806
0.124050,0.032621,0.091279
0.113874,0.024241,0.047136
0.130334,-0.042347,0.049530
0.100706,-0.128988,0.020949
0.063297,-0.163554,-0.010026
0.050278,-0.171784,0.091877
0.070928,-0.174777,0.205752
0.144849,-0.204555,0.385466
0.169988,-0.204405,0.407164
0.262015,-0.238223,0.366462
0.316633,-0.279972,0.286107
0.351199,-0.299275,0.392499
0.339378,-0.279074,0.420931
0.374244,-0.292841,0.333243
0.373795,-0.241216,0.235978
0.333842,-0.244358,0.229694
0.272640,-0.197372,0.289249
0.168342,-0.094870,0.294936
0.125845,-0.067935,0.316334
0.046088,0.064195,0.405967
-0.003891,0.121955,0.434697
-0.093224,0.127641,0.462380
-0.200065,0.124947,0.612167
-0.284162,0.184503,0.746542
-0.275782,0.225803,0.853383
-0.302567,0.284162,0.889596
-0.288801,0.300472,0.895880
-0.268450,0.271592,0.936731
-0.248249,0.246154,0.951097
-0.215329,0.200814,0.795324
-0.130634,0.192733,0.633266
-0.027533,0.117017,0.437540
0.088436,0.136918,0.296731
0.206949,0.058508,0.068384
0.354940,0.060603,-0.012719
0.419883,0.001796,-0.174029
0.455048,0.021697,-0.227748
0.457442,0.029030,-0.242862
0.404919,0.034267,-0.209044
0.345962,0.058508,-0.154576
0.367510,0.113575,0.042347
0.303615,0.190339,0.120907
0.259172,0.177620,0.237774
0.286706,0.217274,0.219518
0.212036,0.174627,0.202609
0.262913,0.177321,0.148590
0.327706,0.213683,0.111330
0.376638,0.209942,0.067038
0.397437,0.155473,-0.005986
0.454300,0.123750,-0.057461
0.497096,0.135123,-0.129287
0.527921,0.108936,-0.116119
0.531064,0.104447,-0.076614
0.533907,0.069432,-0.065841
0.515801,0.055665,-0.004938
0.483629,0.021398,0.117017
0.478840,-0.027683,0.139612
0.410007,-0.051326,0.084246
0.245555,-0.024241,0.205004
0.105794,0.037559,0.347159
0.050278,0.131681,0.546925
0.002693,0.186000,0.691625
0.076315,0.216825,0.721553
0.119261,0.250643,0.641347
0.161758,0.260818,0.527622
0.183605,0.203058,0.372149
0.254683,0.137218,0.296731
0.321272,0.095170,0.143652
0.446369,0.017208,0.028880
0.501136,-0.025738,0.012270
0.515352,-0.048931,-0.122852
0.528370,-0.139163,-0.139612
0.537498,-0.163704,-0.140809
0.491560,-0.165649,-0.058059
0.410007,-0.179266,-0.000748
0.328604,-0.162656,0.180014
0.250493,-0.112976,0.288801
0.181660,-0.059855,0.359430
0.155174,-0.072874,0.450260
0.104447,-0.114622,0.423774
0.103400,-0.074220,0.475099
0.089034,-0.107739,0.466570
0.116418,-0.118214,0.453252
0.175675,-0.121057,0.408810
0.214431,-0.084246,0.341623
0.242263,-0.127641,0.216975
0.230741,-0.170587,0.129437
0.182708,-0.168642,0.038307
0.143951,-0.128090,0.089783
0.090531,-0.105794,0.202160
0.110283,-0.061052,0.263213
0.145148,-0.019004,0.327856
0.162207,-0.050877,0.391302
0.220566,-0.081552,0.415244
0.208445,-0.086939,0.448614
0.242263,-0.137966,0.411503
0.284760,-0.139313,0.360028
0.357335,-0.184503,0.273687
0.302567,-0.193481,0.192284
0.296582,-0.131232,0.303465
0.280720,-0.157119,0.178817
0.276830,-0.079458,0.117765
0.245855,-0.073472,0.045939
0.182109,-0.032920,0.011223
0.106093,-0.001197,0.036362
-0.064943,0.038307,0.093823
-0.184354,0.103549,0.178817
-0.232088,0.184354,0.314239
-0.397737,0.280870,0.343269
-0.571017,0.433949,0.463278
-0.717063,0.569970,0.651672
-0.769885,0.710779,0.868796
-0.764947,0.776470,0.898125
-0.639850,0.785448,0.783951
-0.543334,0.757316,0.587028
-0.369455,0.682048,0.422577
-0.259621,0.568473,0.230592
-0.127940,0.477344,0.044442
0.012121,0.379780,-0.142904
0.151733,0.274286,-0.161758
0.244508,0.211588,-0.288501
0.297629,0.169839,-0.398635
0.314089,0.099060,-0.441880
0.302717,0.078709,-0.563086
0.322319,0.062100,-0.590919
0.382474,0.052972,-0.567575
0.393098,-0.019303,-0.571765
0.477494,0.003891,-0.580744
0.481085,-0.059256,-0.474800
0.446219,-0.048632,-0.434697
0.415394,-0.081852,-0.283264
0.382923,-0.159214,-0.204854
0.320524,-0.145148,0.014964
0.328604,-0.130783,0.277877
0.325611,-0.092925,0.473902
0.322020,-0.108188,0.640000
0.322619,-0.114323,0.704494
0.310947,-0.196025,0.760608
0.331896,-0.224756,0.872986
0.345064,-0.229993,0.816572
0.368258,-0.303914,0.870442
0.366014,-0.319925,0.709881
0.380379,-0.292841,0.702698
0.355389,-0.261866,0.592415
0.306907,-0.202759,0.538546
0.172233,-0.188094,0.461782
0.146495,-0.125097,0.431854
0.060154,-0.077961,0.373196
-0.040701,-0.009128,0.407912
-0.090231,0.018256,0.470161
-0.115221,0.041450,0.477494
-0.093224,0.088585,0.562488
-0.106692,0.073023,0.492008
-0.020201,0.011971,0.416741
0.022595,0.033220,0.336685
0.081403,-0.068085,0.326060
0.172532,-0.096067,0.267402
0.210989,-0.099659,0.165649
0.199916,-0.116418,0.184802
0.196773,-0.115520,0.176572
0.189740,-0.014515,0.268749
0.174029,0.007632,0.317830
0.166397,-0.037260,0.319027
0.131382,-0.027533,0.255581
0.113126,-0.004938,0.236577
0.072724,0.010175,0.247351
0.034866,0.038457,0.202011
0.052074,0.012570,0.143353
0.076614,0.052373,0.092027
0.099958,0.060304,0.058508
0.111779,0.045789,0.022745
0.157119,0.005088,-0.064643
0.142156,-0.021997,-0.098013
0.220715,-0.041450,-0.162656
0.255431,-0.067187,-0.111181
0.242114,-0.093972,-0.083647
0.259023,-0.096067,0.006135
0.297779,-0.089184,0.128239
0.263811,-0.134524,0.220416
0.233435,-0.136619,0.209493
0.208146,-0.126144,0.248997
0.146944,-0.165499,0.347159
0.136021,-0.093823,0.349553
0.178518,-0.063596,0.424971
0.181211,-0.059406,0.409408
0.272789,-0.076914,0.324564
0.246902,-0.094571,0.336535
0.293140,-0.091728,0.213383
0.281768,-0.095618,0.149937
0.289100,-0.063746,0.101005
0.266804,-0.076315,0.006434
0.212635,-0.081104,0.077213
0.188843,-0.027084,0.062848
0.114323,0.031574,0.170587
0.099958,0.019453,0.275932
-0.010325,0.008230,0.266505
-0.121955,0.036063,0.359878
-0.146794,0.067337,0.407762
-0.200963,0.095319,0.455647
-0.232986,0.120907,0.552612
-0.185102,0.126444,0.586280
-0.197222,0.140659,0.663044
-0.182259,0.159663,0.574608
-0.147692,0.134674,0.511162
-0.099659,0.147992,0.342670
-0.048782,0.113276,0.231489
0.046388,0.077662,0.114323
0.084695,0.104746,0.012869
0.076016,0.099210,-0.100706
0.069432,0.069133,-0.172383
0.074819,0.097264,-0.210540
0.023194,0.116418,-0.113425
-0.044592,0.170886,0.086640
-0.058209,0.207248,0.247052
-0.025588,0.162955,0.344166
-0.053121,0.143353,0.273538
-0.054169,0.116568,0.301221
-0.100556,0.130634,0.255880
-0.133028,0.120758,0.258274
-0.146046,0.180463,0.241665
-0.094122,0.205303,0.228646
-0.085742,0.210690,0.225055
-0.025588,0.245406,0.171335
0.008829,0.227000,0.142754
0.081552,0.214730,0.075717
0.072125,0.194679,0.036362
0.093224,0.230442,0.108188
0.053421,0.191386,0.108338
0.077063,0.172532,0.170587
0.077662,0.175974,0.212635
0.116119,0.124648,0.260519
0.117017,0.076914,0.128988
0.145897,0.020201,0.106243
0.130334,-0.005237,0.155324
0.151583,-0.003741,0.081104
0.142605,-0.012420,0.075268
0.203507,-0.014066,0.129137
0.191386,-0.039055,0.124349
0.192284,-0.032621,0.108787
0.232537,-0.055964,0.130334
0.188244,-0.068684,0.118363
0.117466,-0.130334,0.209193
0.081104,-0.085443,0.318130
0.012420,-0.064793,0.374393
0.047435,-0.049680,0.385018
0.093524,-0.019004,0.510713
0.118663,-0.036212,0.458041
0.155623,-0.100856,0.441281
0.211588,-0.135422,0.391003
0.230143,-0.207996,0.357484
0.268300,-0.181660,0.280870
0.282067,-0.188693,0.248548
0.297629,-0.182109,0.168492
0.251990,-0.175974,0.079906
0.220715,-0.130933,0.107440
0.234931,-0.105046,0.094421
0.233734,-0.099659,0.113575
0.188244,-0.065691,0.103998
0.238971,-0.092476,-0.041899
0.202609,-0.111480,-0.069432
0.127491,-0.089633,-0.096816
0.086640,-0.037858,-0.105195
0.041300,0.016011,0.011971
0.000599,0.037709,0.178368
0.047734,0.066888,0.263213
0.074819,0.043694,0.348207
0.078260,-0.017208,0.361225
0.108936,-0.054019,0.315735
0.117914,-0.071527,0.393397
0.188543,-0.052074,0.352696
0.215478,-0.082899,0.379032
0.209642,-0.115969,0.406416
0.257077,-0.083947,0.412401
0.277727,-0.105345,0.313192
0.245406,-0.079458,0.321571
0.221314,-0.075866,0.217423
0.194679,-0.050877,0.246303
0.077512,-0.017508,0.243909
0.032322,0.061651,0.234332
-0.032621,0.093823,0.281169
-0.038756,0.134375,0.245256
-0.086341,0.176722,0.214131
-0.027533,0.180463,0.212934
0.002544,0.170288,0.175974
0.060753,0.116867,0.106542
0.114024,0.121057,0.071826
0.116867,0.063147,0.044442
0.112378,0.070928,0.111480
0.171934,0.082750,0.100706
0.219219,0.061351,0.160561
0.167295,0.064045,0.144999
0.139462,0.105195,0.228796
0.131831,0.063895,0.250344
0.073472,0.101305,0.275483
0.053570,0.108038,0.293439
0.069881,0.120608,0.350900
0.064943,0.069731,0.392799
0.094721,0.121506,0.337732
0.053870,0.080505,0.450260
0.041001,0.087987,0.316184
0.015263,0.056264,0.312593
0.006883,0.108338,0.305410
0.002095,0.093524,0.350900
-0.002544,0.060903,0.340126
0.017807,0.120009,0.341323
-0.026336,0.065841,0.359280
-0.018854,0.107141,0.326958
-0.033369,0.093823,0.335338
-0.046537,0.130334,0.353294
0.022296,0.093823,0.329352
0.025139,0.106542,0.288801
0.077812,0.055815,0.210989
0.082600,0.020800,0.179864
0.094421,0.089783,0.211139
0.101305,0.079458,0.261417
0.100856,0.063596,0.229095
0.132429,0.063297,0.236278
0.095768,0.035015,0.200365
0.067636,-0.000150,0.235081
0.070629,0.023194,0.282965
0.022446,-0.004938,0.308104
0.021099,0.014216,0.385915
0.066289,-0.036960,0.387112
0.069133,-0.048333,0.290297
0.062698,-0.028581,0.257975
0.041001,-0.040253,0.211288
0.076764,-0.054318,0.159813
0.012420,-0.028880,0.161160
-0.027533,-0.010624,0.120458
-0.048931,0.026635,0.213683
-0.094870,0.070629,0.224456
-0.084545,0.147543,0.213683
-0.089483,0.089633,0.230442
-0.128688,0.093972,0.234033
-0.084695,0.025738,0.263811
-0.037709,0.023343,0.286556
0.003442,-0.031125,0.312892
0.092476,-0.037709,0.208894
0.130185,-0.082301,0.135871
0.082600,-0.095918,0.106093
0.055216,-0.044742,0.064195
0.048333,-0.027234,0.108487
0.026187,0.024840,0.072724
0.059256,0.091728,0.082301
0.042796,0.040253,0.016460
0.028282,0.029329,0.017657
0.045939,0.067187,0.011672
0.013617,-0.014814,0.075118
0.000898,0.015562,-0.024391
0.019603,0.010175,0.070180
0.071826,-0.004339,0.078410
0.004938,0.013018,0.117765
0.017059,0.020051,0.166846
-0.035314,0.036212,0.305560
-0.024241,0.060154,0.341323
-0.004190,0.000299,0.342520
0.021249,-0.002095,0.373495
0.043694,-0.010475,0.333991
0.023343,-0.066289,0.335188
0.046986,-0.061052,0.308852
-0.004040,-0.038158,0.312443
-0.004190,-0.024989,0.265756
0.010924,-0.023792,0.252588
-0.003741,-0.047884,0.185700
-0.041899,0.042048,0.081552
-0.023792,0.010924,0.128090
-0.014365,0.040552,0.074220
-0.019004,0.051026,0.092177
-0.079458,0.083947,0.071826
-0.110283,0.095469,0.278924
-0.120159,0.138116,0.254833
-0.127042,0.107141,0.313341
-0.156222,0.068684,0.314538
-0.108787,0.109086,0.388609
-0.056862,0.096816,0.374094
-0.010026,0.042946,0.438737
0.031274,0.032022,0.508169
0.095469,-0.008529,0.457741
0.123900,-0.034716,0.420631
0.101754,-0.035614,0.352397
0.086939,-0.049829,0.375141
0.004339,0.006584,0.432602
-0.044891,0.102651,0.473304
-0.137367,0.133028,0.549918
-0.155174,0.180164,0.492457
-0.168193,0.175675,0.500987
-0.256928,0.179715,0.462679
-0.282815,0.261417,0.523881
-0.233285,0.254384,0.471209
-0.171934,0.178817,0.445022
-0.062249,0.198868,0.404620
0.064494,0.136769,0.246752
0.140061,0.074968,0.111630
0.188843,0.051475,-0.019752
0.239420,0.008230,-0.054318
0.253935,0.011223,-0.143951
0.263362,0.023194,-0.220267
0.340575,0.000748,-0.205901
0.330400,-0.002544,-0.223708
0.323068,-0.041899,-0.183007
0.248099,-0.056713,-0.099210
0.249895,-0.035314,-0.074071
0.270994,-0.083947,-0.022595
0.205452,-0.080505,0.058658
0.161010,-0.061501,0.177171
0.076914,-0.033369,0.379331
0.093524,-0.036362,0.467917
0.109385,-0.026785,0.466570
0.099060,-0.040402,0.456844
0.136469,-0.086042,0.435296
0.177470,-0.121356,0.309600
0.149189,-0.110433,0.316633
0.148590,-0.121805,0.248398
0.127491,-0.084845,0.166996
0.161309,-0.069581,0.194379
0.087688,-0.086042,0.108188
0.052672,-0.059556,0.043395
-0.012869,-0.022595,0.145148
-0.092326,-0.006584,0.271892
-0.090381,0.006434,0.372448
-0.112378,0.007332,0.454898
-0.149787,0.039804,0.506374
-0.148141,0.037858,0.542137
-0.210839,0.080954,0.600795
-0.132130,0.090980,0.581641
-0.116119,0.047435,0.502633
-0.043545,0.065990,0.392499
0.027084,0.016909,0.308852
0.138415,-0.027982,0.197671
0.108637,0.013617,0.070779
0.139462,-0.010175,0.048183
0.104896,0.031424,0.061351
0.102951,0.036512,0.079458
0.106243,0.142754,0.126144
0.111181,0.180463,0.131083
0.103100,0.135272,0.180164
0.124798,0.070629,0.161010
0.209493,0.008679,0.080954
0.191237,-0.023942,0.073771
0.261118,-0.005836,0.097713
0.277428,-0.061651,0.145597
0.315286,-0.072275,0.193481
0.280122,-0.075268,0.161160
0.230442,-0.034117,0.191087
0.162058,-0.041599,0.185102
0.065541,-0.029329,0.254384
-0.009876,0.023044,0.319027
0.014066,0.040701,0.346561
0.010475,0.057162,0.395642
0.033070,0.084246,0.396839
0.038906,0.023194,0.292691
0.073173,0.058808,0.273538
0.071527,0.048931,0.231639
0.101903,0.033668,0.226851
0.117765,0.039504,0.252139
0.136021,0.022595,0.207847
0.109834,0.018705,0.256778
0.030227,0.001047,0.242413
-0.036960,0.070779,0.363320
-0.117615,0.094122,0.406416
-0.137367,0.137068,0.493804
-0.111630,0.156371,0.493804
-0.141108,0.167594,0.493804
-0.114772,0.134973,0.413598
-0.098462,0.136918,0.395642
-0.088286,0.119411,0.388459
-0.122703,0.099509,0.441281
-0.121506,0.116568,0.486771
-0.032621,0.142904,0.445022
-0.014664,0.101305,0.429610
0.082600,0.090381,0.314838
0.086042,0.041450,0.297031
0.053720,0.034866,0.169090
0.077213,-0.022296,0.093823
0.106542,-0.039504,0.010026
0.114323,0.001646,-0.060454
0.079458,0.009726,-0.128539
0.037858,0.026336,-0.124947
-0.047136,0.061052,-0.152331
-0.127791,0.107141,-0.122404
-0.180762,0.131382,-0.050727
-0.183905,0.104746,0.062997
-0.159214,0.113425,0.115520
-0.135422,0.068085,0.131083
-0.103400,0.027683,0.221913
-0.030676,-0.031723,0.208744
-0.003442,-0.034716,0.228946
0.101005,-0.061501,0.240917
0.111929,-0.089334,0.270694
0.148740,-0.070180,0.268300
0.194529,-0.078410,0.246603
0.221763,-0.086191,0.254982
0.194679,-0.109235,0.312294
0.155473,-0.075417,0.268001
0.087987,-0.028581,0.259621
0.080954,-0.001047,0.253636
-0.002394,0.018854,0.272789
-0.071078,0.038008,0.278775
-0.119261,0.035464,0.287155
-0.091129,0.078111,0.284760
-0.078709,0.120608,0.311097
-0.043395,0.064045,0.233285
-0.020051,0.080056,0.253785
-0.033519,0.023643,0.199916
-0.017957,0.024541,0.175974
-0.007183,0.043395,0.248997
0.049829,0.012121,0.223858
0.122852,0.012270,0.196325
0.212934,0.015562,0.148590
0.177171,-0.004339,0.077961
0.197073,-0.032322,0.056413
0.229694,-0.057012,0.043245
0.223858,-0.027384,0.052822
0.194230,-0.007332,0.052822
0.167444,0.028730,0.088585
0.103100,0.058508,0.211887
0.075268,0.055516,0.235829
0.045789,0.044293,0.287155
-0.010325,0.071826,0.382773
-0.062100,0.075417,0.393547
-0.072724,0.077662,0.422128
-0.099659,0.045639,0.515352
-0.075417,0.037260,0.554856
-0.082301,0.007033,0.516399
0.005686,0.013767,0.530765
-0.003741,0.012869,0.530765
-0.001945,0.011971,0.467318
0.034117,0.010624,0.369306
0.041001,-0.024541,0.272340
0.023792,0.013467,0.277278
0.028132,-0.008829,0.199467
0.039654,0.064494,0.170737
0.095170,0.060304,0.119411
0.074520,0.071826,0.184204
0.042347,0.039804,0.124349
0.048183,0.058508,0.160262
0.052373,0.049829,0.229694
0.013916,0.023343,0.311097
-0.059855,0.033968,0.335039
-0.087987,0.056563,0.447566
-0.121805,0.112228,0.478691
-0.106243,0.198569,0.470311
-0.103849,0.172233,0.467917
-0.116119,0.189591,0.427365
-0.073771,0.136469,0.353294
-0.017807,0.127192,0.213383
0.058808,0.066738,0.101005
0.094122,0.047734,0.080804
0.164452,-0.005237,-0.018405
0.171036,-0.002993,-0.069881
0.195427,-0.053421,-0.013467
0.188843,-0.052972,-0.012270
0.159963,-0.078111,0.058359
0.111480,-0.074370,0.106093
0.101754,-0.044742,0.146794
0.095170,-0.076614,0.295235
0.107889,-0.054767,0.344316
0.039504,-0.047136,0.328604
0.011821,-0.047734,0.348955
0.026486,-0.011522,0.351349
-0.029030,-0.045041,0.408810
0.011073,-0.071976,0.260369
0.061651,-0.081852,0.291494
0.091578,-0.074669,0.162357
0.077363,-0.095170,0.054618
0.045191,-0.081552,0.016460
0.045490,-0.074071,-0.031424
0.005686,-0.045490,-0.036212
0.053121,0.005686,0.010475
0.021847,-0.069581,0.059406
-0.022446,0.037110,0.062997
-0.034117,0.013767,0.113126
-0.069731,0.057012,0.260220
-0.064643,0.039205,0.326060
-0.038607,0.003142,0.367809
-0.065541,0.025738,0.398934
-0.018705,-0.004040,0.430058
-0.039654,-0.039953,0.374842
-0.031424,-0.046986,0.344915
-0.040701,-0.015712,0.246752
0.014365,-0.042946,0.216825
0.011821,0.023942,0.228796
0.062997,-0.003442,0.215628
0.124498,-0.014216,0.147393
0.191686,-0.010475,0.115071
0.184653,-0.057910,0.160561
0.198569,-0.036512,0.161758
0.175675,-0.031424,0.198719
0.171036,0.010175,0.225055
0.161459,-0.023643,0.155623
0.097264,0.011522,0.100556
0.096516,0.005237,0.174627
0.109984,0.028581,0.155473
0.118663,0.020650,0.109984
0.130783,-0.005387,0.137517
0.090680,-0.006285,0.180463
0.084246,-0.064494,0.194679
0.070779,-0.078859,0.186299
0.025588,-0.033519,0.243610
0.010774,-0.058957,0.326060
-0.013168,-0.029778,0.382174
-0.060454,0.022595,0.499341
-0.115371,0.056413,0.542287
-0.136320,0.093224,0.608127
-0.119112,0.088137,0.639102
-0.090231,0.080206,0.617554
-0.057311,0.069432,0.580444
-0.038158,0.017807,0.513556
0.019453,0.065541,0.513556
0.020201,0.004639,0.399981
0.033519,-0.021249,0.391751
0.057162,0.001646,0.358382
0.079009,0.009128,0.188543
0.093374,-0.026037,0.133626
0.106542,-0.017807,0.113425
0.111630,-0.033220,0.036960
0.102651,-0.048333,-0.044293
0.026486,-0.017807,-0.093374
-0.017957,0.008380,-0.008380
-0.048183,0.007033,0.077812
-0.036212,0.038158,0.062249
-0.032322,0.008529,0.100556
0.006285,0.036362,0.117316
0.038756,0.016161,0.064793
0.051775,0.010175,0.083947
0.015712,-0.000150,0.162955
0.017807,0.042796,0.151134
0.012420,0.055665,0.179864
0.020051,0.112527,0.108038
-0.009278,0.125696,0.139163
-0.038307,0.086939,0.133177
-0.021997,0.086640,0.087688
-0.045191,0.078859,0.161758
0.010325,0.096217,0.128239
-0.022895,0.077213,0.114922
-0.025289,0.064943,0.162806
-0.051625,0.035165,0.235679
-0.020949,-0.003591,0.255880
0.022146,-0.025438,0.309600
0.056264,-0.037559,0.371700
0.115969,-0.019453,0.375141
0.083199,-0.075417,0.451606
0.107589,-0.069731,0.465822
0.074669,-0.109385,0.520889
0.018106,-0.055067,0.578200
0.013318,-0.040402,0.527921
0.038607,-0.000449,0.505177
-0.002394,-0.010026,0.442927
0.037110,-0.011821,0.372298
0.043395,-0.062997,0.292093
0.112976,-0.096217,0.191686
0.150087,-0.131980,0.144999
0.164302,-0.152032,0.135422
0.183306,-0.139612,0.118663
0.170886,-0.130783,0.130783
0.103400,-0.121057,0.147543
0.057311,-0.079458,0.112827
0.032771,0.013767,0.181062
0.013767,-0.012869,0.159514
-0.090980,0.027084,0.134375
-0.170288,0.067038,0.131980
-0.231340,0.126743,0.058957
-0.257975,0.196325,0.015862
-0.291793,0.152780,-0.000898
-0.316035,0.141856,-0.021249
-0.241515,0.151284,-0.009427
-0.174627,0.098761,-0.008380
-0.089184,0.078111,-0.017957
-0.045939,0.014216,-0.065990
-0.044293,-0.063147,-0.145148
-0.137966,-0.108188,-0.096367
-0.167893,-0.061202,0.049380
-0.207697,-0.025588,0.210690
-0.255282,-0.005986,0.443825
-0.303465,0.006734,0.511761
-0.334440,-0.017657,0.585682
-0.419883,-0.012270,0.599748
-0.504877,0.005986,0.666486
-0.507720,0.015113,0.745345
-0.551714,-0.011672,0.833631
-0.656161,0.013318,0.913538
-0.584485,-0.016460,1.029507
-0.664391,-0.022895,1.090409
-0.721403,-0.018555,1.188422
-0.723797,-0.046238,1.202637
-0.776769,-0.019004,1.246781
-0.806397,0.016460,1.285088
-0.856825,0.094870,1.257405
-0.852635,0.087388,1.189170
-0.898873,0.067038,1.140089
-0.953042,0.067935,1.015740
-0.976834,0.145747,1.068413
-0.929399,0.169689,1.015890
-0.888548,0.146346,0.913089
-0.805050,0.179266,0.817620
-0.760608,0.200963,0.606032
-0.668880,0.218471,0.554856
-0.669329,0.186598,0.427066
-0.638803,0.172233,0.374842
-0.668431,0.126144,0.293739
-0.666037,0.186448,0.143353
-0.686986,0.185551,-0.048931
-0.767641,0.223559,-0.151433
-0.797120,0.214580,-0.250493
-0.876427,0.298527,-0.321871
-0.930297,0.272191,-0.389656
-0.962469,0.288052,-0.432453
-1.013346,0.309301,-0.444124
-1.067215,0.354342,-0.451157
-1.126472,0.326809,-0.452205
-1.156549,0.280870,-0.461782
-1.162086,0.262165,-0.447416
-1.108665,0.206201,-0.451008
-1.071854,0.127342,-0.505027
-1.033547,0.066439,-0.439486
-1.066318,0.016460,-0.358382
-1.093552,0.001496,-0.124050
-1.156998,0.036212,0.034716
-1.228076,0.070330,0.183905
-1.259051,0.046986,0.329502
-1.278953,0.079757,0.429610
-1.361852,0.084994,0.483030
-1.379808,0.098312,0.517447
-1.409437,0.045191,0.599598
-1.389086,0.017807,0.576404
-1.455675,-0.011821,0.585532
-1.568202,0.025588,0.664092
-1.866430,0.079458,0.852785
-2.013524,0.189441,1.060781
-2.205509,0.262015,1.181389
-2.326416,0.321721,1.376217
-2.430115,0.388010,1.536479
-2.517054,0.341623,1.554435
-2.614019,0.352247,1.501763
-2.677316,0.375590,1.427543
-2.666991,0.428412,1.420510
-2.579004,0.331747,1.304391
-2.381333,0.194679,1.175254
-2.173636,0.091728,1.039981
-1.908628,-0.032172,0.834080
-1.580024,-0.228646,0.673519
-1.372177,-0.453552,0.510414
-1.301847,-0.613215,0.566528
-1.317260,-0.622492,0.788889
-1.302446,-0.620846,1.052102
-1.275361,-0.609624,1.062726
-1.237802,-0.571316,0.884508
-1.269525,-0.555904,0.693121
-1.314417,-0.511162,0.604835
-1.323096,-0.422277,0.546626
-1.270274,-0.394594,0.353294
-1.224485,-0.428263,0.085742
-1.165677,-0.481983,-0.218920
-1.159093,-0.587178,-0.470760
-1.196053,-0.596456,-0.710779
-1.231667,-0.610521,-0.811934
-1.295862,-0.608427,-0.988656
-1.457470,-0.541688,-1.149815
-1.555932,-0.459537,-1.068113
-1.600823,-0.388459,-0.838120
-1.602170,-0.383521,-0.632069
-1.644667,-0.388459,-0.435595
-1.651850,-0.460585,-0.166247
-1.584812,-0.487070,0.088585
-1.495628,-0.487220,0.243011
-1.547552,-0.465822,0.368707
-1.635988,-0.422277,0.537349
-1.615488,-0.349703,0.797120
-1.577779,-0.166846,0.853383
-1.486949,-0.077812,0.847547
-1.350330,-0.075717,0.722001
-1.177798,-0.081104,0.549918
-1.022474,-0.156521,0.339528
-0.880019,-0.291644,0.023792
-0.847098,-0.326809,-0.228347
-0.943465,-0.304812,-0.472256
-1.000028,-0.243909,-0.544980
-1.008258,-0.140210,-0.517148
-0.995389,-0.067935,-0.514454
-0.931344,-0.103699,-0.529717
-1.018883,-0.140659,-0.496049
-1.128118,-0.069282,-0.196773
-1.192312,0.114024,0.188693
-1.178396,0.284311,0.523881
-1.131111,0.335338,0.727388
-1.053299,0.343269,0.682946
-0.966060,0.287903,0.605284
-0.861613,0.231190,0.455647
-0.811634,0.153379,0.355240
-0.655862,0.134973,0.193781
-0.451606,0.047884,0.008380
-0.242263,-0.009726,-0.124199
-0.139013,-0.076465,-0.203058
-0.042497,-0.164601,-0.376339
-0.034267,-0.102502,-0.441880
0.056563,-0.105644,-0.368557
0.115520,-0.132878,-0.452055
0.148889,-0.144101,-0.377685
0.078859,-0.064494,-0.321122
0.034117,0.011223,-0.182109
-0.055216,0.157568,-0.031274
-0.114024,0.266205,0.068235
-0.114622,0.326210,0.043096
-0.133776,0.426318,-0.148441
-0.118812,0.483928,-0.356736
-0.095469,0.524480,-0.617554
-0.116867,0.436044,-0.852336
-0.017358,0.296582,-0.996138
0.107739,0.033818,-0.973542
0.407762,-0.244508,-0.856526
0.756568,-0.516998,-0.708534
0.954538,-0.810138,-0.566528
1.096993,-0.958279,-0.382623
1.183633,-1.047164,-0.280271
1.134103,-1.129764,-0.134823
1.061080,-1.152808,0.014216
1.042974,-1.126472,0.139313
1.021576,-1.094898,0.389058
1.017236,-1.000178,0.713023
1.009006,-0.858321,0.844255
0.919972,-0.701052,0.846350
0.841712,-0.523283,0.592266
0.733075,-0.385466,0.222212
0.632668,-0.262165,-0.174178
0.532710,-0.118812,-0.470161
0.521936,0.010774,-0.824653
0.376189,0.171335,-1.181688
0.366313,0.255731,-1.533785
0.297629,0.286257,-1.783082
0.264410,0.273687,-1.864784
0.341922,0.211887,-1.727566
0.450708,0.025438,-1.225233
0.673519,-0.250942,-0.629675
0.978929,-0.544082,-0.059107
1.182586,-0.762852,0.504279
1.365892,-0.904410,0.945560
1.445649,-0.971896,1.282694
1.474379,-1.035941,1.524209
1.368586,-0.985214,1.597980
1.335516,-0.920720,1.597681
1.273865,-0.846500,1.679981
1.278354,-0.763002,1.664120
1.275361,-0.725742,1.474828
1.315165,-0.739210,1.315315
1.425298,-0.682048,1.081730
1.411981,-0.619350,0.761805
1.418864,-0.549170,0.549769
1.299303,-0.356736,0.498144
1.183185,-0.158317,0.451307
1.037737,0.002394,0.375890
0.887351,0.152181,0.283863
0.694019,0.332644,0.152331
0.572663,0.486921,0.085443
0.456993,0.617704,-0.023194
0.380828,0.592565,0.001047
0.344466,0.562488,0.009876
0.404770,0.520739,-0.029179
0.446070,0.449661,-0.045639
0.452654,0.437391,0.040851
0.427814,0.502333,0.221913
0.361973,0.538845,0.508319
0.234632,0.537199,0.688034
0.110732,0.531662,0.793379
0.035464,0.559794,0.865354
-0.046388,0.568473,0.933589
-0.079308,0.696563,1.196951
-0.097115,0.783203,1.428141
-0.093673,0.801010,1.487099
-0.058508,0.733374,1.443105
-0.004489,0.716914,1.338059
0.089633,0.666785,1.203236
0.206799,0.658705,1.139041
0.243011,0.608277,1.217302
0.331747,0.610072,1.141286
0.313192,0.632668,1.125125
0.353294,0.645387,1.040580
0.335188,0.666037,0.970699
0.295834,0.668730,0.887501
0.196175,0.684742,0.863110
0.083797,0.720954,0.793229
0.025887,0.753575,0.847996
0.014814,0.728735,1.030854
0.138415,0.648529,1.163283
0.309600,0.542736,1.220444
0.442628,0.437391,1.143381
0.454150,0.424372,0.902165
0.385616,0.368857,0.682497
0.399532,0.423624,0.625485
0.518494,0.401927,0.562488
0.698508,0.377087,0.559196
0.802507,0.342820,0.591817
0.927304,0.326509,0.628029
0.943914,0.321122,0.676212
0.906804,0.232387,0.533907
0.884209,0.193332,0.347309
0.918775,0.182408,0.115071
1.015441,0.168492,-0.001047
1.091008,0.214281,0.034716
1.160889,0.253486,0.091877
1.184831,0.264410,0.043844
1.163881,0.289399,0.098611
1.175703,0.290895,0.084994
1.194108,0.283114,0.010475
1.189619,0.276979,-0.047435
1.224485,0.356437,-0.118363
1.313519,0.352247,-0.127192
1.447445,0.270545,0.023493
1.621024,0.136469,0.057910
1.858349,-0.084396,0.003741
2.036867,-0.196474,-0.220416
2.181267,-0.362871,-0.435146
2.213739,-0.361524,-0.632967
2.307113,-0.343119,-0.711078
2.341380,-0.340725,-0.619051
2.413804,-0.334290,-0.318728
2.455553,-0.302418,-0.131831
2.457648,-0.209942,-0.101604
2.454955,-0.213533,-0.065242
2.452710,-0.201861,0.035913
2.457050,-0.321571,0.096367
2.445228,-0.354043,0.203358
2.364723,-0.263063,0.242263
2.304569,-0.095020,0.345513
2.237232,0.084545,0.388908
2.159121,0.184952,0.325611
2.114679,0.268899,0.410755
2.141613,0.270395,0.288501
2.165705,0.261716,0.211588
2.151190,0.252588,0.049680
2.147748,0.258873,-0.279972
2.169446,0.279673,-0.673220
2.222268,0.238971,-1.091457
2.268357,0.197821,-1.307384
2.309956,0.146196,-1.401057
2.328361,0.052672,-1.251719
2.341529,-0.159813,-0.830489
2.439841,-0.398335,-0.337433
2.690185,-0.628029,0.129137
2.892345,-0.823755,0.225803
2.936339,-0.798017,0.439486
2.846406,-0.726640,0.523881
2.774730,-0.505326,0.581941
2.645742,-0.214880,0.638803
2.546682,0.074968,0.629825
2.508225,0.321122,0.728735
2.492514,0.463128,0.728585
2.476053,0.523283,0.728436
2.407519,0.568473,0.753575
2.342278,0.536750,0.655562
2.364125,0.626233,0.504877
2.351405,0.609474,0.305111
2.282572,0.642245,0.047734
2.275539,0.614711,-0.146196
2.205209,0.663194,-0.141408
2.203115,0.631171,-0.191835
2.239028,0.586280,-0.274735
2.246809,0.542736,-0.421080
2.262820,0.440234,-0.554258
2.230498,0.326509,-0.704195
2.300977,0.160412,-0.674716
2.335544,-0.006734,-0.439336
2.541146,-0.212336,0.092925
2.857031,-0.584933,0.734122
3.194015,-0.961721,1.123778
3.399916,-1.247678,1.427393
3.489699,-1.437120,1.662623
3.491794,-1.413477,1.830966
3.319261,-1.277456,1.844882
3.117400,-1.124527,1.856554
2.897583,-0.898873,1.627758
2.687192,-0.649727,1.449390
2.562993,-0.413149,1.186327
2.384326,-0.300472,0.817919
2.217480,-0.166547,0.438737
1.939603,-0.021697,-0.003591
1.782034,0.036811,-0.283264
1.622072,0.073771,-0.425270
1.507000,0.079308,-0.198569
1.436820,0.123900,0.011372
1.441908,0.046537,0.256030
1.349432,0.040402,0.347309
1.257106,-0.006883,0.261567
1.161038,-0.068534,0.315735
1.014094,0.002245,0.291045
0.898574,0.067786,0.369306
0.754024,0.187795,0.336236
0.596755,0.255581,0.358083
0.427066,0.293589,0.368109
0.267253,0.312443,0.366014
0.202011,0.373196,0.451307
0.147692,0.424971,0.558148
0.161459,0.351798,0.708085
0.271592,0.257227,0.719158
0.299574,0.127042,0.768539
0.303764,0.021398,0.801309
0.264709,-0.045490,0.758663
0.236876,-0.206949,0.625186
0.249147,-0.374393,0.432902
0.310199,-0.450708,0.202460
0.340276,-0.505177,0.195726
0.289399,-0.455048,0.193930
0.193781,-0.406266,0.099958
0.103400,-0.260818,0.190339
-0.004190,-0.173430,0.092775
-0.105644,-0.058508,0.016759
-0.267402,0.164901,-0.108338
-0.448913,0.268001,-0.255132
-0.575057,0.409259,-0.291793
-0.640150,0.507720,-0.316484
-0.640000,0.546477,-0.445322
-0.626233,0.552013,-0.476297
-0.631022,0.520739,-0.442478
-0.531513,0.385915,-0.468815
-0.417788,0.194978,-0.424522
-0.276830,-0.030077,-0.465373
-0.147992,-0.272340,-0.355539
-0.158317,-0.389357,-0.154875
-0.163404,-0.458340,0.152331
-0.145298,-0.442478,0.338480
-0.177620,-0.426766,0.487519
-0.272939,-0.494103,0.783652
-0.275782,-0.550816,1.054796
-0.247501,-0.571466,1.256507
-0.247950,-0.508918,1.263241
-0.375441,-0.403423,1.086818
-0.474202,-0.246004,0.899921
-0.602890,-0.064195,0.691475
-0.705990,0.072574,0.492757
-0.822408,0.213683,0.352696
-0.965013,0.377087,0.244957
-1.041927,0.429011,0.041450
-1.155951,0.430208,-0.105794
-1.225981,0.396689,-0.245855
-1.192312,0.381127,-0.398036
-1.158644,0.288501,-0.386215
-1.101033,0.208744,-0.191386
-0.973542,0.051775,0.103998
-0.860267,-0.076016,0.295235
-0.845303,-0.151583,0.494702
-0.794276,-0.136918,0.772130
-0.781557,-0.052972,0.926257
-0.752976,-0.016161,1.032499
-0.823007,0.070330,0.991648
-0.922217,0.090830,0.923264
-1.019331,0.135721,0.704045
-1.109413,0.309899,0.465822
-1.147272,0.349553,0.237176
-1.208773,0.535403,-0.043993
-1.213112,0.619350,-0.182857
-1.237204,0.755071,-0.165948
-1.289726,0.823905,-0.236427
-1.305439,0.873584,-0.290297
-1.268029,0.806247,-0.313042
-1.202039,0.824802,-0.212635
-1.106121,0.761805,-0.133776
-0.975039,0.685640,-0.009577
-0.849044,0.610821,0.075118
-0.746392,0.478840,0.204106
-0.676362,0.358532,0.298228
-0.573262,0.288202,0.453552
-0.506523,0.206201,0.608726
-0.455198,0.098761,0.784400
-0.449362,0.082301,1.007959
-0.420482,-0.000299,1.086668
-0.293888,-0.024690,1.186926
-0.280271,-0.008529,1.263540
-0.191087,0.034267,1.366341
-0.188394,0.118663,1.367538
-0.137218,0.174328,1.212065
-0.130484,0.235380,1.033996
-0.196325,0.278625,0.707487
-0.166098,0.320224,0.415693
-0.183156,0.370353,0.201711
-0.128838,0.373495,0.113575
-0.118962,0.317681,0.033519
-0.102951,0.295085,-0.057162
-0.100706,0.229245,-0.025887
-0.047734,0.161758,0.064045
0.002245,0.011672,0.089334
0.107440,-0.044143,0.195876
0.119860,-0.114772,0.270246
0.139762,-0.136170,0.398335
0.128539,-0.184952,0.421230
0.127042,-0.148740,0.442778
0.112677,-0.115969,0.453701
0.127192,-0.086491,0.452654
0.117316,-0.065691,0.462231
0.131681,-0.039654,0.407314
0.203507,-0.107290,0.417040
0.195427,-0.164152,0.314239
0.218471,-0.199168,0.243760
0.249895,-0.230741,0.167295
0.235829,-0.266355,0.095618
0.194679,-0.233435,0.142455
0.219369,-0.249147,0.025289
0.225354,-0.296881,-0.042796
0.180613,-0.319925,-0.174328
0.148740,-0.251690,-0.207847
0.068085,-0.218471,-0.176572
0.086790,-0.148590,-0.212485
0.056563,-0.110283,-0.142904
0.006285,-0.050428,-0.104597
-0.082001,0.012420,0.019902
-0.183605,0.050877,0.045041
-0.236727,0.129437,0.059556
-0.393397,0.123750,0.109834
-0.454749,0.134375,0.053570
-0.485574,0.117765,0.030825
-0.437840,0.095319,0.054767
-0.358532,0.023643,0.156521
-0.260968,-0.061950,0.167145
-0.151583,-0.154426,0.281917
-0.033818,-0.257077,0.237475
-0.030676,-0.347010,0.307954
0.042497,-0.326809,0.318578
0.053870,-0.324115,0.288501
0.079308,-0.380828,0.324265
0.061351,-0.316184,0.393697
0.033818,-0.302867,0.417489
0.045041,-0.285359,0.393547
-0.032621,-0.295235,0.310947
-0.049829,-0.247501,0.273837
-0.058359,-0.208744,0.206799
-0.135721,-0.117316,0.149338
-0.198719,-0.087538,0.129137
-0.264559,0.015113,0.084845
-0.354940,-0.010026,0.051475
-0.422726,0.063147,-0.014365
-0.407463,0.034716,0.092177
-0.415843,0.059256,0.135272
-0.433949,-0.003442,0.177171
-0.406715,0.046537,0.257227
-0.439486,0.037559,0.358981
-0.381726,0.000898,0.502483
-0.361076,-0.078111,0.628029
-0.307056,-0.088436,0.684143
-0.332794,-0.070779,0.753425
-0.349105,-0.077662,0.915034
-0.350002,0.002394,0.892289
-0.407762,0.060005,0.741604
-0.461183,0.079607,0.636409
-0.561141,0.115371,0.547973
-0.626383,0.161758,0.268151
-0.693870,0.186448,0.144101
-0.725593,0.200215,0.047435
-0.673519,0.115071,-0.015712
-0.552612,0.050129,0.002544
-0.557400,0.040552,0.056563
-0.490063,0.034566,0.093972
-0.528670,0.073023,0.258125
-0.587028,-0.009876,0.373047
-0.573860,-0.071227,0.439037
-0.520440,-0.079607,0.483329
-0.439935,-0.081403,0.435595
-0.403573,-0.061501,0.422577
-0.387112,-0.066289,0.341323
-0.392350,-0.059556,0.201412
-0.385466,-0.036661,0.083199
-0.438588,-0.019752,-0.029179
-0.427515,0.011971,-0.173729
-0.425869,0.060603,-0.301520
-0.435745,0.115670,-0.335936
-0.348207,0.098462,-0.325013
-0.362871,0.082151,-0.414496
-0.327108,0.065092,-0.471807
-0.301969,0.036362,-0.436942
-0.301071,0.004788,-0.398635
-0.322469,-0.007781,-0.338780
-0.311545,-0.013617,-0.281468
-0.307056,-0.039654,-0.293439
-0.302717,-0.024989,-0.207547
-0.260818,-0.014066,-0.036512
-0.225504,-0.012270,0.030227
-0.225205,0.002693,0.071976
-0.210839,0.033519,0.021398
-0.170288,0.017059,-0.007632
-0.133327,-0.038158,0.042497
-0.098611,-0.073472,0.149937
-0.055067,-0.061950,0.249147
-0.044742,-0.033519,0.309899
-0.088585,-0.015263,0.325163
-0.143353,0.041450,0.430358
-0.244358,0.116268,0.512808
-0.288052,0.237026,0.607229
-0.294636,0.269797,0.486322
-0.401627,0.293888,0.523432
-0.527622,0.402525,0.384718
-0.623839,0.524629,0.269946
-0.713023,0.572962,0.297629
-0.798167,0.621295,0.284760
-0.818817,0.637307,0.205901
-0.812383,0.622492,0.240917
-0.752378,0.501136,0.390853
-0.645686,0.404770,0.501136
-0.552312,0.265008,0.614861
-0.416741,0.082151,0.736965
-0.257377,0.025289,0.832584
-0.094721,-0.097564,0.944961
0.035614,-0.235679,1.018883
0.104297,-0.292841,1.031751
0.145897,-0.282516,0.952443
0.132729,-0.242263,0.888847
0.152481,-0.174777,0.733075
0.090680,-0.118663,0.625336
0.110582,-0.037260,0.386065
0.107440,0.018106,0.254683
0.116119,0.057311,0.104148
0.106692,0.067636,-0.031873
0.099060,0.060304,-0.181211
0.060753,0.023643,-0.292093
0.084246,0.052224,-0.297779
0.085144,0.003442,-0.241365
0.096367,0.006434,-0.246004
0.082001,-0.083199,-0.157419
0.174328,-0.103998,-0.054468
0.228497,-0.088885,0.072275
0.246004,-0.140809,0.234781
0.248698,-0.145597,0.380678
0.229544,-0.090980,0.449960
0.206799,-0.086491,0.428263
0.179415,-0.073023,0.328903
0.119560,-0.074520,0.267702
0.112228,-0.103250,0.254534
0.133028,-0.098910,0.189890
0.103998,-0.112677,0.161160
0.097564,-0.112677,0.162506
0.031274,-0.053121,0.060753
-0.052523,-0.058209,0.109834
-0.096816,-0.025438,0.078709
-0.200814,-0.004938,0.077512
-0.246303,0.065392,0.161459
-0.301819,0.123301,0.184054
-0.373196,0.195127,0.258274
-0.490662,0.209343,0.373196
-0.519991,0.177021,0.400730
-0.538097,0.196175,0.494253
-0.532560,0.201562,0.530166
-0.539294,0.182259,0.522983
-0.502483,0.149189,0.518195
-0.512808,0.149189,0.497844
-0.470161,0.082750,0.508618
-0.444573,0.106542,0.403124
-0.454749,0.089932,0.398335
-0.437091,0.096067,0.336086
-0.423325,0.103100,0.342072
-0.453552,0.126743,0.233135
-0.476147,0.117166,0.150535
-0.430956,0.079158,0.025887
-0.424223,0.016909,-0.043545
-0.360028,0.033070,-0.144101
-0.276530,0.000299,-0.156222
-0.275932,0.008829,-0.057012
-0.344017,-0.023942,0.142904
-0.347459,0.004938,0.311545
-0.383671,-0.067038,0.396540
-0.383820,-0.075118,0.344915
-0.379331,-0.114024,0.458639
-0.305410,-0.157119,0.407164
-0.255431,-0.174926,0.344915
-0.251092,-0.166247,0.329502
-0.230143,-0.147094,0.361674
-0.264410,-0.130634,0.262315
-0.273986,-0.090980,0.190339
-0.246453,-0.086491,0.239420
-0.212186,-0.113126,0.253636
-0.153528,-0.117017,0.253486
-0.148889,-0.107889,0.249895
-0.150087,-0.056563,0.207847
-0.148740,-0.013467,0.095469
-0.182708,-0.009427,-0.037409
-0.172682,0.041001,-0.120009
-0.241665,0.139013,-0.085144
-0.252139,0.155922,-0.084994
-0.297330,0.200215,-0.108936
-0.306009,0.193781,-0.208146
-0.276381,0.200814,-0.124199
-0.226551,0.187646,-0.224606
-0.190489,0.138116,-0.158765
-0.172981,0.079308,-0.087089
-0.138564,0.107889,-0.087239
-0.110881,0.099060,0.079009
-0.054169,0.043844,0.144550
-0.037559,0.021548,0.266355
0.066589,-0.013767,0.317531
0.011372,-0.013467,0.420182
0.001646,-0.007931,0.439186
-0.034117,0.057760,0.544232
-0.091877,0.013916,0.508169
-0.103998,0.059705,0.447117
-0.081253,0.080954,0.410007
-0.069282,0.025738,0.256628
-0.066888,0.076614,0.194379
-0.095170,0.051475,0.176423
-0.100706,0.080355,0.068534
-0.083498,0.103549,0.117615
-0.069432,0.059556,0.118663
-0.068235,0.063596,0.268151
-0.069881,0.074520,0.341024
-0.112378,0.072724,0.491709
-0.132579,0.079158,0.533458
-0.162955,0.048483,0.623091
-0.180014,0.062100,0.574010
-0.108038,0.021249,0.516549
-0.071377,0.013168,0.445920
-0.023792,-0.004040,0.290297
0.044442,-0.013168,0.261567
0.025139,-0.014814,0.251990
-0.006584,-0.019303,0.298527
-0.028730,-0.041749,0.384569
-0.047285,-0.001496,0.506673
-0.068085,-0.056862,0.501735
-0.074370,-0.039804,0.513556
-0.047136,-0.050578,0.493206
-0.027384,-0.035614,0.481235
-0.035314,-0.069432,0.457293
0.027833,-0.008829,0.362722
0.011821,-0.039205,0.249147
0.015263,-0.031574,0.149787
0.067038,-0.034117,0.055216
0.038307,-0.003891,-0.066888
0.063297,-0.012570,-0.129137
0.018256,0.047285,-0.165050
-0.007781,0.080655,-0.132729
-0.058508,0.112527,-0.113575
-0.120907,0.095768,-0.080206
-0.100407,0.135572,-0.094571
-0.122852,0.064344,0.004639
-0.113276,0.070928,0.089633
-0.146196,0.048632,0.143353
-0.096666,0.066589,0.167295
-0.138265,0.109235,0.222361
-0.145448,0.095768,0.179266
-0.136619,0.100556,0.211588
-0.128090,0.072574,0.176722
-0.083348,0.001796,0.171934
-0.022595,0.031873,0.198120
0.072125,0.031873,0.184802
0.097115,-0.019154,0.323517
0.099659,-0.062698,0.332944
0.136619,-0.056264,0.487220
0.148590,-0.086042,0.578050
0.191536,-0.148141,0.689231
0.168642,-0.115221,0.668880
0.179864,-0.067786,0.745345
0.120458,-0.024391,0.713023
0.110881,-0.029329,0.564583
0.070928,-0.005088,0.459387
0.043844,0.033070,0.407912
0.031873,0.071227,0.343418
-0.005088,0.139762,0.184354
-0.087388,0.151284,0.110133
-0.085742,0.230592,0.087538
-0.144400,0.202759,0.105495
-0.094721,0.200365,0.063746
-0.122553,0.169090,0.094870
-0.111181,0.145448,0.135572
-0.062848,0.106542,0.124947
-0.061351,0.049979,0.151284
0.008080,-0.000150,0.193182
0.017508,-0.050129,0.250643
0.026635,0.016759,0.262464
0.053870,-0.007033,0.306757
0.038158,-0.038158,0.284012
0.007033,-0.059705,0.299425
0.036960,-0.038607,0.239570
0.020650,0.019603,0.263512
0.033519,0.062997,0.364218
0.012270,0.105345,0.327108
-0.049829,0.111330,0.314089
-0.083498,0.092626,0.257975
-0.107141,0.097264,0.259322
-0.120907,0.091279,0.247650
-0.112079,0.114473,0.149638
-0.148740,0.059256,0.189142
-0.098761,0.094272,0.283863
-0.118663,0.103549,0.329502
-0.153379,0.096965,0.407314
-0.211438,0.091279,0.425420
-0.241515,0.098761,0.375291
-0.251690,0.152630,0.350302
-0.298228,0.178967,0.309750
-0.287753,0.222511,0.218920
-0.256030,0.191536,0.049081
-0.217723,0.144101,-0.080056
-0.186897,0.144849,-0.211438
-0.178967,0.143203,-0.219818
-0.168492,0.108487,-0.327407
-0.128988,0.109385,-0.313042
-0.084246,0.110881,-0.218471
-0.034417,0.000599,-0.157419
0.004788,-0.047435,-0.103699
0.030077,-0.055516,-0.039205
0.003442,-0.080056,0.032471
0.015562,-0.189740,0.156820
0.043395,-0.120608,0.216526
0.079607,-0.126444,0.295385
0.073921,-0.131980,0.344316
0.039504,-0.111929,0.365714
0.005088,-0.063746,0.352546
-0.026785,-0.020351,0.393098
-0.054019,-0.023792,0.448165
-0.057311,-0.052074,0.455198
-0.060454,0.011522,0.432453
-0.036362,0.009577,0.429011
-0.087239,0.007332,0.431405
-0.078410,0.006135,0.379930
-0.062549,-0.006584,0.292542
-0.014515,-0.016011,0.163255
-0.005686,-0.005836,0.133327
-0.028431,0.027384,-0.027084
-0.032471,0.022146,-0.086939
-0.029479,0.022296,-0.119261
-0.025289,0.035165,-0.112228
0.052822,-0.008529,-0.019004
0.105794,-0.020949,0.082600
0.126743,-0.045789,0.089633
0.109984,-0.055366,0.067935
0.079906,-0.034866,0.046238
0.051176,-0.046837,0.077213
0.047136,-0.032322,0.134524
-0.015712,-0.052672,0.202609
0.001945,-0.014664,0.195427
-0.031574,-0.002544,0.268300
-0.040103,-0.002693,0.207098
-0.039055,-0.030825,0.196025
-0.018106,-0.049231,0.374244
0.016759,-0.041300,0.441132
0.010325,-0.054767,0.457741
0.040402,-0.039654,0.506673
0.010325,-0.005986,0.511312
0.022146,-0.000449,0.501585
0.021997,-0.018106,0.460884
-0.012420,0.031125,0.449960
-0.022595,0.062997,0.309899
-0.011821,0.092177,0.279972
-0.000449,0.085144,0.188992
-0.008679,0.102053,0.097863
-0.032771,0.110133,0.203208
-0.033818,0.072724,0.279822
-0.027384,0.037409,0.484377
-0.034566,0.039654,0.656610
-0.073322,0.022595,0.771382
-0.144999,0.053421,0.759411
-0.187496,0.118812,0.851588
-0.215179,0.161609,0.843208
-0.216226,0.187047,0.779762
-0.248398,0.232088,0.727239
-0.198419,0.168791,0.615908
-0.269946,0.192733,0.435146
-0.211737,0.214131,0.350302
-0.199317,0.230442,0.252289
-0.147692,0.190938,0.169689
-0.067636,0.105345,0.108637
0.022895,0.054767,0.024840
0.042048,0.065392,-0.048183
0.010624,0.036811,-0.057760
0.044442,0.035464,-0.134225
0.023044,-0.000599,-0.106692
0.039504,-0.018106,-0.076764
0.076614,-0.093224,-0.112677
0.078560,-0.099060,-0.049231
0.077363,-0.103400,0.035614
0.020201,-0.075118,0.107440
-0.005686,-0.064793,0.181660
-0.013767,-0.060603,0.164901
-0.023194,-0.036811,0.186448
-0.068384,-0.017508,0.145747
-0.060903,0.023044,0.207996
-0.074968,0.019752,0.174477
-0.031723,0.031723,0.175675
-0.054169,0.011971,0.177919
-0.064793,0.030526,0.125247
-0.024241,0.026037,0.089334
-0.078111,0.036063,-0.017208
-0.108787,0.012869,-0.061501
-0.135422,0.049829,-0.032920
-0.120458,0.052822,0.029329
-0.090680,0.038008,0.134674
-0.076914,0.012270,0.115520
0.000449,-0.070779,0.147692
-0.008080,-0.095469,0.181211
0.023942,-0.085144,0.238672
0.025738,-0.144101,0.272041
-0.011223,-0.138864,0.304363
-0.024840,-0.103998,0.310199
-0.046088,-0.110433,0.409408
-0.016909,-0.075717,0.406865
0.051775,-0.131382,0.400730
0.095469,-0.111779,0.449511
0.072425,-0.082001,0.438588
0.061800,-0.102352,0.415693
0.122852,-0.111779,0.306607
0.218621,-0.084246,0.189142
0.273238,-0.175974,0.138564
0.366462,-0.175076,0.067786
0.418686,-0.214281,0.020949
0.440982,-0.206500,-0.042796
0.471807,-0.179116,-0.113575
0.493804,-0.167893,-0.159364
0.517746,-0.169390,-0.099659
0.578200,-0.180912,-0.012570
0.621445,-0.213084,0.010026
0.654515,-0.224008,0.040851
0.693121,-0.243760,0.123301
0.695366,-0.212934,0.159065
0.693720,-0.131831,0.235530
0.673669,-0.112079,0.224606
0.613813,-0.047884,0.204255
0.563086,0.039205,0.140659
0.512958,0.110133,0.053271
0.499490,0.164601,0.066439
0.437989,0.260220,0.035464
0.429011,0.327257,0.116867
0.392051,0.393697,0.232986
0.430657,0.432902,0.285808
0.392200,0.478391,0.422277
0.426766,0.474950,0.497695
0.487669,0.528670,0.536152
0.559196,0.523582,0.555305
0.638204,0.513706,0.677559
0.750881,0.534356,0.848745
0.892139,0.552761,1.088314
1.028459,0.511012,1.230919
1.222988,0.426916,1.506402
1.412130,0.319626,1.670554
1.606509,0.247950,1.985392
1.798345,0.054468,2.300379
1.997662,0.031274,2.708740
2.140416,-0.190489,2.932747
2.290204,-0.317531,3.174562
2.402581,-0.429310,3.271527
2.550124,-0.515053,3.317167
2.590676,-0.518195,3.334075
2.569727,-0.461632,3.232621
2.524686,-0.436194,2.929007
2.497601,-0.454001,2.523788
2.556708,-0.420033,2.025495
2.552069,-0.349553,1.545308
2.522441,-0.314688,1.109712
2.507627,-0.294636,0.650325
2.437896,-0.192434,0.219967
2.336292,-0.083199,-0.163554
2.251747,0.032621,-0.410456
2.208950,0.204854,-0.647632
2.184859,0.276530,-0.830638
2.201618,0.366762,-1.104774
2.234688,0.401777,-1.181239
2.197877,0.471508,-1.220744
2.100762,0.503531,-1.143082
2.043152,0.459387,-1.077391
2.000804,0.531214,-1.046565
2.003797,0.554258,-0.951097
1.977611,0.522385,-1.007809
1.927781,0.578798,-0.936582
1.826626,0.535553,-0.816273
1.679383,0.567127,-0.636109
1.620875,0.430807,-0.475249
1.655291,0.237325,-0.228197
1.788918,0.033968,-0.181211
1.938705,-0.148441,-0.034866
1.996465,-0.200664,0.126893
1.997363,-0.227898,0.246902
1.977760,-0.210690,0.290297
1.941548,-0.123900,0.246303
1.874061,-0.101305,0.169090
1.828871,0.009726,-0.023942
1.764078,0.067786,-0.161908
1.693000,0.235380,-0.334290
1.608305,0.426617,-0.398784
1.528399,0.542287,-0.698957
1.438466,0.704943,-1.088614
1.308581,0.840365,-1.401655
1.267431,0.871789,-1.598728
1.255310,0.973093,-1.560122
1.314566,0.950348,-1.435474
1.317559,0.887351,-1.276558
1.274015,0.732027,-1.022174
1.253963,0.619500,-0.833930
1.277157,0.530615,-0.661398
1.310377,0.367660,-0.400730
1.484555,0.307505,-0.202310
1.529296,0.189142,0.078410
1.530493,0.203806,0.229694
1.389535,0.228197,0.298228
1.241843,0.260818,0.321422
1.073201,0.359430,0.199766
0.984316,0.468366,0.177620
0.831387,0.576105,-0.068384
0.841263,0.651223,-0.303315
0.896928,0.679804,-0.541838
0.950348,0.594660,-0.638204
0.905607,0.573860,-0.649727
0.873435,0.521038,-0.588674
0.778265,0.465223,-0.522834
0.704793,0.384718,-0.389207
0.773327,0.282366,-0.535553
0.814627,0.223858,-0.665438
0.911592,0.083947,-1.051354
0.827346,0.011971,-1.283292
0.850390,-0.101454,-1.523760
0.879271,-0.143054,-1.667412
0.939724,-0.211737,-1.704971
0.971597,-0.306159,-1.697339
0.893785,-0.313192,-1.842039
0.750133,-0.412252,-1.977611
0.605583,-0.534206,-2.052878
0.490213,-0.632668,-1.863886
0.473154,-0.843657,-1.461361
0.593762,-0.992995,-1.018434
0.677559,-1.108366,-0.539743
0.685340,-1.205780,-0.070779
0.580594,-1.260248,0.318130
0.462081,-1.332074,0.875979
0.377087,-1.256956,1.423353
0.407314,-1.229722,2.069339
0.499191,-1.165527,2.549675
0.732177,-1.178995,2.767248
1.012298,-1.256657,2.632275
1.184980,-1.339705,2.047641
1.253215,-1.387440,1.398812
1.170765,-1.361553,0.647183
0.946009,-1.288230,0.107589
0.640599,-1.160889,-0.231938
0.560842,-0.946458,-0.188543
0.617105,-0.843208,-0.083947
0.722151,-0.768539,-0.073921
0.732027,-0.785597,-0.181361
0.629675,-0.799065,-0.243311
0.438438,-0.850989,-0.225205
0.336236,-0.886004,-0.105495
0.314838,-0.951246,0.077662
0.378733,-0.999430,0.241515
0.454001,-1.056741,0.369455
0.345364,-1.042226,0.477045
0.176872,-0.983718,0.834679
-0.028730,-0.870292,1.260846
-0.113425,-0.802955,1.718139
-0.153827,-0.721253,1.961300
-0.117466,-0.694318,2.135179
-0.098312,-0.669479,2.145354
-0.237774,-0.642095,2.141165
-0.431704,-0.520739,2.134880
-0.576703,-0.438737,2.145504
-0.721852,-0.340874,1.968333
-0.745046,-0.219518,1.803432
-0.745495,-0.120608,1.554735
-0.901417,-0.090381,1.198448
-1.168670,-0.005088,0.990751
-1.518672,0.150685,0.907402
-1.794005,0.298078,0.775123
-1.908029,0.455198,0.722001
-1.912069,0.571466,0.541838
-1.883638,0.623690,0.415693
-1.894711,0.625336,0.277727
-2.028787,0.664990,0.219818
-2.134281,0.676811,0.298377
-2.217929,0.674267,0.427066
-2.211045,0.685939,0.509217
-2.159869,0.614412,0.410606
-2.100463,0.444573,0.185251
-1.968183,0.202011,-0.070180
-1.762731,-0.068534,-0.270545
-1.594389,-0.299724,-0.354791
-1.436222,-0.480486,-0.417639
-1.292869,-0.558148,-0.567875
-1.324143,-0.563236,-0.859369
-1.465551,-0.529867,-1.075446
-1.692252,-0.552761,-1.310975
-1.903540,-0.362273,-1.271471
-1.996166,-0.208894,-0.975936
-2.031031,-0.083199,-0.690129
-2.050035,0.013617,-0.364966
-2.178275,0.125247,-0.060154
-2.284368,0.178667,0.253935
-2.423531,0.188394,0.574160
-2.625691,0.248997,1.021127
-2.705448,0.301969,1.572242
-2.763358,0.366462,2.116175
-2.735974,0.421828,2.497302
-2.648735,0.399383,2.668936
-2.546533,0.343269,2.709039
-2.499547,0.262764,2.568380
-2.357241,0.138116,2.304419
-2.320430,0.067935,1.971326
-2.292299,-0.014066,1.540220
-2.208202,-0.058508,1.057788
-2.061408,-0.094272,0.524330
-1.864784,-0.153229,0.008978
-1.607257,-0.295534,-0.433051
-1.481712,-0.393098,-0.972046
-1.439065,-0.486322,-1.283591
-1.297208,-0.512359,-1.416769
-1.320253,-0.438887,-1.512986
-1.329979,-0.363021,-1.500416
-1.377564,-0.238223,-1.361104
-1.563414,-0.141408,-1.061529
-1.755100,-0.023643,-0.877026
-2.054973,0.054917,-0.677260
-2.320580,0.142305,-0.576853
-2.622848,0.233135,-0.335188
-2.854188,0.291344,-0.173879
-2.978537,0.311545,0.013617
-3.106926,0.362722,0.135422
-3.208679,0.322469,0.237924
-3.325696,0.278924,0.196624
-3.332579,0.266804,0.188992
-3.218705,0.253037,0.147842
-3.140295,0.268151,0.063596
-2.997690,0.200365,-0.165649
-2.822614,0.073921,-0.281019
-2.638410,-0.019004,-0.310199
-2.380585,-0.094571,-0.379930
-2.091335,-0.225354,-0.485724
-1.967585,-0.349553,-0.523283
-1.999458,-0.365415,-0.468515
-1.999907,-0.366313,-0.145747
-1.916110,-0.351948,0.237026
-1.701828,-0.394295,0.642694
-1.430536,-0.413149,0.977882
-1.304391,-0.436942,1.041178
-1.257704,-0.499490,1.071106
-1.335665,-0.583287,1.119140
-1.557578,-0.516699,1.104924
-1.828123,-0.399832,1.148319
-2.008436,-0.194080,1.175104
-2.219724,-0.041899,1.244237
-2.332401,0.126593,1.265635
-2.395698,0.248398,1.189320
-2.497152,0.321871,1.151761
-2.444181,0.381277,0.992546
-2.285565,0.369156,0.940323
-2.077419,0.269048,0.841562
-1.882890,0.143054,0.630423
-1.739986,0.016610,0.376189
-1.614590,-0.100556,0.166098
-1.556680,-0.115670,-0.158915
-1.590797,-0.158317,-0.487968
-1.586757,-0.144101,-0.747739
-1.507898,-0.143203,-0.995988
-1.514931,-0.056114,-1.065120
-1.466598,0.061202,-1.176600
-1.579425,0.191536,-1.205780
-1.750760,0.316932,-1.230470
-1.972373,0.430956,-1.184681
-2.218378,0.594660,-1.011999
-2.505532,0.723797,-0.790236
-2.621202,0.887351,-0.513257
-2.617910,0.915333,-0.132130
-2.720262,0.946757,0.076764
-2.886360,1.025766,0.262165
-3.105280,1.010353,0.480037
-3.252224,1.059734,0.791433
-3.365051,1.091906,1.056442
-3.268983,1.122731,1.352724
-3.010110,1.060182,1.416470
-2.745251,0.943315,1.247678
-2.402133,0.793079,1.033098
-2.075174,0.628328,0.666935
-1.736096,0.516100,0.256180
-1.406145,0.417190,-0.109535
-1.113005,0.350002,-0.387262
-0.911892,0.301221,-0.636558
-0.820463,0.228646,-0.637007
-0.776918,0.227150,-0.685640
-0.803554,0.253636,-0.614412
-0.828543,0.198868,-0.479738
-0.798766,0.126893,-0.320973
-0.769137,0.103250,-0.042347
-0.674417,0.020650,0.254384
-0.521786,-0.037409,0.585981
-0.360926,-0.113425,0.692523
-0.328006,-0.158167,0.723947
-0.260519,-0.155025,0.763601
-0.234931,-0.088885,0.744896
-0.240019,-0.029778,0.716914
-0.216226,0.008380,0.615908
-0.260070,0.094272,0.434997
-0.338031,0.121506,0.249296
-0.387861,0.139462,0.011223
-0.501286,0.187197,-0.228197
-0.697910,0.258424,-0.373944
-0.919972,0.368707,-0.363919
-1.079037,0.471508,-0.243610
-1.192462,0.573860,0.019154
-1.165976,0.575955,0.192135
-1.083376,0.503231,0.421080
-1.006014,0.376937,0.378134
-0.856077,0.257975,0.401927
-0.775272,0.130035,0.369006
-0.902913,0.083797,0.416292
-1.077840,0.216226,0.627879
-1.137545,0.354791,0.923563
-1.159243,0.551564,1.109563
-0.980426,0.680701,1.041178
-0.802955,0.697012,0.998382
-0.618602,0.568174,0.838569
-0.410157,0.423923,0.754473
-0.118214,0.261567,0.643741
0.112527,0.095618,0.383222
0.287454,-0.025887,0.343718
0.362273,-0.136918,0.278625
0.430657,-0.158317,0.266953
0.568473,-0.276081,0.169539
0.792930,-0.324714,0.035464
0.939275,-0.403423,-0.180613
0.967108,-0.469712,-0.398335
0.836474,-0.537349,-0.482432
0.615908,-0.533608,-0.472107
0.402525,-0.480486,-0.391003
-0.008380,-0.345663,-0.177919
-0.331148,-0.181361,0.137517
-0.685640,-0.014365,0.404321
-0.957681,0.110433,0.590470
-1.036540,0.220865,0.782006
-0.940772,0.231040,0.984915
-0.672322,0.190339,1.062577
-0.350751,0.008529,1.039832
0.041150,-0.275034,1.007660
0.390554,-0.527173,0.969203
0.654665,-0.718709,0.962918
0.999130,-0.900070,0.869993
1.226131,-1.027711,0.868646
1.455675,-1.068562,0.812831
1.577929,-1.113005,0.641347
1.614889,-1.059734,0.558148
1.457620,-0.970699,0.480636
1.172710,-0.739509,0.563535
0.904559,-0.528670,0.664391
0.601543,-0.369755,0.699556
0.393098,-0.161459,0.743250
0.207847,-0.040103,0.724994
-0.016610,-0.010924,0.607678
-0.148740,0.075118,0.574459
-0.218621,0.118812,0.510264
-0.324115,0.115221,0.447566
-0.369605,0.139313,0.507122
-0.336236,0.190938,0.499939
-0.345064,0.161309,0.502483
-0.293140,0.155473,0.522086
-0.203058,0.138864,0.746392
0.019154,0.084246,0.878672
0.203956,-0.033818,0.888548
0.384569,-0.135871,0.812233
0.516549,-0.273837,0.622941
0.487070,-0.293439,0.463428
0.458939,-0.294487,0.445022
0.513257,-0.216526,0.488567
0.567575,-0.182708,0.540341
0.625336,-0.127342,0.472256
0.672471,-0.113874,0.244807
0.610970,-0.137966,0.018555
0.576254,-0.130035,-0.120309
0.579846,-0.031125,-0.304662
0.476745,0.003292,-0.310648
0.407912,0.089034,-0.317531
0.381875,0.161609,-0.191536
0.355539,0.209044,-0.025738
0.368258,0.166098,0.143802
0.405967,0.132429,0.352845
0.453701,0.112228,0.419434
0.467917,0.050278,0.438289
0.489614,0.010325,0.446369
0.510414,0.055366,0.483329
0.646734,0.052972,0.442478
0.667084,0.091877,0.341772
0.573112,0.069731,0.076016
0.477344,0.091279,-0.020949
0.383072,0.124648,-0.138116
0.277428,0.205752,-0.201412
0.142006,0.300622,-0.220117
0.051924,0.357484,-0.377685
0.023792,0.426168,-0.398485
-0.013617,0.407463,-0.313940
0.024989,0.316035,-0.201861
0.125097,0.239570,-0.253785
0.201263,0.163704,-0.271293
0.222361,0.124199,-0.324714
0.242114,0.129885,-0.337582
0.147543,0.136769,-0.327856
0.055815,0.200365,-0.238073
-0.016011,0.226851,-0.150685
-0.115371,0.270844,-0.031125
-0.122852,0.261417,0.065691
-0.172233,0.262015,0.110881
-0.138864,0.262015,0.189740
-0.073472,0.234332,0.336685
0.012270,0.157568,0.351948
0.158167,0.094272,0.511012
0.325761,0.013018,0.550068
0.407912,-0.111181,0.552163
0.456395,-0.142455,0.608127
0.532710,-0.206949,0.597054
0.523881,-0.218172,0.627879
0.448464,-0.162955,0.694917
0.417938,-0.133776,0.722600
0.383671,-0.072425,0.743100
0.324265,-0.046687,0.701651
0.279373,-0.019752,0.591966
0.200963,-0.041899,0.509815
0.188843,-0.013916,0.443227
0.227000,-0.058808,0.347758
0.311396,-0.040701,0.285808
0.414197,-0.022745,0.268001
0.439935,-0.077363,0.067038
0.470461,-0.104148,0.009427
0.512060,-0.108338,-0.031424
0.616058,-0.144999,-0.024391
0.744297,-0.148889,-0.039055
0.792181,-0.171485,-0.031125
0.817620,-0.192883,0.069133
0.798317,-0.181660,0.037559
0.754024,-0.201562,-0.035614
0.658106,-0.132878,0.073173
0.536750,-0.021398,0.275483
0.426617,0.110133,0.482881
0.361824,0.201412,0.638953
0.288950,0.271592,0.717363
0.241515,0.231040,0.732476
0.155324,0.238971,0.670975
0.140959,0.233435,0.514903
0.147243,0.220416,0.465373
0.179715,0.253336,0.295834
0.232686,0.276530,0.089184
0.316932,0.277129,-0.026785
0.336236,0.274136,-0.155922
0.339378,0.248997,-0.325911
0.341174,0.264859,-0.421679
0.335039,0.276530,-0.436194
0.218022,0.288651,-0.304662
0.151882,0.347459,-0.068983
0.127940,0.401627,0.124947
0.056563,0.409408,0.289100
0.088885,0.370652,0.369455
0.080206,0.366313,0.412850
0.048931,0.346561,0.395343
-0.025139,0.297180,0.368109
0.004190,0.321272,0.385167
0.010924,0.378583,0.414197
0.057311,0.319177,0.291195
0.055067,0.326360,0.255581
0.113276,0.274884,0.241365
0.263362,0.268151,0.248698
0.387262,0.186299,0.236727
0.445770,0.134375,0.058359
0.515801,0.093524,-0.041150
0.577003,0.077961,-0.074819
0.617854,0.061950,0.007632
0.715268,0.015113,0.018106
0.790984,-0.027384,0.065691
0.778415,-0.071976,0.040103
0.710479,-0.073622,0.037110
0.670526,-0.034267,0.036512
0.674417,-0.027084,0.015562
0.637755,-0.027084,-0.012570
0.543484,-0.011522,0.033519
0.441431,0.012121,0.078410
0.373196,0.054917,0.244358
0.352845,0.029030,0.404321
0.356586,-0.005986,0.479439
0.344615,-0.056563,0.469563
0.308702,-0.061651,0.528071
0.300323,-0.022446,0.595109
0.286855,-0.013467,0.662146
0.340426,0.013018,0.622792
0.386514,-0.019603,0.612167
0.416591,-0.054917,0.508169
0.493206,-0.125696,0.470161
0.509067,-0.167594,0.399682
0.552462,-0.173729,0.276530
0.456844,-0.168342,0.229993
0.392350,-0.148590,0.215777
0.296432,-0.093224,0.169240
0.193781,-0.030376,0.060454
0.144400,0.069432,0.047734
0.132729,0.079009,-0.036811
0.189441,0.052672,-0.021847
0.224307,0.020351,-0.009278
0.279523,-0.035314,0.042796
0.349553,-0.095618,0.118663
0.265158,-0.083797,0.016310
0.281768,-0.064494,0.096965
0.282067,-0.055366,0.110582
0.250493,-0.041899,-0.020650
0.243760,-0.003442,-0.088585
0.196325,0.023044,-0.122852
0.109535,0.013168,-0.177620
0.060005,0.115071,-0.219219
-0.032322,0.128090,-0.154276
-0.102801,0.137667,-0.085892
-0.124199,0.150535,-0.073921
-0.153079,0.106243,-0.032022
-0.223409,0.160412,0.054169
-0.226851,0.180313,0.192883
-0.172831,0.190040,0.262165
-0.173729,0.170288,0.426168
-0.202909,0.205452,0.527921
-0.211588,0.222661,0.639252
-0.183306,0.203657,0.683694
-0.146794,0.177171,0.634763
-0.094122,0.202160,0.642245
-0.058658,0.155922,0.567127
-0.028581,0.172383,0.390255
-0.031125,0.124798,0.316334
0.058957,0.121805,0.207847
0.112378,0.115520,0.167295
0.106841,0.092925,-0.032322
0.043844,0.159813,-0.215329
-0.091279,0.200963,-0.231938
-0.144251,0.284162,-0.095319
-0.268600,0.322768,0.031723
-0.320673,0.325462,0.108487
-0.319925,0.375141,0.241515
-0.276381,0.317681,0.281169
-0.177171,0.259472,0.270545
-0.069581,0.165649,0.276680
0.047585,0.079458,0.239570
0.193481,0.015562,0.213234
0.367510,-0.022895,0.165200
0.523582,-0.117166,0.119560
0.609175,-0.183306,0.137218
0.721852,-0.220117,0.060304
0.716315,-0.235081,-0.093224
0.636708,-0.235530,-0.221464
0.577601,-0.147543,-0.200215
0.471807,-0.114622,-0.188394
0.409857,-0.092925,-0.144251
0.324414,-0.045191,-0.046088
0.227300,-0.044592,0.022146
0.158616,0.000150,0.171784
0.099060,-0.050727,0.279673
0.062249,-0.024391,0.339528
0.106243,-0.036212,0.367211
0.120608,-0.064494,0.395941
0.143802,-0.076166,0.419883
0.224456,-0.025139,0.405518
0.193631,-0.057012,0.371999
0.198120,-0.105195,0.342072
0.186000,-0.064643,0.310797
0.209792,-0.083947,0.297629
0.281468,-0.083647,0.260369
0.291045,-0.102801,0.198120
0.299724,-0.145897,0.195726
0.251541,-0.159963,0.134823
0.211288,-0.121655,0.242563
0.182857,-0.075268,0.274884
0.130783,-0.058808,0.423474
0.089334,-0.077213,0.526425
0.037110,-0.060753,0.569670
0.000150,-0.098611,0.560094
0.032920,-0.055366,0.492008
0.011522,-0.078410,0.441880
-0.001796,-0.045490,0.437091
0.019154,0.032022,0.348656
0.061351,0.019453,0.263811
0.094870,0.015712,0.208744
0.192434,0.031873,0.163404
0.220416,-0.004339,0.040103
0.276979,-0.060154,0.062848
0.355838,-0.068235,0.002993
0.439186,-0.068833,-0.054468
0.439037,-0.114922,-0.071377
0.444723,-0.098761,-0.131232
0.392051,-0.121955,-0.077512
0.296133,-0.065242,-0.070330
0.224008,-0.050278,0.067337
0.171934,0.027833,0.131980
0.124199,0.030676,0.142904
0.052074,0.044742,0.210091
0.027683,0.077812,0.211438
0.014964,0.105046,0.297629
0.006285,0.130185,0.300173
0.031574,0.028282,0.279673
0.082001,0.038756,0.300023
0.135123,0.009876,0.237625
0.198120,0.006434,0.231489
0.240318,0.006434,0.109235
0.184653,-0.005387,0.135422
0.182259,0.036362,0.149787
0.119710,0.117017,0.193930
0.071078,0.097264,0.234632
0.079308,0.162058,0.301669
0.009577,0.187945,0.326958
0.012270,0.183306,0.437241
0.029329,0.200963,0.487669
0.024690,0.198569,0.448314
0.094571,0.189142,0.515502
0.101604,0.133477,0.544232
0.080655,0.103100,0.590919
0.057461,0.102801,0.579098
0.073771,0.101155,0.531214
0.051326,0.153229,0.489165
0.028431,0.123750,0.387412
0.017508,0.161010,0.361076
0.039953,0.121057,0.294188
0.033668,0.112976,0.228347
0.061202,0.082450,0.208146
0.124498,0.096217,0.208146
0.185251,0.008230,0.214131
0.163853,-0.016610,0.212934
0.170288,-0.056713,0.220117
0.201412,-0.062249,0.186598
0.179864,-0.036811,0.245256
0.132280,-0.011372,0.346860
0.086939,0.054318,0.374543
0.020650,0.066589,0.481235
0.003292,0.087239,0.441880
0.034566,-0.021697,0.477793
0.023343,-0.004190,0.492308
0.094721,-0.038307,0.354791
0.143502,-0.039953,0.315286
0.178069,-0.078560,0.183605
0.194978,-0.079458,0.023194
0.193781,-0.108487,-0.073771
0.236876,-0.101155,-0.127791
0.253336,-0.109684,-0.132729
0.247950,-0.096367,-0.080206
0.129885,-0.130334,0.027384
0.006883,-0.050578,0.277578
-0.070030,0.036063,0.432153
-0.060005,0.030077,0.516250
-0.031873,0.016310,0.453103
0.020800,-0.017059,0.434248
-0.051326,-0.012420,0.408361
-0.011223,-0.012570,0.413449
0.037559,0.019303,0.317980
0.057162,-0.009726,0.203208
0.120309,-0.032172,0.041749
0.105046,-0.029179,-0.013318
0.181062,-0.042347,-0.065990
0.223708,-0.070779,-0.172532
0.204854,-0.063297,-0.207248
0.165948,-0.073771,-0.195277
0.124050,-0.068833,-0.159364
0.125546,0.020051,-0.067038
0.148291,-0.022146,-0.028431
0.183905,-0.043245,-0.014964
0.240617,-0.089783,0.005686
0.316484,-0.133177,0.130484
0.434997,-0.220715,0.110433
0.467618,-0.263063,0.172831
0.433799,-0.239121,0.164601
0.203507,-0.199467,-0.674417
-0.141108,0.039055,-1.939603
-0.547524,0.439336,-2.966715
-0.842011,0.738910,-3.185934
-0.870592,0.717363,-2.354697
-0.672022,0.503531,-1.109712
-0.497246,0.121356,0.267702
-0.203657,-0.126444,1.294515
-0.047585,-0.309451,1.866580
0.118214,-0.336086,2.110938
0.223259,-0.186149,2.153285
0.287005,-0.026037,2.035670
0.233285,0.099210,1.816601
0.298527,0.048483,1.384447
0.346261,-0.033519,1.012298
0.374244,-0.087388,0.695366
0.370952,-0.024541,0.477643
0.342520,0.063596,0.269647
0.210989,0.138265,0.134674
0.043993,0.205153,0.009278
-0.143802,0.311845,0.039504
-0.203358,0.326060,0.097414
