0.140210,0.047734,0.103100
0.130484,0.096666,0.044742
0.081552,0.095768,-0.047285
0.055216,0.107739,-0.083647
-0.024989,0.188244,-0.062698
-0.054169,0.227748,-0.033968
-0.067187,0.232836,-0.019902
-0.210241,0.302717,-0.010924
-0.274735,0.366163,-0.057311
-0.333093,0.426018,-0.022446
-0.409708,0.459238,0.054318
-0.452504,0.547524,0.037709
-0.454001,0.528071,0.119261
-0.408062,0.556652,0.259621
-0.378583,0.527921,0.325911
-0.365265,0.494253,0.418836
-0.342820,0.421080,0.533458
-0.284012,0.373346,0.557250
-0.167744,0.305859,0.649427
-0.089034,0.256329,0.628179
-0.012420,0.130035,0.695516
0.033220,0.104148,0.644340
0.154127,-0.009128,0.596755
0.197222,-0.052672,0.514454
0.215927,-0.127940,0.341024
0.262614,-0.162656,0.174627
0.320823,-0.163704,0.124199
0.366462,-0.143652,0.004040
0.436942,-0.190638,-0.029928
0.388310,-0.177769,-0.126294
0.242712,-0.199168,-0.101754
0.071527,-0.200514,-0.115670
0.009577,-0.098910,0.006883
-0.064793,-0.037559,0.137816
-0.118214,0.041001,0.280870
-0.015113,0.073472,0.334141
0.033968,0.082750,0.313192
0.130783,-0.036960,0.256329
0.174029,-0.097564,0.191237
0.202011,-0.111480,0.121356
0.303315,-0.155324,0.034716
0.287005,-0.207996,0.000898
0.347608,-0.158616,-0.048632
0.346561,-0.116119,-0.039355
0.371849,-0.110433,-0.046837
0.388908,-0.113126,-0.012420
0.384569,-0.072874,0.025588
0.342969,-0.133177,0.058658
0.289100,-0.161758,0.113276
0.250044,-0.235679,0.079308
0.236278,-0.255880,0.138564
0.143054,-0.245106,0.089932
0.110433,-0.215029,0.060304
0.034716,-0.199168,0.063147
-0.002544,-0.127491,0.123451
-0.020500,-0.055366,0.147992
-0.019004,-0.048931,0.177171
-0.021697,-0.023792,0.127491
-0.075866,-0.022146,0.025289
-0.036960,0.043993,-0.019453
0.003891,0.098611,-0.041300
0.049380,0.148740,-0.037858
0.047136,0.090980,-0.053570
0.066439,0.060005,-0.089633
0.079458,0.051625,-0.003591
0.088436,0.044742,0.011821
0.073921,0.023343,-0.040851
0.145298,0.013168,-0.024241
0.183456,-0.002993,-0.084246
0.217872,-0.076315,-0.074819
0.208146,-0.068085,-0.020051
0.188843,-0.027234,-0.088585
0.149488,-0.041150,-0.080505
0.183156,-0.040402,-0.101155
0.176423,-0.015413,-0.136170
0.138265,-0.048931,0.052672
0.169839,-0.088436,0.104896
0.131232,-0.126294,0.129736
0.076465,-0.179415,0.165350
0.030676,-0.133626,0.162656
-0.004788,-0.174029,0.301221
-0.038457,-0.120309,0.417040
-0.052672,-0.044143,0.554557
-0.085443,-0.087388,0.663343
-0.060603,-0.071826,0.690727
0.006285,-0.002544,0.615310
0.029479,-0.012570,0.517297
0.004639,-0.023194,0.489914
0.083049,-0.015113,0.511611
0.076166,0.009128,0.505925
0.099509,0.035165,0.477494
0.079757,0.082001,0.433650
0.028282,0.086640,0.383820
-0.004190,0.100706,0.378433
-0.061950,0.136619,0.408810
-0.122254,0.159514,0.417639
-0.196325,0.132878,0.452803
-0.179116,0.053271,0.757166
-0.178667,-0.018555,1.019481
-0.224008,0.106991,1.262642
-0.191237,0.241365,1.465102
-0.157568,0.242413,1.511789
-0.081852,0.182109,1.272219
-0.061202,0.084845,1.061529
-0.072425,0.052373,0.722600
-0.070330,0.023044,0.461782
-0.102352,0.129885,0.252439
-0.085593,0.213234,0.140360
-0.015113,0.254085,0.088286
0.086191,0.271892,0.138116
0.122703,0.208894,0.150984
0.190638,0.111929,0.187795
0.276381,0.052972,0.157568
0.385167,-0.058209,0.106991
0.444873,-0.144999,0.086491
0.485724,-0.193332,-0.087388
0.509815,-0.262315,-0.128539
0.509965,-0.329801,-0.211438
0.468366,-0.293589,-0.318279
0.401927,-0.335787,-0.443376
0.322619,-0.338780,-0.443975
0.225504,-0.326210,-0.426766
0.147393,-0.295085,-0.427515
0.019902,-0.292242,-0.322020
-0.093823,-0.228497,-0.246453
-0.135123,-0.195127,-0.125546
-0.199317,-0.196624,-0.087538
-0.294786,-0.146196,-0.059107
-0.352247,-0.178967,-0.087239
-0.432153,-0.171185,-0.074669
-0.538246,-0.147094,-0.090830
-0.685789,-0.190489,-0.074819
-0.798167,-0.202160,-0.127042
-0.855628,-0.233285,-0.076465
-0.822558,-0.297031,-0.072574
-0.792331,-0.419135,-0.033968
-0.758962,-0.493206,0.030975
-0.727837,-0.633266,0.170138
-0.634912,-0.753575,0.383372
-0.502034,-0.884807,0.643142
-0.327557,-1.057938,0.817919
-0.160262,-1.200842,0.829741
-0.121356,-1.327585,0.833332
-0.153827,-1.401206,0.827197
-0.229843,-1.437120,0.739808
-0.324564,-1.383699,0.824952
-0.533009,-1.376516,0.784550
-0.807594,-1.313968,0.859219
-1.024569,-1.181987,0.930596
-1.277007,-1.069460,1.076343
-1.612944,-0.869694,1.285836
-2.141763,-0.658106,1.508796
-2.704849,-0.403573,1.824082
-3.107075,-0.153079,1.943344
-3.165883,0.025588,2.011578
-3.053954,0.209642,2.129194
-3.257311,-0.158915,2.048389
-3.516633,-0.288651,1.270124
-3.707571,-0.177919,1.008258
-3.650709,-0.088585,0.866402
-3.782390,0.032621,0.467618
-4.081067,0.194679,0.067935
-4.498256,0.335936,-0.165050
-5.108029,0.569970,-0.547524
-5.614852,0.738910,-0.881066
-6.029498,1.016039,-1.265934
-6.270115,1.223138,-1.610250
-6.426037,1.396418,-1.879149
-6.486192,1.576881,-2.019060
-6.412420,1.565209,-2.103157
-6.249914,1.438915,-2.176778
-6.088006,1.249773,-2.040159
-5.740548,0.913987,-1.677737
-5.023335,0.327856,-1.036839
-4.408174,-0.192284,-0.372149
-3.948488,-0.579247,0.073622
-3.771765,-0.739210,0.520440
-3.914221,-0.821211,0.874931
-4.141221,-0.765247,1.284040
-4.453365,-0.609624,1.659182
-4.717774,-0.413149,1.967136
-4.806809,-0.240019,2.059462
-4.785860,-0.230891,1.950377
-4.672883,-0.270246,1.720384
-4.558859,-0.325911,1.538125
-4.425083,-0.252588,1.183334
-4.235941,-0.265756,0.692074
-4.044256,-0.205602,0.352696
-3.910928,-0.292691,-0.080206
-3.780295,-0.398186,-0.356736
-3.683330,-0.468515,-0.493355
-3.599233,-0.584485,-0.608875
-3.411288,-0.850091,-0.630124
-3.237709,-0.996437,-0.659752
-3.237559,-1.093103,-0.804452
-3.330484,-1.151012,-0.874033
-3.469497,-1.097442,-0.886453
-3.595492,-1.087865,-0.784101
-3.663129,-1.022923,-0.745345
-3.816507,-1.032649,-0.427964
-3.856610,-0.987459,0.147992
-3.648015,-0.971597,0.856675
-3.366996,-0.927903,1.531990
-3.086874,-1.006911,1.952621
-2.781613,-1.157896,2.137723
-2.326416,-1.417517,2.185607
-2.086547,-1.672799,2.034922
-1.938406,-1.801637,1.912069
-1.977162,-1.653645,1.704522
-2.220024,-1.313369,1.398962
-2.457648,-0.916081,1.121085
-2.659958,-0.520889,0.774973
-2.729839,-0.048333,0.736666
-2.785803,0.258574,0.547674
-2.817676,0.360327,0.564433
-2.687192,0.304662,0.624288
-2.368763,0.177321,0.602740
-1.825279,-0.047585,0.606332
-1.184082,-0.386215,0.662745
-0.626383,-0.647183,0.696264
-0.364068,-0.773178,0.537199
-0.021398,-0.826000,0.600645
0.420033,-0.886752,0.581641
1.089212,-1.177199,0.627281
1.750610,-1.467945,0.597353
2.226458,-1.654992,0.534057
2.242769,-1.724125,0.634613
1.739836,-1.295113,0.737414
1.024419,-0.748188,1.118092
0.381277,-0.096367,1.526304
-0.186897,0.335936,1.810017
-0.669928,0.691775,2.267309
-1.020828,1.129016,2.961927
-0.947056,1.334019,3.689166
-0.610222,1.294365,3.871873
0.004190,0.998981,3.445555
0.541239,0.720206,2.567033
0.925509,0.611270,1.586907
1.268029,0.618752,0.668132
1.694496,0.530914,-0.181062
2.106748,0.396540,-1.092504
2.372953,0.224456,-1.816002
2.650232,0.008679,-2.348263
2.931101,-0.040103,-2.662652
3.131915,-0.155922,-2.818275
3.062184,-0.179266,-2.787300
2.826954,-0.147992,-2.469320
2.465280,0.070030,-1.820940
2.036867,0.334739,-1.008557
1.636587,0.769287,-0.122852
1.361253,1.086968,0.758363
1.283891,1.193659,1.693598
1.431733,1.168819,2.373851
1.625513,0.835427,2.553715
1.844134,0.529119,2.168399
2.029086,0.388459,1.609352
2.252196,0.498443,1.312621
2.384176,0.746991,1.255160
2.439542,1.081581,1.382203
2.605191,1.216404,1.707814
2.997241,0.997634,1.868375
3.662231,0.559345,2.047940
4.302530,0.089932,1.928081
4.853047,-0.327706,1.700332
5.347150,-0.614412,1.348085
5.786336,-0.810737,1.032799
6.205920,-0.853533,0.818069
6.407033,-0.745495,0.512359
6.353912,-0.409708,0.300023
6.054936,0.000599,0.215777
5.902755,0.318429,0.315885
5.880459,0.407014,0.782305
5.807436,0.358382,1.274015
5.585523,0.413000,1.301249
5.255871,0.387262,1.196951
4.969315,0.277877,0.964714
4.767005,0.259023,0.837971
4.732140,0.389058,0.683694
4.828656,0.334889,0.711527
5.031714,0.374693,0.741903
5.293281,0.182259,0.766444
5.555147,-0.034866,0.891541
5.882254,-0.328754,1.034744
6.139182,-0.426467,1.171962
6.247519,-0.587777,1.280449
6.270115,-0.725593,1.202039
6.320094,-0.822259,1.025467
6.345532,-0.859369,0.791433
6.368128,-0.864456,0.450559
6.273257,-0.711676,0.181510
5.880608,-0.287753,-0.352247
5.741296,-0.054917,-0.482731
6.087108,-0.156371,-0.190339
6.502353,-0.392799,0.529567
6.650494,-0.607978,1.632846
6.573131,-0.671424,2.323573
6.417209,-0.714370,2.832640
6.267272,-0.769736,2.842067
5.875221,-0.693421,2.374300
5.182549,-0.299724,1.690157
4.711789,0.086341,1.175104
4.605845,0.295235,1.000477
4.643106,0.260818,0.680103
4.530129,0.110433,0.348207
4.437204,-0.005387,0.259472
4.382885,-0.015712,0.054767
4.367323,0.033070,-0.109086
4.315249,0.125995,-0.538546
4.242526,0.200215,-1.157148
4.179229,0.271293,-1.609502
4.100220,0.346860,-1.873014
4.051438,0.502782,-2.091485
4.049044,0.690129,-2.044648
3.944746,0.772579,-2.116923
4.016124,0.788141,-2.052130
4.103512,0.838270,-2.130091
4.217835,0.802058,-2.283470
4.374057,0.833481,-2.440589
4.579061,0.863259,-2.532018
4.549582,1.017236,-2.715923
4.015226,1.568053,-2.989161
4.153341,1.565658,-2.729091
4.513370,1.284639,-2.432210
4.904821,0.866851,-1.857901
5.275175,0.400430,-1.063624
5.545420,-0.045041,-0.294786
5.719897,-0.295684,0.497695
5.867590,-0.492158,0.907253
5.899911,-0.514604,0.978331
5.459977,-0.232537,0.480337
4.893748,0.344166,0.050278
4.585196,0.795025,0.135572
4.476409,1.058087,0.469413
4.382287,1.132308,0.897526
4.295946,1.124976,1.133056
4.205715,0.993294,1.359158
4.174889,0.896629,1.480066
4.042460,0.746692,1.218349
3.997868,0.667833,0.854281
3.991733,0.606780,0.393547
4.110246,0.524031,0.068534
4.240131,0.370054,-0.232088
4.368371,0.206799,-0.336385
4.510526,0.154725,0.003591
4.600608,0.207847,0.434548
4.596718,0.284311,0.971896
4.446033,0.493355,1.358709
4.189703,0.710030,1.487099
3.977517,0.860267,1.506851
3.776255,1.070058,1.438466
3.550302,1.140687,1.255908
3.312528,1.188422,0.813131
3.138050,1.058237,0.211887
2.985420,0.711377,-0.636409
2.771438,0.298377,-1.567903
2.628085,-0.196175,-2.436848
2.618808,-0.622343,-3.378368
2.601450,-1.000477,-4.023905
2.619107,-1.269226,-4.426729
2.644097,-1.430685,-4.537461
2.669086,-1.427692,-4.536862
2.508375,-1.124227,-4.340239
2.185607,-0.992995,-4.576367
1.467646,-0.630124,-4.659865
0.908001,-0.129287,-4.591181
0.916830,0.155922,-3.933224
1.690755,-0.041450,-2.743157
2.296039,-0.386514,-1.661426
2.582296,-0.626533,-0.383072
2.760066,-0.813729,1.016189
2.768146,-1.002123,2.177377
2.761712,-1.133954,3.182044
2.831592,-1.230320,3.946991
2.775029,-1.279102,4.238784
2.568081,-1.219098,4.334253
2.025195,-1.016638,4.006996
1.003170,-0.429909,2.879776
-0.225205,0.373944,1.577629
-1.003769,1.047314,0.606032
-1.253814,1.356315,-0.265307
-1.091756,1.337012,-1.113603
-0.817021,1.116596,-1.917456
-0.505326,0.664241,-2.597709
-0.346112,0.028581,-3.041085
-0.196325,-0.579546,-3.068469
0.496946,-1.142932,-2.491616
1.390133,-1.485153,-1.687613
2.185906,-1.602768,-0.966659
2.575562,-1.516876,-0.555006
2.435053,-1.329381,-0.115820
1.941997,-1.112705,0.570718
1.400009,-0.766743,1.531690
0.857124,-0.421529,2.415301
0.363470,0.010475,3.119944
-0.155025,0.534506,3.749619
-0.729483,0.964414,4.103512
-1.282694,1.348684,3.932925
-1.782483,1.635988,3.473837
-2.042853,1.825579,2.927660
-1.893664,1.934964,2.398691
-1.452682,1.736096,1.845331
-0.833033,1.441160,1.353622
-0.343568,1.056890,0.990601
-0.075268,0.698059,0.340575
-0.024541,0.489016,-0.286556
0.036661,0.399532,-0.965312
0.144101,0.282366,-1.462259
0.328455,0.154426,-1.769315
0.502184,0.104746,-1.729960
0.502483,0.058957,-1.666215
-0.033070,0.054169,-1.544260
-0.724994,0.227748,-0.931195
-1.199345,0.501286,-0.084096
-1.356914,0.843208,1.048660
-1.289128,1.119289,2.253542
-1.032051,1.195904,3.122937
-0.752228,1.107169,3.601179
-0.404171,0.848296,3.590704
-0.032920,0.486472,3.266140
0.272640,0.130185,2.919879
0.462679,-0.205602,2.538752
0.582090,-0.482282,2.011728
0.594211,-0.626084,1.353323
0.391452,-0.715866,0.534805
-0.046837,-0.601244,-0.352097
-0.707337,-0.409857,-1.178695
-1.363348,-0.175375,-1.450886
-1.888576,-0.038008,-1.453729
-2.344073,0.045639,-1.055993
-2.555960,0.077512,-0.612766
-2.675670,0.037110,-0.020051
-2.553715,-0.016610,0.621595
-2.103755,0.030676,1.330278
-1.630302,-0.031274,1.819294
-1.181539,-0.023044,2.206257
-0.973991,-0.055665,2.563442
-1.002273,-0.123601,2.655020
-1.202188,-0.096067,2.621202
-1.555483,-0.106542,2.350807
-2.037915,-0.092027,2.152986
-2.655469,0.048632,2.055273
-3.227983,0.196025,1.904588
-3.738995,0.379930,1.876755
-4.079121,0.708235,1.756745
-4.308815,1.003021,1.600823
-4.477307,1.211316,1.197250
-4.500201,1.180790,0.709582
-4.290559,1.115698,0.437241
-3.898359,0.813729,0.497246
-3.312677,0.348356,0.610970
-2.805556,-0.267702,0.581941
-2.527828,-0.833033,0.481983
-2.371606,-1.231667,-0.086491
-2.187851,-1.218798,0.095768
-2.166902,-1.016937,0.492308
-2.139369,-1.054496,0.799514
-2.246210,-1.198597,1.077540
-2.806004,-1.250671,1.028010
-3.607463,-1.057938,1.019631
-4.545242,-0.534805,1.334917
-5.255572,0.123900,1.554136
-5.735759,0.664092,1.537975
-5.961263,1.013196,1.335815
-6.207716,1.154005,1.136797
-6.495619,1.227028,0.978181
-6.828563,1.260697,0.942268
-6.924031,1.252317,0.767342
-6.781876,1.168969,0.544232
-6.273108,1.120187,0.356886
-5.550957,0.951695,0.158616
-4.783465,0.731129,-0.127342
-4.236390,0.517297,-0.520589
-3.937564,0.294487,-0.987608
-3.877410,0.197671,-1.255759
-3.957915,0.121955,-1.331326
-4.088099,0.109984,-1.311125
-4.354753,0.197522,-1.179743
-4.592827,0.337732,-1.030554
-4.822221,0.461632,-0.961721
-5.120150,0.545279,-0.767192
-5.409400,0.686986,-0.467468
-5.585822,0.801459,-0.201113
-5.671864,0.888099,0.090231
-5.592706,0.922067,0.275333
-5.458032,0.902913,0.341024
-5.347749,0.876427,0.294188
-5.233426,0.828693,0.137367
-5.124190,0.795773,-0.148441
-4.996998,0.769736,-0.377985
-4.912902,0.670975,-0.397886
-4.738724,0.541239,-0.185551
-4.497508,0.430358,0.159963
-4.138378,0.285060,0.643292
-3.641132,0.180014,0.994940
-3.225888,0.040851,1.350330
-2.889353,-0.049380,1.600524
-2.621800,-0.173280,1.645864
-2.349759,-0.260968,1.507000
-2.252794,-0.359280,1.189918
-2.237980,-0.458939,0.826000
-2.272546,-0.500837,0.359130
-2.398391,-0.488118,-0.087538
-2.727894,-0.452504,-0.480187
-3.078195,-0.449960,-0.782006
-3.445705,-0.417339,-0.878971
-3.729418,-0.396091,-0.628927
-3.932775,-0.289848,-0.270844
-4.071490,-0.132429,0.205752
-4.161572,0.113276,0.908749
-4.129399,0.265008,1.573589
-3.969137,0.476297,2.298434
-3.599233,0.679504,3.148974
-3.099444,0.857872,3.803489
-2.517054,0.941819,4.108450
-1.877204,0.853683,4.103512
-1.202787,0.629525,3.713108
-0.844555,0.291943,2.822464
-0.556353,-0.059855,1.856254
-0.465822,-0.326360,0.867599
-0.501585,-0.365265,0.082450
-0.518345,-0.391452,-0.549320
-0.496049,-0.355389,-0.879420
-0.451756,-0.262315,-1.217901
-0.385018,-0.147094,-1.429787
-0.315735,0.024989,-1.634641
-0.301221,0.147842,-1.898452
-0.310648,0.201113,-2.113482
-0.275483,0.147393,-2.150592
0.127641,-0.334590,-2.044948
0.205004,-0.376937,-2.055722
0.098013,-0.246603,-2.022651
0.006285,-0.103400,-1.885584
-0.181062,0.113874,-1.685069
-0.526275,0.387711,-1.309628
-0.806098,0.545728,-0.737564
-0.894983,0.763002,0.205752
-0.853683,0.790535,1.102679
-0.662296,0.772280,1.692102
-0.538845,0.676212,1.951125
-0.496498,0.528071,1.939902
-0.492158,0.330849,1.722927
-0.487220,0.200514,1.496526
-0.356736,0.073472,1.250970
-0.315885,-0.020800,0.889446
-0.310648,-0.103998,0.591517
-0.400131,-0.117914,0.290147
-0.497695,-0.014365,0.285808
-0.527173,0.059855,0.218022
-0.620248,0.178967,-0.025438
-0.766145,0.206350,-0.295085
-0.889745,0.282965,-0.679355
-1.142782,0.533608,-0.500538
-0.976984,0.487519,-0.582539
-0.628179,0.346860,-0.704943
-0.099359,0.160262,-0.634463
0.291644,-0.072724,-0.827197
0.563834,-0.180762,-0.828394
0.752228,-0.274735,-0.720804
0.919224,-0.317082,-0.615759
0.984167,-0.277428,-0.361225
0.962319,-0.243610,-0.171784
0.898873,-0.254384,-0.114323
0.764648,-0.266654,0.058957
0.589871,-0.182708,0.198419
0.450708,-0.152481,0.094421
0.249895,-0.060753,0.154127
0.146794,0.090381,0.158466
-0.080505,0.105046,0.088585
-0.665139,0.367510,-0.027683
-0.726640,0.544531,-0.120159
-0.273089,0.291793,-0.036811
-0.218920,0.043245,0.265756
-0.392350,-0.032322,0.690877
-0.422577,-0.041001,0.768988
-0.219967,-0.003891,0.700154
0.072425,0.036512,0.687884
0.347309,0.027533,0.916231
0.544382,-0.020500,1.001076
0.698957,-0.111630,0.976834
0.842460,-0.127192,0.741903
0.963517,-0.261267,0.542736
1.075146,-0.366313,0.234332
1.224933,-0.431704,0.021548
1.331326,-0.494702,-0.058658
1.402853,-0.626383,-0.234931
1.399112,-0.672471,-0.352845
1.130063,-0.635661,-0.430208
0.798466,-0.492457,-0.398635
0.488567,-0.263362,-0.248698
0.221613,-0.097863,-0.091429
-0.002095,0.116717,0.055067
-0.203956,0.266205,0.159663
-0.366014,0.301071,0.253636
-0.481983,0.294337,0.352397
-0.530465,0.266654,0.449960
-0.418985,0.242563,0.632668
-0.235081,0.200065,0.691924
-0.076914,0.146495,0.653168
0.139013,0.060005,0.568773
0.253935,-0.029479,0.486771
0.306607,-0.081702,0.273089
0.340725,-0.109235,0.168342
0.338331,-0.047734,0.075717
0.339228,0.080206,0.117166
0.310049,0.193631,0.215029
0.304363,0.256030,0.275782
0.314987,0.342072,0.322319
0.316484,0.332046,0.402226
0.354940,0.289698,0.612766
0.347459,0.229843,0.661698
0.307356,0.218172,0.660201
0.299724,0.169240,0.625186
0.296133,0.173879,0.671574
0.287005,0.122703,0.546626
0.169839,0.205452,0.428861
0.026935,0.214730,0.348356
-0.116717,0.226402,0.310797
-0.170587,0.291344,0.382324
-0.184952,0.277278,0.477793
-0.110433,0.302418,0.524181
-0.027084,0.254234,0.515352
0.052373,0.253486,0.474202
0.096067,0.208296,0.445022
0.211737,0.116867,0.446968
0.304961,0.012719,0.528071
0.412850,-0.015562,0.496498
0.494552,-0.119411,0.535703
0.557550,-0.159065,0.509067
0.567276,-0.187646,0.456095
0.512060,-0.149189,0.312294
0.462231,-0.164601,0.218770
0.377087,-0.118962,0.103699
0.301819,-0.058059,-0.061501
0.156820,-0.051625,-0.140510
0.058808,-0.036063,-0.134524
-0.037709,0.017208,-0.077213
-0.035015,0.050727,-0.044891
-0.067038,0.109834,0.096367
-0.086491,0.057461,0.241216
-0.025588,0.046837,0.208744
0.059705,0.048333,0.264709
0.111929,0.066289,0.220267
0.109385,0.012869,0.163704
0.070330,0.136769,0.107290
0.079906,0.130634,0.082151
0.128239,0.068235,0.172981
0.174627,-0.009876,0.166996
0.209493,-0.058808,0.285359
0.280271,-0.093075,0.296133
0.337582,-0.096217,0.377536
0.383820,-0.060454,0.280421
0.401029,-0.042198,0.249296
0.338331,0.025588,0.123451
0.301969,0.017807,0.099509
0.268300,-0.052224,-0.005836
0.202759,-0.005537,-0.014216
0.236278,-0.037709,0.024092
0.246902,0.007931,0.061052
0.254534,-0.039205,0.196325
0.230592,-0.023044,0.297928
0.199766,-0.023194,0.310947
0.207398,-0.020800,0.309600
0.168941,-0.000599,0.304513
0.208445,-0.027533,0.273089
0.206799,-0.034417,0.271592
0.225055,-0.034117,0.231639
0.252888,-0.075717,0.146346
0.281019,-0.078111,0.123152
0.323965,-0.020949,0.125247
0.368857,-0.054318,0.053271
0.479888,-0.092177,0.060154
0.535104,-0.186897,0.099359
0.596904,-0.210839,0.060903
0.602890,-0.218022,0.039055
0.586579,-0.183306,-0.071227
0.488866,-0.158017,-0.136021
0.341174,-0.095618,-0.216226
0.236577,-0.042647,-0.169539
0.141258,0.039355,0.007632
0.123900,0.050877,0.078410
0.118363,0.072425,0.135871
0.099359,0.030676,0.248398
0.038607,0.015562,0.374094
-0.056563,-0.006734,0.520140
-0.082750,-0.021847,0.611270
-0.005686,0.010026,0.774075
0.043993,0.045041,0.806247
0.135721,0.001197,0.888847
0.187047,-0.064943,0.716315
0.272340,-0.105046,0.625186
0.330699,-0.167744,0.498144
0.355539,-0.164003,0.413000
0.405668,-0.178817,0.239271
0.409558,-0.148441,0.136170
0.334290,-0.179864,0.077512
0.295534,-0.118214,0.004489
0.276231,-0.077662,-0.073322
0.278775,-0.078859,-0.135572
0.221913,-0.042497,-0.209792
0.135721,-0.028581,-0.256329
0.098910,-0.046088,-0.241964
0.165798,-0.005686,-0.153379
0.190489,-0.028581,-0.179864
0.235380,-0.012121,-0.123601
0.262165,-0.059406,-0.039953
0.285359,-0.057162,0.065392
0.321871,-0.077213,0.132280
0.314239,-0.126893,0.315286
0.298377,-0.150984,0.432602
0.159963,-0.095918,0.458939
0.148291,-0.064045,0.456544
0.071377,-0.040253,0.484078
0.103100,0.007332,0.564283
0.124947,0.040103,0.527173
0.120309,0.021398,0.461333
0.160860,0.012121,0.366762
0.165649,-0.016610,0.208744
0.177620,-0.049380,0.130933
0.151583,-0.034117,0.046088
0.091728,-0.030376,0.050877
0.117166,0.037709,0.192135
0.177321,0.049680,0.248548
0.151433,0.023643,0.295235
0.194828,0.022595,0.276231
0.242563,0.008679,0.269048
0.240019,0.000898,0.281019
0.295684,-0.077363,0.198569
0.320823,-0.092626,0.208146
0.371550,-0.070629,0.231938
0.391602,-0.084695,0.160112
0.409708,-0.074370,0.142006
0.373495,-0.069432,0.139462
0.268151,-0.056862,0.060304
0.172831,0.019453,0.159514
0.121057,0.051475,0.152331
0.097264,0.051625,0.177321
0.096516,0.101305,0.202460
0.106991,0.099509,0.256329
0.120309,0.108787,0.282665
0.197073,0.033070,0.214431
0.158466,0.009577,0.235978
0.207547,-0.006734,0.171335
0.128239,-0.019004,0.125995
0.049979,0.034866,0.211139
-0.008529,0.059556,0.278476
-0.108188,0.070479,0.291793
-0.112976,0.092177,0.302867
-0.080655,0.046388,0.316334
-0.004489,0.047884,0.358532
0.046238,0.020949,0.298826
0.101155,-0.013767,0.307505
0.167444,-0.043545,0.270545
0.259172,-0.098312,0.311246
0.266654,-0.032621,0.291045
0.198569,-0.068384,0.328305
0.156671,-0.001796,0.354641
0.174926,0.067935,0.402675
0.087987,0.066140,0.384718
0.041899,0.091728,0.317681
0.070779,0.066738,0.313042
0.029179,0.046837,0.266355
0.036661,0.036811,0.382474
0.059107,0.051775,0.362273
0.112079,0.048183,0.351349
0.170437,0.013467,0.351349
0.193182,-0.043694,0.295085
0.219668,-0.018555,0.280571
0.278924,-0.033220,0.294786
0.245106,-0.049979,0.215628
0.215927,-0.035464,0.173580
0.117914,0.041749,0.217872
0.071676,0.088735,0.242862
0.069731,0.102352,0.247501
0.014365,0.090680,0.259472
0.001047,0.056413,0.185251
-0.008380,0.031873,0.230741
0.044442,0.064494,0.243760
0.099359,0.021997,0.241365
0.108188,0.025438,0.240168
0.117017,-0.000748,0.202909
0.122254,-0.030526,0.201711
0.110732,-0.033968,0.134674
0.099659,-0.041599,0.097414
0.102801,-0.000449,0.141707
0.086790,-0.017657,0.102053
0.024391,0.005836,0.143951
0.005088,0.044891,0.172532
-0.041599,0.056713,0.214431
-0.051176,0.111181,0.284910
-0.036063,0.089783,0.341174
-0.020949,0.063596,0.386514
0.024690,0.070629,0.379182
0.074968,0.077363,0.368408
0.106991,0.055516,0.288052
0.117316,-0.000299,0.279523
0.136021,-0.019303,0.230292
0.134524,-0.035314,0.219369
0.118962,-0.008978,0.194230
0.084545,-0.039654,0.247950
0.119710,-0.002544,0.191536
0.080954,0.020800,0.217872
0.037858,0.047136,0.285957
0.025588,0.021847,0.254833
0.071826,0.075268,0.184204
0.071377,0.027234,0.157868
0.121805,0.003142,0.099210
0.116268,0.004339,0.077512
0.069133,0.018555,0.017657
0.118663,0.000599,0.090680
0.105943,-0.016610,0.146944
0.012270,-0.066140,0.219967
-0.067935,-0.061351,0.352845
-0.132579,-0.007482,0.463128
-0.201263,0.071527,0.521786
-0.238223,0.090381,0.692972
-0.217723,0.155922,0.741903
-0.181062,0.070629,0.821959
-0.044891,0.008829,0.715268
0.034566,0.010026,0.663493
0.144700,-0.045340,0.566079
0.141856,-0.037110,0.471209
0.224307,-0.018106,0.431256
0.209942,-0.022595,0.282516
0.199467,0.052074,0.131382
0.159514,0.045490,0.092775
0.101454,0.084096,0.032621
0.071527,0.158616,0.020500
-0.012420,0.179565,-0.043245
-0.080954,0.179715,-0.019453
-0.138864,0.159214,-0.075717
-0.139911,0.157269,-0.017208
-0.090680,0.122404,0.141856
-0.019004,0.071676,0.186000
0.021997,0.083647,0.373645
0.079009,0.030975,0.523133
0.094571,-0.012719,0.644938
0.042647,0.018854,0.706888
-0.063147,0.024092,0.691026
-0.208296,0.019902,0.658555
-0.293439,0.013467,0.678607
-0.444723,0.054019,0.675913
-0.512808,0.101005,0.755969
-0.620547,0.117316,0.786944
-0.705691,0.150685,0.940173
-0.826748,0.113725,1.031153
-0.863259,0.152331,1.011999
-0.861464,0.115969,1.108964
-0.802656,0.101903,1.108964
-0.800561,0.057461,1.023970
-0.816872,0.020051,0.904260
-0.843208,0.001047,0.767791
-0.894683,0.002993,0.631471
-0.928501,0.000599,0.520140
-0.937480,0.009726,0.423325
-1.004966,0.054318,0.347907
-1.028310,0.080804,0.283414
-1.099388,0.076764,0.237924
-1.196802,0.053271,0.220117
-1.183484,0.055665,0.179415
-1.242441,0.046238,0.169839
-1.269825,0.028581,0.124349
-1.324293,-0.015413,0.081104
-1.379359,-0.181660,0.040253
-1.436371,-0.262315,0.084396
-1.460613,-0.289848,0.246902
-1.446996,-0.218022,0.444274
-1.479168,-0.184354,0.454749
-1.475128,-0.223110,0.427964
-1.548151,-0.198868,0.364218
-1.721730,-0.193631,0.173430
-1.970278,-0.240617,-0.110732
-2.152238,-0.236876,-0.369755
-2.287360,-0.298976,-0.587926
-2.396596,-0.259621,-0.636259
-2.529624,-0.194529,-0.664092
-2.664597,-0.135123,-0.621445
-2.828151,-0.083797,-0.487669
-2.888155,0.020500,-0.210091
-2.915240,0.079757,0.117765
-2.858377,0.036811,0.390554
-2.533813,-0.197971,0.649128
-2.395249,-0.156371,0.755670
-2.313248,-0.142605,0.767641
-2.275838,-0.080954,0.665887
-2.325219,-0.113276,0.367809
-2.301277,-0.074819,0.084096
-2.309656,-0.020800,-0.058209
-2.418443,-0.049979,-0.179116
-2.390910,-0.012719,-0.328604
-2.535460,0.048782,-0.421978
-2.617162,0.117914,-0.454150
-2.667290,0.196025,-0.480337
-2.730138,0.200664,-0.489764
-2.982726,0.255880,-0.615160
-3.302951,0.313491,-0.529867
-3.516783,0.345214,-0.226701
-3.613748,0.446668,0.102801
-3.587262,0.555904,0.439635
-3.419219,0.534954,0.741604
-3.255965,0.550217,0.802955
-3.081786,0.421230,0.814029
-2.862567,0.279373,0.795025
-2.541595,0.083647,0.737713
-2.168548,-0.082301,0.691326
-1.851167,-0.252139,0.672322
-1.660379,-0.359729,0.551564
-1.519869,-0.464325,0.384120
-1.445200,-0.471358,0.082450
-1.423802,-0.461333,-0.073023
-1.391181,-0.373495,-0.338630
-1.462857,-0.273687,-0.682048
-1.546056,-0.149338,-1.062577
-1.765574,-0.066888,-1.216853
-2.000954,0.115071,-1.193809
-2.132336,0.247950,-1.022174
-2.238878,0.420482,-0.842310
-2.332850,0.439935,-0.699406
-2.446874,0.429460,-0.554108
-2.515109,0.437989,-0.216077
-2.484583,0.497695,0.221314
-2.278083,0.352397,0.452654
-2.027440,0.248997,0.495001
-1.826327,0.088585,0.489465
-1.797896,-0.045789,0.166547
-1.758691,-0.076465,0.099958
-1.400309,-0.212635,0.233135
-1.098041,-0.327407,0.191536
-0.798317,-0.453552,0.011223
-0.577452,-0.599448,-0.078260
-0.435296,-0.676961,-0.076614
-0.382174,-0.755071,-0.272490
-0.317830,-0.788590,-0.331747
-0.313640,-0.767342,-0.461482
-0.515352,-0.650475,-0.582689
-0.864756,-0.449212,-0.499341
-1.313818,-0.267253,-0.114024
-1.766023,-0.115820,0.560991
-2.015469,0.071676,1.409736
-2.038812,0.186000,2.115726
-1.923143,0.259771,2.634669
-1.671003,0.303914,2.842067
-1.425747,0.162357,2.572719
-1.197699,-0.002843,2.126949
-0.966210,-0.217573,1.616385
-0.691775,-0.395492,1.191864
-0.365415,-0.483629,0.657059
-0.001047,-0.539892,0.238522
0.328155,-0.595408,-0.187346
0.580295,-0.656460,-0.609324
0.753126,-0.784251,-0.947356
0.858920,-0.843507,-1.284040
0.915184,-0.827197,-1.487398
0.922516,-0.774674,-1.676240
1.001674,-0.808791,-1.545008
0.965761,-0.898873,-1.312920
0.695516,-0.915782,-0.952443
0.320374,-0.872387,-0.332046
-0.143951,-0.641646,0.492158
-0.421679,-0.281618,1.322048
-0.533009,0.142455,2.193538
-0.485275,0.435296,2.801216
-0.435745,0.564283,3.028965
-0.300772,0.533009,2.883965
-0.126743,0.400730,2.671480
0.200514,0.089483,2.275539
0.615609,-0.227898,1.769465
1.015291,-0.553510,1.364994
1.430386,-0.811634,0.963068
1.660229,-0.924012,0.500089
1.802235,-0.955735,0.266953
1.880197,-0.991948,0.182558
1.973870,-1.089062,0.151134
2.050185,-1.153856,0.156820
1.969680,-1.162385,0.244209
1.834707,-1.162834,0.491111
1.593641,-1.086519,0.595707
1.387889,-0.905756,0.822408
1.055394,-0.590171,1.010952
0.770484,-0.221464,1.377863
0.590171,0.092027,1.767519
0.653617,0.223259,1.977311
0.760309,0.282815,2.049437
0.886154,0.324863,1.780089
1.069610,0.401927,1.602619
1.268777,0.353294,1.252766
1.466598,0.273538,0.882413
1.737891,0.104447,0.565780
2.085799,-0.060603,0.151134
2.407968,-0.304213,-0.271892
2.602497,-0.461482,-0.678158
2.588731,-0.520739,-1.080683
2.458097,-0.397886,-1.357363
2.248904,-0.253785,-1.313220
2.041805,0.037409,-1.173009
1.671302,0.301969,-0.878373
1.193659,0.669329,-0.329801
0.765845,1.138892,0.468815
0.575357,1.596783,1.469741
0.645986,1.791013,2.293196
0.760009,1.903540,2.589928
0.926855,1.821988,2.387169
1.114800,1.656339,1.963994
1.294964,1.527650,1.525406
1.656039,1.294964,1.293916
2.250998,0.969203,1.174955
2.952200,0.680701,1.093103
3.507356,0.430657,0.799214
3.746776,0.323517,0.243311
3.812018,0.307954,-0.395193
3.813215,0.328305,-1.064821
3.787926,0.336535,-1.460014
3.812617,0.271293,-1.746271
3.819799,0.328903,-1.928081
3.648763,0.451606,-1.798644
3.388993,0.690129,-1.447594
3.055600,1.022474,-0.867748
2.745551,1.329829,-0.321272
2.405874,1.604714,0.010774
1.948431,1.772757,0.224456
1.757943,1.981950,0.485873
1.698985,2.093131,0.920870
1.933019,2.017564,1.165228
2.169296,1.726070,1.084873
2.285116,1.413926,0.854730
2.420687,1.110610,0.719009
2.523638,0.875530,0.724246
2.765752,0.591069,0.500538
2.973748,0.359579,0.340276
3.276465,0.109834,0.085293
3.521721,-0.024241,-0.036811
3.641880,-0.147543,-0.082301
3.788525,-0.521337,-0.211438
3.849278,-0.686687,-0.436194
3.720440,-0.664541,-0.638055
3.550751,-0.604386,-0.667384
3.380014,-0.541987,-0.530166
3.099893,-0.328155,-0.329352
2.831592,-0.029030,0.018854
2.662352,0.237774,0.227150
2.573318,0.359430,0.248548
2.457199,0.424522,0.181510
2.460491,0.458041,0.192284
2.578705,0.429909,0.305859
2.731784,0.410905,0.508169
2.942025,0.333842,0.808642
3.124433,0.338929,0.953491
3.269282,0.337433,0.862362
3.283648,0.301071,0.710180
3.326145,0.234332,0.343718
3.302801,0.181062,0.063446
3.376124,0.013767,-0.178368
3.315820,-0.075118,-0.489614
3.364751,-0.127940,-0.613963
3.311331,-0.121206,-0.494103
3.287538,-0.136021,-0.405219
3.256713,-0.165948,-0.422876
3.117101,-0.057311,-0.442628
3.030162,0.008080,-0.451606
2.873641,0.116568,-0.429310
2.689137,0.163853,-0.308852
2.530522,0.367660,-0.152331
2.425177,0.451008,0.008829
2.422932,0.557849,0.209642
2.391957,0.557999,0.220117
2.391059,0.521038,0.210241
2.385523,0.483778,0.189591
2.441038,0.376189,0.129437
2.491616,0.357335,0.098162
2.519299,0.275333,0.103998
2.518251,0.223409,0.051176
2.486977,0.076465,-0.035015
2.442235,0.002245,-0.085144
2.387767,-0.083797,-0.164003
2.332252,-0.141707,-0.200814
2.225111,-0.263961,-0.202909
2.214637,-0.424522,-0.026635
2.162263,-0.509965,0.221613
2.117821,-0.531662,0.541389
2.061707,-0.508020,0.863559
2.034323,-0.544082,0.994192
1.953669,-0.604536,0.987010
1.860744,-0.650475,0.855179
1.784129,-0.592415,0.657508
1.738340,-0.602142,0.475249
1.694496,-0.495001,0.215179
1.579874,-0.512509,-0.058209
1.549198,-0.521337,-0.328006
1.419163,-0.420332,-0.644639
1.288230,-0.316783,-0.782904
1.154604,-0.205004,-0.808791
0.973692,-0.098462,-0.742801
0.904410,0.058957,-0.684293
0.795025,0.081702,-0.410456
0.750283,0.169988,-0.209942
0.725293,0.120159,0.083797
0.661847,0.132130,0.290147
0.602142,0.188693,0.361225
0.594211,0.155324,0.338929
0.590769,0.152630,0.200664
0.597054,0.145298,0.016011
0.553360,0.182259,-0.144700
0.588225,0.155025,-0.424672
0.591667,0.155623,-0.614711
0.577152,0.118214,-0.712275
0.593463,0.151284,-0.747440
0.522983,0.102502,-0.751181
0.520889,0.042796,-0.705541
0.490213,-0.017358,-0.546177
0.453701,-0.019453,-0.226402
0.502483,0.029479,0.241964
0.439486,0.042796,0.613215
0.314239,0.145897,0.856376
0.192434,0.173280,1.061080
0.055815,0.186748,0.979528
-0.091728,0.251990,0.900220
-0.218172,0.270096,0.771831
-0.324265,0.344017,0.666037
-0.400580,0.466720,0.553061
-0.424372,0.491709,0.547524
-0.426018,0.470461,0.449811
-0.496348,0.385167,0.281468
-0.495899,0.272939,0.248398
-0.502483,0.113276,0.175675
-0.448913,-0.034866,0.283863
-0.408361,-0.108637,0.354940
-0.360327,-0.112976,0.489315
-0.357335,-0.128988,0.620248
-0.412401,-0.130035,0.670676
-0.527173,-0.034117,0.777367
-0.578649,-0.025738,0.844555
-0.598401,0.046687,0.826449
-0.575656,0.076016,0.767791
-0.621744,0.063297,0.646734
-0.573262,0.082151,0.550666
-0.528071,0.033818,0.422427
-0.508020,0.015862,0.217573
-0.496647,-0.006883,0.087837
-0.467618,-0.050428,0.017059
-0.470161,-0.054917,0.104148
-0.379930,-0.051176,0.283264
-0.323517,-0.042946,0.494702
-0.302268,-0.015413,0.664092
-0.223110,-0.023044,0.766444
-0.217423,0.000150,0.905756
-0.193481,0.004639,0.991199
-0.143054,-0.067935,1.071854
-0.058658,-0.133626,1.159841
-0.032621,-0.149937,1.110161
-0.036512,-0.164302,0.994641
0.023493,-0.185551,0.850690
0.005237,-0.166098,0.635062
-0.021697,-0.186897,0.330998
-0.069731,-0.133177,0.122852
-0.119112,-0.119411,0.011672
-0.196923,-0.031274,0.004489
-0.222810,0.012719,0.017807
-0.314688,0.097863,0.114622
-0.386065,0.117316,0.271293
-0.396540,0.193930,0.393098
-0.390554,0.266505,0.555604
-0.401627,0.308852,0.658106
-0.418237,0.272789,0.582090
-0.407164,0.270246,0.543334
-0.408361,0.222960,0.347758
-0.349254,0.191237,0.232387
-0.346710,0.168492,0.066738
-0.319776,0.078560,0.036512
-0.313790,0.033220,-0.139612
-0.288052,0.016011,-0.145747
-0.323367,-0.067187,-0.141108
-0.300173,-0.171784,-0.068384
-0.339827,-0.181510,0.170886
-0.307954,-0.167295,0.300023
-0.383222,-0.160412,0.481683
-0.400879,-0.140360,0.590470
-0.385018,-0.169390,0.635661
-0.439186,-0.151433,0.605583
-0.450858,-0.092775,0.615011
-0.478691,-0.019603,0.578948
-0.463577,0.047136,0.442478
-0.436493,0.083199,0.287005
-0.414197,0.082899,0.104148
-0.391751,0.114473,-0.065541
-0.330699,0.060454,-0.172831
-0.270545,0.082301,-0.325462
-0.231190,0.058808,-0.379930
-0.187646,0.058658,-0.451157
-0.156072,0.056264,-0.432602
-0.149338,0.090531,-0.500089
-0.138564,0.079607,-0.469712
-0.143802,0.062399,-0.373346
-0.170737,0.024989,-0.272340
-0.171485,0.041599,-0.076914
-0.174477,0.043993,0.059705
-0.140659,0.043993,0.222661
-0.099808,0.004938,0.350751
-0.074819,-0.006285,0.411803
-0.127342,-0.028880,0.525228
-0.124648,-0.065392,0.431555
-0.044293,-0.099060,0.475399
-0.013318,-0.148141,0.484377
-0.014515,-0.195876,0.537648
0.044742,-0.269048,0.514155
0.035763,-0.308702,0.455796
0.037110,-0.259472,0.391452
-0.023792,-0.260519,0.298377
-0.041749,-0.231938,0.245705
-0.103699,-0.296432,0.175076
-0.109385,-0.258125,0.269647
-0.128389,-0.228197,0.283863
-0.130035,-0.276979,0.263213
-0.126144,-0.277428,0.298976
-0.176273,-0.223110,0.325013
-0.210989,-0.212336,0.430058
-0.249596,-0.187795,0.521786
-0.188244,-0.143353,0.623241
-0.140959,-0.126593,0.744896
-0.087239,-0.130484,0.830788
-0.049231,-0.132579,0.798167
-0.058808,-0.134375,0.785897
0.005387,-0.141408,0.768838
-0.050877,-0.148291,0.723199
0.028880,-0.171784,0.685939
0.079607,-0.213383,0.556502
0.082151,-0.208445,0.479888
0.097863,-0.209343,0.402076
0.061950,-0.142605,0.348356
0.028132,-0.146495,0.269497
0.053271,-0.067786,0.095020
0.070330,-0.004339,0.082151
0.067187,0.026037,-0.001197
0.046837,0.015413,0.037709
0.034267,0.004489,-0.032322
0.021099,0.063446,-0.020949
0.048782,0.043694,-0.008380
0.083647,0.078560,-0.036362
0.128688,0.045041,0.027833
0.220715,0.009128,0.175974
0.347459,-0.164003,0.518045
0.512060,-0.262015,0.624288
0.648230,-0.423774,0.828693
0.790236,-0.507271,0.759112
0.871489,-0.508918,0.705242
0.860267,-0.416890,0.557999
0.913538,-0.366612,0.492158
0.884059,-0.188244,0.415544
0.786944,-0.009427,0.428861
0.718560,0.101454,0.372598
0.646734,0.148590,0.275632
0.617405,0.258873,0.140360
0.548571,0.298377,0.065092
0.582240,0.355389,0.021997
0.625485,0.383072,-0.084396
0.708085,0.370503,-0.194529
0.819864,0.389806,-0.160860
0.931644,0.449212,-0.091429
1.022474,0.412102,-0.084246
1.155651,0.369006,-0.024391
1.346888,0.247950,0.139612
1.515979,0.196773,0.259172
1.733402,0.111330,0.484078
1.828572,-0.025887,0.676811
1.929128,-0.123451,0.862212
2.073079,-0.185102,0.962619
2.134730,-0.286406,1.078438
2.181417,-0.292392,1.144129
2.206706,-0.233584,1.257704
2.191742,-0.205752,1.401206
2.166902,-0.174178,1.464503
2.154632,-0.095469,1.600823
2.113482,-0.021099,1.574487
2.123657,0.060304,1.581669
2.121412,0.169988,1.594838
2.065298,0.308702,1.539771
2.025345,0.425270,1.392677
2.017564,0.493056,1.265934
2.012476,0.553210,1.152359
1.984494,0.587178,1.114351
2.036268,0.546028,0.991349
2.073528,0.537648,0.906505
2.122310,0.451157,0.805050
2.097620,0.375890,0.603189
2.142661,0.247800,0.397587
2.160767,0.153229,0.210091
2.188749,0.012270,0.005836
2.270601,-0.079158,-0.175675
2.350059,-0.125995,-0.348805
2.383428,-0.199018,-0.588824
2.462885,-0.299425,-0.802656
2.447024,-0.341024,-0.961272
2.470218,-0.310797,-0.984765
2.492214,-0.247950,-0.795174
2.473210,-0.198868,-0.592565
2.439392,-0.226701,-0.367061
2.325967,-0.190489,-0.208744
2.199224,-0.076016,-0.081552
2.129792,0.069881,0.129287
2.076970,0.228946,0.353444
1.981800,0.414197,0.495001
1.898752,0.619799,0.440234
1.753154,0.752228,0.426318
1.636736,0.896329,0.287753
2.658611,0.152481,0.363919
3.088520,-0.284311,0.471358
3.003975,-0.514005,0.192135
2.743606,-0.472107,-0.156222
2.463933,-0.312593,-0.414795
2.185607,-0.177769,-0.694917
1.940052,0.006734,-0.847996
1.717989,0.135272,-1.061080
1.477821,0.309002,-1.161637
1.173458,0.435296,-1.312471
0.822259,0.576554,-1.243339
0.469563,0.810437,-1.189769
0.166547,1.039981,-1.134103
-0.068833,1.281646,-1.101183
-0.277578,1.464204,-1.126921
-0.480337,1.645415,-1.230470
-0.528221,1.794304,-1.300500
-0.571466,1.849072,-1.394622
-0.564882,1.814356,-1.415721
-0.472256,1.647510,-1.184531
-0.226102,1.392228,-0.876876
0.025289,1.132158,-0.521487
0.251242,0.814178,-0.125396
0.429909,0.510713,0.371101
0.562338,0.191237,0.750433
0.583437,-0.048931,1.011550
0.641047,-0.332046,1.156549
0.700903,-0.566827,1.191864
0.810737,-0.740407,1.247828
0.902016,-0.886902,1.106720
0.960225,-0.983867,0.952743
0.897676,-0.977582,0.758513
0.815525,-1.003470,0.536900
0.709133,-0.869694,0.174328
0.498293,-0.750582,-0.082600
0.236278,-0.517447,-0.539294
0.016909,-0.306458,-0.915932
-0.337732,-0.045340,-1.109413
-0.735768,0.237176,-1.318607
-1.216853,0.525677,-1.454029
-1.498022,0.757466,-1.424700
-1.592743,0.997335,-1.215207
-1.458667,1.041777,-0.824054
-1.213711,0.982670,-0.290746
-0.793229,0.704643,0.461333
-0.306009,0.216825,1.162086
0.077213,-0.384718,1.521665
0.362722,-0.878522,1.561917
0.648230,-1.315165,1.663372
0.822259,-1.603517,1.802385
0.957681,-1.819144,1.873613
0.968754,-2.052579,1.921497
0.868197,-2.163012,1.777246
0.652719,-2.211195,1.500865
0.358083,-2.149993,1.245434
0.090381,-1.889923,1.051503
-0.235978,-1.450138,0.887800
-0.522385,-0.931943,0.672920
-0.795623,-0.464924,0.549170
-1.113603,-0.063297,0.248398
-1.567005,0.262464,-0.086042
-1.986888,0.610970,-0.276081
-2.377293,0.935983,-0.522983
-2.517204,1.144578,-0.608726
-2.511817,1.299004,-0.580145
-2.346617,1.228974,-0.431106
-2.189198,0.996736,-0.100407
-1.974468,0.680701,0.155623
-1.887379,0.335637,0.375441
-1.784279,0.025139,0.440832
-1.737741,-0.351798,0.438139
-1.634641,-0.541538,0.525228
-1.654244,-0.628029,0.540641
-1.511938,-0.721702,0.581492
-1.343895,-0.823007,0.619200
-1.272219,-0.872238,0.529418
-1.366341,-0.860865,0.371401
-1.475427,-0.818967,0.345214
-1.575684,-0.716914,0.421828
-1.670853,-0.589722,0.729034
-1.721281,-0.449661,1.249025
-1.720832,-0.278176,1.780837
-1.796399,-0.166397,2.188300
-2.048090,-0.032322,2.562095
-2.411260,0.083947,2.746449
-2.647837,0.281768,2.985569
-2.832640,0.535254,3.241151
-2.861370,0.692523,3.614796
-2.859425,0.879121,3.881899
-2.755726,0.965163,3.720739
-2.554464,0.873584,3.266739
-2.403030,0.796371,2.530971
-2.209399,0.509516,1.764676
-2.024148,0.212485,0.849642
-1.812560,-0.015712,0.037110
-1.654094,-0.095319,-0.661099
-1.567454,-0.230592,-1.178097
-1.627309,-0.339827,-1.477372
-1.802834,-0.339977,-1.520917
-2.023100,-0.225354,-1.185878
-2.339285,-0.119112,-0.649876
-2.598756,0.087089,-0.079009
-2.816030,0.330250,0.515801
-2.947113,0.590320,0.907402
-3.040636,0.795025,1.139041
-3.206883,0.986710,1.139191
-3.326444,1.102829,0.924312
-3.459322,1.221043,0.565331
-3.540127,1.157297,0.318279
-3.540576,1.125275,0.095768
-3.433584,1.052701,-0.021847
-3.415329,1.007510,-0.105195
-3.388693,1.012897,-0.102801
-3.364602,0.888249,0.002245
-3.315221,0.789488,0.031574
-3.170521,0.689380,0.154127
-2.987066,0.579846,0.269497
-2.767847,0.370353,0.429310
-2.616414,0.191237,0.607229
-2.398840,0.023044,0.825700
-2.133832,-0.218621,1.480066
-1.754351,-0.512509,2.040009
-1.526603,-0.737115,2.413505
-1.311574,-0.899472,2.649932
-1.192911,-0.987309,2.710835
-1.154604,-0.953491,2.704849
-1.301847,-0.873734,2.542193
-1.662623,-0.651073,2.276138
-2.138172,-0.375890,2.102708
-2.706495,-0.055665,2.098368
-3.148226,0.293140,2.179173
-3.537283,0.683844,2.320131
-3.718794,1.062726,2.569278
-3.664924,1.332672,2.764256
-3.527108,1.558625,2.582296
-3.298611,1.559523,2.207903
-3.069815,1.460164,1.661726
-2.868703,1.242740,0.930746
-2.618359,0.995838,0.323816
-2.433706,0.724845,-0.179565
-2.189049,0.449511,-0.604386
-2.047342,0.253486,-0.912640
-1.952172,0.072125,-1.168819
-1.788768,-0.147393,-1.298854
-1.495179,-0.335787,-1.116147
-1.143381,-0.540940,-0.879121
-0.856226,-0.703297,-0.518644
-0.800860,-0.768389,-0.229694
-1.039832,-0.781258,0.071227
-1.405696,-0.607229,0.539593
-1.785027,-0.341623,1.089062
-1.928530,-0.168791,1.646912
-1.834707,0.035015,2.026542
-1.631499,0.198569,2.347664
-1.510442,0.269048,2.241571
-1.592294,0.224456,1.915361
-1.856105,0.162058,1.542315
-2.023699,0.194230,1.348983
-2.060959,0.226102,1.137695
-2.003199,0.300173,0.887052
-1.809268,0.388310,0.613963
-1.681478,0.492906,0.222661
-1.498471,0.546028,-0.219818
-1.407940,0.430208,-0.613065
-1.199944,0.288501,-0.824204
-0.993743,0.075118,-0.949151
-0.821062,-0.156072,-0.981772
-0.703895,-0.360327,-0.793079
0.175226,-1.476624,-0.725443
0.575207,-1.616236,-0.248398
0.587028,-1.379359,0.202460
0.313640,-0.938527,0.616208
-0.116867,-0.400580,0.815824
-0.577452,0.125696,0.871938
-0.897676,0.615908,0.882712
-1.146374,0.970550,0.924611
-1.245434,1.115399,0.869694
-1.333271,1.105672,0.632817
-1.506701,1.012897,0.312294
-1.621323,0.830189,0.137667
-1.634342,0.623241,0.046837
-1.466748,0.462679,0.063895
-1.203086,0.307505,-0.129736
-0.732177,-0.564134,-0.585532
-0.675165,-0.687585,-0.749236
-0.742951,-0.650475,-0.880468
-0.823456,-0.356586,-0.727837
-0.892289,-0.099659,-0.703297
-0.947505,0.091129,-0.791134
-1.027412,0.230741,-0.970998
-1.153706,0.282516,-1.065719
-1.266682,0.325312,-1.225382
-1.312023,0.266804,-1.294066
-1.214908,0.234033,-1.369932
-1.057040,0.143802,-1.347936
-0.913089,0.058508,-1.253065
-0.846500,-0.022446,-1.297358
-1.060033,-0.019154,-1.432630
-1.347786,-0.005387,-1.309329
-1.614590,0.059855,-1.174206
-1.839345,0.113276,-0.906056
-1.867627,0.305560,-0.587477
-1.844134,0.481085,-0.384718
-1.713351,0.568922,-0.296582
-1.515380,0.556802,-0.140061
-1.259500,0.437690,0.046537
-0.946907,0.265008,0.171185
-0.594510,0.001646,0.393697
-0.195576,-0.262315,0.551564
0.214131,-0.530765,0.679355
0.521637,-0.774524,0.739659
0.856077,-0.974590,0.727837
1.164629,-1.117643,0.681001
1.252616,-1.221492,0.617255
1.195305,-1.172111,0.555604
1.115399,-1.095198,0.628029
0.969053,-0.931344,0.644040
0.810587,-0.739659,0.615759
0.524480,-0.533907,0.500239
0.241216,-0.352397,0.463877
-0.046537,-0.114173,0.385915
-0.364218,0.071676,0.297480
-0.562189,0.301370,0.187945
-0.628478,0.462231,0.156521
-0.537648,0.575805,0.035614
-0.391751,0.591368,-0.100556
-0.258125,0.513856,-0.406565
-0.143802,0.419135,-0.519542
0.110582,0.287903,-0.515053
0.393098,0.178967,-0.421978
0.703746,-0.005237,-0.346860
1.033248,-0.191087,-0.274286
1.221192,-0.357035,-0.193631
1.193659,-0.457293,-0.031723
0.904709,-0.423175,0.180313
0.424971,-0.231489,0.603040
-0.293290,0.075866,1.893664
-0.526575,0.226851,2.940828
0.013168,0.214880,2.535160
0.175375,0.264709,2.088492
-0.292242,0.347608,2.069039
-0.516848,0.265906,2.000505
-0.341473,0.177021,1.680430
-0.085293,0.116418,1.557727
0.003442,0.093673,1.408838
0.072874,0.074220,1.318756
0.263961,-0.015113,1.224036
0.482282,-0.150087,1.132008
0.767491,-0.254085,1.024419
1.020678,-0.401178,0.939874
1.234660,-0.541090,0.812383
1.414225,-0.647781,0.661249
1.489193,-0.726191,0.415693
1.431733,-0.686537,0.158616
1.370680,-0.639551,0.026336
1.309329,-0.616657,-0.188394
1.065120,-0.464475,-0.498443
0.737564,-0.259921,-0.917129
0.293290,0.006135,-1.138144
-0.098761,0.240767,-1.006911
-0.364667,0.434847,-0.741604
-0.532710,0.588375,-0.456095
-0.655263,0.620846,-0.169689
-0.832584,0.554557,0.015862
-0.973692,0.592565,0.063446
-0.862212,0.555156,0.112976
-0.492008,0.419434,0.285209
-0.208296,0.284760,0.322768
0.029628,0.043694,0.330101
0.175375,-0.073322,0.442628
0.304064,-0.178817,0.442628
0.428412,-0.232836,0.467917
0.516848,-0.254683,0.461183
0.551415,-0.235679,0.226252
0.579546,-0.175226,0.095918
0.532710,-0.065242,0.090830
0.461482,-0.026486,0.136619
0.444723,-0.040103,0.092326
0.467169,-0.038158,0.126294
0.475997,-0.070479,0.190938
0.419135,-0.073771,0.308852
0.360327,-0.084695,0.506074
0.295534,0.020051,0.569521
0.116119,0.082899,0.643741
-0.133177,0.206350,0.617255
-0.124349,0.256329,0.484826
0.046986,0.165499,0.216226
-0.146495,0.260369,-0.007482
-0.203507,0.347459,-0.177919
-0.321122,0.472107,-0.460435
-0.387561,0.518195,-0.640599
-0.477344,0.557400,-0.744746
-0.450260,0.546626,-0.714071
-0.269647,0.439635,-0.510563
-0.104447,0.290596,-0.266804
0.031723,0.131681,-0.143951
0.185551,0.022745,-0.027084
0.424971,-0.042497,0.119860
0.604985,-0.189441,0.313790
0.732925,-0.259172,0.456844
0.808642,-0.351798,0.482731
0.896479,-0.345214,0.380977
0.905158,-0.323666,0.326210
0.859668,-0.291195,0.264410
0.709731,-0.171934,0.108188
0.585532,-0.096816,0.057461
0.488567,-0.019902,0.025738
0.362572,-0.001047,-0.082600
0.294188,0.015562,-0.162656
0.224307,0.017059,-0.149638
0.182857,-0.011372,-0.117914
0.199617,-0.100856,0.023493
0.107889,-0.071078,0.187346
0.055216,0.030676,-0.343119
0.215329,0.025289,-1.971326
0.123900,0.330101,-2.347664
0.290447,0.315436,-0.751181
0.375590,0.214730,0.038756
0.344017,-0.038008,0.372298
0.376189,-0.229843,0.615609
0.330101,-0.262913,0.755820
0.209193,-0.110881,0.892588
0.134075,0.193033,1.071705
0.172981,0.298377,1.330278
0.311396,0.183306,1.554435
0.463128,0.010325,1.725172
0.557849,-0.205004,1.936760
0.646734,-0.320673,1.981052
0.664391,-0.225055,1.770811
0.702100,-0.088137,1.315763
0.613664,0.058209,0.757017
0.515202,0.042647,0.205602
0.475848,-0.090082,-0.145897
0.508768,-0.186748,-0.228347
0.584036,-0.151433,-0.086042
0.678307,-0.133028,-0.006584
0.744447,-0.099359,0.045041
0.772130,-0.144101,0.039953
0.624288,-0.219518,0.038158
0.634613,-0.232088,0.248997
