-0.180463,-0.005686,-0.441730
-0.063297,0.020051,-0.834379
0.083947,0.060753,-0.963816
0.113575,0.117466,-0.701950
0.173729,0.182109,-0.265307
0.175525,0.218321,0.067187
0.198419,0.197821,0.482282
0.319476,0.144251,0.850839
0.258873,0.130484,1.031302
0.086640,0.136021,1.080234
0.033818,0.107141,1.043124
0.010624,0.031723,0.881665
0.002843,-0.036661,0.709432
-0.086640,-0.015263,0.556353
-0.114622,-0.000449,0.441730
-0.214281,-0.036362,0.298228
-0.268151,-0.001646,0.184802
-0.327856,-0.002394,0.122852
-0.337882,-0.024690,0.035614
-0.298228,-0.064793,-0.113874
-0.292242,-0.057461,-0.104148
-0.196325,-0.062100,-0.086191
-0.014216,-0.072874,-0.094571
0.110732,-0.043545,0.032322
0.196624,0.036362,0.102951
0.236427,0.033220,0.281169
0.300323,0.002693,0.362572
0.391602,0.016460,0.527622
0.432602,0.030975,0.635212
0.404321,0.024241,0.713023
0.413748,0.050727,0.678307
0.389507,0.095020,0.690428
0.325462,0.101754,0.568473
0.270694,0.102651,0.353294
0.216077,0.127192,0.194230
0.151882,0.095768,0.053121
0.048483,0.125396,-0.068684
0.007482,0.117166,-0.128389
-0.077662,0.095618,-0.141408
-0.060304,0.079458,-0.110283
-0.103998,0.052672,-0.138864
-0.111630,0.116717,-0.062249
-0.161459,0.120608,-0.017957
-0.205602,0.140061,-0.008380
-0.210540,0.102801,-0.004788
-0.162357,0.119112,0.116268
-0.117166,0.093673,0.058808
-0.041450,0.015862,0.057610
0.032471,0.026187,0.117466
0.045340,0.040552,0.164152
0.138265,0.061501,0.169090
0.145298,0.054318,0.175076
0.129885,0.032322,0.213383
0.173430,0.017657,0.224157
0.117765,0.014066,0.272041
0.117017,-0.041749,0.266056
0.065092,-0.039055,0.307954
-0.000748,-0.002993,0.329502
-0.026785,0.019752,0.292392
-0.065990,-0.017358,0.274435
-0.073921,-0.035614,0.091429
-0.079458,-0.084096,0.025588
-0.053570,-0.035165,0.012420
-0.048034,-0.053720,0.061651
0.005836,-0.031873,0.152630
0.018854,0.006285,0.225654
0.025887,0.023343,0.296282
0.028431,-0.017059,0.344316
0.027234,-0.001646,0.435296
-0.002394,-0.030526,0.383970
0.019154,-0.025588,0.430657
0.022296,0.008679,0.312144
0.111929,0.023493,0.248847
0.179266,0.042946,0.134075
0.125696,0.076764,0.204854
0.129287,0.045639,0.157119
0.174178,-0.015712,0.114173
0.216526,-0.040253,0.048483
0.210839,-0.020500,0.098910
0.138864,0.025738,0.019004
0.119560,0.034866,-0.045490
0.103250,0.067187,-0.175824
0.102951,0.097564,-0.126593
0.124947,0.051625,-0.185251
0.131232,0.056114,-0.231938
0.125696,0.050727,-0.258125
0.122852,0.033818,-0.300023
0.117914,0.042796,-0.253486
0.111630,0.064195,-0.219967
0.112378,0.093374,-0.187795
0.104896,0.039355,-0.044293
0.098462,0.026635,-0.007332
0.092775,0.012869,0.114622
0.147243,0.006584,0.280870
0.063596,0.033968,0.413449
-0.008529,0.011971,0.585682
-0.046687,0.019603,0.665738
-0.026935,-0.013018,0.668132
-0.022296,-0.031274,0.681150
-0.040851,-0.047585,0.538695
-0.063895,-0.020500,0.425120
-0.085593,-0.031125,0.291045
-0.139762,-0.019603,0.137966
-0.142904,0.002544,0.069881
-0.094870,-0.017957,0.008978
-0.081403,-0.088436,-0.083199
-0.068983,-0.053870,-0.168193
-0.059107,-0.035763,-0.170437
-0.063446,-0.011223,-0.183605
-0.087089,0.052373,-0.103549
-0.046837,0.027982,-0.044891
-0.039804,0.043395,0.089034
-0.005387,-0.014664,0.124798
-0.058209,0.115520,0.201412
-0.069133,0.155623,0.286257
-0.072874,0.101454,0.301819
-0.067636,0.078111,0.294487
-0.002394,0.059855,0.265756
-0.014664,0.059705,0.226252
0.009278,0.045041,0.198719
0.004938,0.049231,0.141258
0.049829,0.036063,0.086341
0.039953,0.079158,0.043245
0.028282,0.090680,0.057760
0.026336,0.099808,0.020650
-0.008230,0.084695,0.051924
0.008230,0.082450,-0.027084
-0.049530,0.053271,-0.038008
-0.039205,0.060454,0.027833
-0.086042,0.061800,0.058957
-0.079009,0.113874,0.048034
-0.124050,0.084845,0.104148
-0.119860,0.070928,0.150835
-0.134225,0.088436,0.206949
-0.163554,0.029479,0.246303
-0.114024,0.013018,0.276231
-0.125396,-0.030975,0.343119
-0.094870,0.010175,0.339528
-0.129885,-0.004938,0.343119
-0.080206,-0.029778,0.328754
-0.073771,-0.064643,0.289100
-0.055366,-0.075118,0.305859
-0.031274,-0.093524,0.271143
0.034267,-0.054618,0.286706
0.003142,-0.065541,0.225504
0.037858,-0.065691,0.275782
0.049979,-0.037110,0.330849
0.087688,-0.040253,0.332046
0.097414,-0.087538,0.358232
0.152481,-0.081852,0.378583
0.102502,-0.072874,0.367809
0.107739,-0.070479,0.394145
0.136619,-0.066289,0.389357
0.094272,-0.033668,0.418087
0.105345,-0.043245,0.421679
0.054468,-0.036811,0.426617
0.042048,-0.001945,0.321422
0.043844,0.035763,0.209044
0.045789,0.034566,0.113425
0.071826,0.049231,0.058658
0.038457,0.045041,-0.010624
0.064045,0.092177,-0.058359
0.080355,0.071377,-0.103699
0.099359,0.063147,-0.138265
0.107440,0.061651,-0.147842
0.136918,0.008230,-0.187197
0.133926,0.092326,-0.205153
0.149937,0.085742,-0.176423
0.102651,0.089334,-0.056713
0.124349,0.066289,0.029479
0.172831,0.109235,0.105943
0.123152,0.076166,0.230442
0.106542,0.045639,0.218321
0.100257,0.071976,0.279373
0.025738,0.126593,0.347459
0.006135,0.136469,0.319925
-0.028132,0.104148,0.348656
-0.016011,0.077512,0.318878
0.011223,0.043844,0.219518
0.051475,0.008679,0.169240
0.016161,-0.013467,0.096367
0.037409,-0.020351,0.102352
0.010924,-0.000748,0.057012
0.042048,0.018106,0.047435
-0.006584,0.028132,0.057012
-0.002095,-0.011821,0.039205
0.008529,-0.054169,-0.000449
-0.017508,-0.016460,0.086939
-0.050727,-0.006734,0.157568
-0.070030,0.013617,0.182708
-0.093972,0.017059,0.178967
-0.072275,0.010026,0.232836
-0.024241,0.020500,0.273388
-0.030077,0.058508,0.294936
-0.023942,0.039205,0.321272
-0.051176,0.068833,0.327407
-0.025139,0.039953,0.344166
-0.038457,0.029928,0.261716
-0.020800,0.023044,0.186299
-0.026785,0.049530,0.112228
-0.043545,0.029479,0.033369
-0.038906,0.033818,0.045490
-0.011672,0.026037,-0.013168
-0.017508,0.000898,0.020351
-0.021099,-0.027683,0.020351
-0.024541,0.001047,0.032322
-0.059556,0.005686,0.073023
-0.074370,0.011672,0.100556
-0.048782,0.100556,0.160412
-0.083348,0.027234,0.134075
-0.101155,0.052523,0.139911
-0.074370,0.045041,0.131681
-0.034566,0.012719,0.123301
-0.030526,0.000898,0.105345
-0.029778,0.004489,-0.020201
-0.032172,0.001945,-0.017807
-0.055815,0.030526,0.003741
-0.051924,0.039804,-0.048931
-0.045639,0.099060,-0.021398
-0.056114,0.079458,-0.012869
0.006883,0.031125,-0.023792
0.014664,0.014365,-0.048931
0.000748,0.048333,0.023942
-0.001197,0.036512,0.066888
-0.034417,0.044592,0.135123
-0.027384,0.007033,0.187646
0.037409,0.034716,0.177919
0.031274,0.029778,0.150386
0.049979,-0.036063,0.186299
0.012420,0.025438,0.143203
0.082151,-0.028880,0.157568
0.052523,-0.024391,0.206500
-0.029479,-0.028132,0.138265
-0.076465,0.003442,0.206350
-0.137667,0.007482,0.243460
-0.121356,0.003292,0.231340
-0.137068,0.000150,0.165499
-0.118214,-0.058957,0.147393
-0.153977,-0.005986,0.088735
-0.229694,0.032621,0.110133
-0.253486,0.104297,0.119710
-0.251990,0.167295,0.148291
-0.246603,0.149488,0.197372
-0.183905,0.115670,0.297779
-0.174926,0.099509,0.368408
-0.144700,0.068983,0.370802
-0.084096,0.081403,0.473753
-0.067187,0.117316,0.343269
-0.030825,0.121356,0.374393
0.016460,0.103849,0.437840
0.073622,0.042347,0.445022
0.072724,0.033220,0.473753
0.149937,0.052373,0.461931
0.180313,0.019303,0.445172
0.241665,0.020201,0.367360
0.246902,0.043395,0.332794
0.296432,0.104896,0.256479
0.318878,0.098761,0.202759
0.342969,0.077961,0.058059
0.380528,0.033968,0.082001
0.399233,0.035464,-0.029179
0.385018,-0.047136,-0.000299
0.375590,-0.018705,0.063147
0.326809,-0.002095,0.053421
0.280421,-0.001197,0.105943
0.227599,0.015413,0.256628
0.113575,-0.026037,0.382174
0.019303,0.011522,0.448015
-0.071976,0.028282,0.501735
-0.085144,0.007931,0.602142
-0.098162,-0.035015,0.615310
-0.162058,-0.051924,0.694468
-0.143054,-0.072275,0.631171
-0.230741,-0.070479,0.585831
-0.252738,-0.044742,0.517746
-0.314688,-0.060454,0.391153
-0.292542,-0.036512,0.325611
-0.273687,-0.027982,0.220566
-0.292542,0.011073,0.124050
-0.319925,0.029928,0.068085
-0.390255,0.054917,0.104148
-0.385616,0.031274,0.079308
-0.420332,-0.008529,-0.024690
-0.413299,-0.047435,-0.070180
-0.436343,0.001047,-0.011372
-0.461183,-0.026187,0.010175
-0.484078,-0.050578,0.154875
-0.538995,-0.051475,0.191835
-0.528221,-0.067038,0.270694
-0.511761,-0.101005,0.490811
-0.517148,-0.136320,0.574459
-0.566827,-0.104896,0.619799
-0.591966,-0.139013,0.711826
-0.676063,-0.113874,0.776320
-0.672471,-0.129137,0.859967
-0.700753,-0.160112,0.900519
-0.734571,-0.134225,0.946009
-0.736965,-0.155773,0.958130
-0.774824,-0.153678,1.066018
-0.787393,-0.152032,0.941669
-0.758962,-0.081702,1.023372
-0.770634,-0.052074,0.926855
-0.820762,-0.042946,0.741754
-0.867898,0.023792,0.629825
-0.900220,-0.031873,0.541838
-0.918775,-0.029928,0.348506
-0.902315,-0.072125,0.270096
-0.943615,-0.043096,0.317232
-1.005714,-0.026635,0.296282
-1.038335,0.012570,0.348207
-1.079935,-0.048632,0.333093
-1.080533,-0.066140,0.411204
-1.051055,-0.064344,0.435595
-1.065719,-0.107290,0.431256
-1.104475,-0.087089,0.442478
-1.131560,-0.073023,0.401029
-1.152958,-0.086042,0.305710
-1.182736,-0.020949,0.282366
-1.307833,0.017807,0.206350
-1.453580,0.092177,0.271742
-1.597381,0.158317,0.281917
-1.732055,0.269497,0.189292
-1.878102,0.274585,0.194828
-1.940650,0.281618,0.140659
-2.062006,0.231639,0.201263
-2.127697,0.177470,0.131382
-2.149694,0.036960,0.148889
-2.119617,-0.049829,0.040701
-2.042404,-0.129137,-0.006434
-1.961001,-0.183306,-0.047734
-1.793107,-0.206500,-0.133177
-1.599327,-0.233135,-0.205452
-1.391031,-0.234332,-0.269497
-1.165827,-0.171485,-0.287903
-0.923863,-0.153977,-0.193930
-0.664092,-0.000748,-0.133327
-0.503680,0.119710,-0.134973
-0.375590,0.181211,-0.133028
-0.328006,0.292990,-0.103400
-0.374842,0.366612,-0.094122
-0.418836,0.442628,-0.206949
-0.588525,0.375141,-0.255282
-0.816572,0.411653,-0.343269
-1.115249,0.516998,-0.462380
-1.351527,0.521637,-0.480935
-1.290026,0.379481,-0.457741
-1.173757,0.152930,-0.526874
-1.151162,0.000000,-0.596007
-1.272668,-0.045490,-0.588824
-1.464653,0.010774,-0.600795
-1.640627,0.109086,-0.520589
-1.655740,0.069881,-0.462081
-1.565658,-0.038906,-0.352247
-1.410484,-0.257526,-0.389806
-1.277606,-0.356886,-0.442927
-1.183933,-0.367061,-0.508020
-1.116596,-0.424073,-0.653467
-0.936283,-0.469563,-0.672172
-0.873435,-0.561740,-0.747141
-0.910395,-0.496348,-0.785149
-1.049409,-0.258723,-0.683096
-1.018883,-0.115371,-0.516399
-0.990451,-0.162955,-0.374693
-0.892439,-0.210091,-0.180313
-0.696264,-0.346710,-0.121057
-0.614113,-0.483479,0.228946
-0.656460,-0.397737,0.516848
-0.753575,-0.306607,0.755670
-0.841412,-0.221913,0.918176
-0.890344,-0.192284,1.043573
-0.915932,-0.161908,1.073351
-1.016039,-0.099808,0.963217
-1.191864,0.078111,0.814926
-1.369034,0.205004,0.640599
-1.473182,0.299126,0.254234
-1.522712,0.378433,-0.002544
-1.518822,0.372448,-0.200814
-1.417218,0.310797,-0.364368
-1.288529,0.168941,-0.443077
-1.113005,0.077961,-0.489614
-0.877625,-0.000299,-0.546028
-0.705541,-0.080505,-0.613215
-0.640150,-0.053870,-0.585981
-0.588674,-0.065841,-0.654515
-0.493355,-0.088436,-0.557999
-0.424223,-0.035015,-0.529717
-0.303914,0.005986,-0.530465
-0.205303,0.068235,-0.453402
-0.071826,0.065841,-0.307056
-0.070330,0.049231,-0.125845
-0.020949,0.064943,0.133028
-0.100108,0.166547,0.389507
-0.394145,0.316184,0.506224
-0.652420,0.501885,0.696114
-0.912939,0.636259,0.885106
-1.071555,0.644938,1.173458
-1.003470,0.521786,1.424849
-0.855478,0.325761,1.568352
-0.644938,0.183306,1.514333
-0.474202,0.048183,1.463755
-0.341772,-0.006584,1.502960
-0.260070,-0.001197,1.465551
-0.183306,0.008679,1.508646
-0.191985,0.004639,1.574487
-0.190339,-0.018555,1.448791
-0.152331,-0.020201,1.286135
-0.153678,-0.024989,1.037438
-0.283114,-0.016011,0.812682
-0.468665,0.182558,0.676961
-0.630723,0.249446,0.662296
-0.604536,0.206201,0.803554
-0.517297,0.040552,0.782006
-0.573262,-0.085443,0.638354
-0.660500,-0.077063,0.529567
-0.773926,0.053870,0.651971
-0.863110,0.107739,0.690727
-0.861164,0.199617,0.722600
-0.818817,0.206949,0.801160
-0.702249,0.219518,0.557699
-0.663194,0.274884,0.266654
-0.612467,0.349553,-0.048183
-0.599149,0.403423,-0.288501
-0.488118,0.456245,-0.522684
-0.347010,0.421529,-0.699257
-0.298377,0.426916,-0.844704
-0.232686,0.440683,-0.905008
-0.187047,0.422128,-0.818218
-0.171934,0.407463,-0.641347
-0.026935,0.337134,-0.404919
0.168193,0.164601,-0.311396
0.456095,-0.082750,-0.359579
0.663044,-0.207398,-0.432153
0.766893,-0.259322,-0.552013
0.858770,-0.336984,-0.729633
0.902165,-0.350601,-0.930596
0.885705,-0.349853,-1.176152
0.827197,-0.363769,-1.357363
0.795174,-0.388310,-1.419013
0.769586,-0.441132,-1.475876
0.731728,-0.445022,-1.417966
0.671574,-0.418087,-1.434127
0.587627,-0.423624,-1.305588
0.479140,-0.353294,-1.079935
0.419584,-0.340126,-0.788441
0.407463,-0.377087,-0.482581
0.552761,-0.411354,-0.089483
0.643442,-0.425869,0.093972
0.786046,-0.429310,0.349105
0.868347,-0.391602,0.420931
1.041328,-0.354492,0.455647
1.151012,-0.297928,0.304812
1.258003,-0.329801,0.035464
1.292270,-0.248398,-0.198120
1.142184,-0.186299,-0.298677
1.073500,-0.057012,-0.384868
1.093402,-0.134075,-0.489016
1.102530,-0.359729,-0.419883
1.045817,-0.437690,-0.414347
0.845153,-0.480486,-0.316633
0.489465,-0.340575,-0.235679
0.208146,-0.205452,-0.153379
-0.064045,-0.096367,-0.033968
-0.304513,0.050877,0.022146
-0.481683,0.233435,0.104597
-0.574160,0.380229,0.086491
-0.639701,0.434398,0.077961
-0.694917,0.512808,0.074220
-0.608726,0.572813,0.016460
-0.469413,0.552013,0.050877
-0.336984,0.497695,0.212036
-0.204405,0.416591,0.278476
-0.071527,0.418985,0.450110
0.166247,0.426467,0.504279
0.501136,0.332944,0.522385
0.850989,0.257676,0.443526
1.095647,0.099210,0.475698
1.341800,0.016310,0.494852
1.461062,-0.076465,0.668730
1.532738,-0.106542,0.666785
1.539023,-0.186748,0.604087
1.586009,-0.361375,0.514155
1.636287,-0.495450,0.485574
1.595735,-0.652121,0.582838
1.448193,-0.697461,0.726939
1.258452,-0.659902,0.926257
1.094749,-0.651821,1.142334
0.969502,-0.687136,1.354669
0.972345,-0.716016,1.437718
0.932841,-0.622044,1.409437
0.849493,-0.467318,1.591845
0.885256,-0.401178,1.919102
0.857723,-0.247501,2.141165
0.799214,-0.012719,2.226757
0.740856,0.096217,2.170045
0.838868,0.206201,2.194884
0.949451,0.243610,2.142212
1.106271,0.210241,1.883937
1.348684,0.118363,1.534833
1.562665,-0.044592,1.228076
1.646163,-0.229245,0.719158
1.701380,-0.461033,0.406865
1.781136,-0.542885,0.127042
1.985093,-0.711976,-0.102352
2.218677,-0.902315,-0.190489
2.407669,-1.002572,-0.254982
2.514211,-0.924910,-0.326659
2.558204,-0.778864,-0.489465
2.616414,-0.628179,-0.584036
2.692878,-0.557699,-0.542436
2.677466,-0.479289,-0.550068
2.671330,-0.361225,-0.465523
2.617311,-0.297629,-0.315286
2.627487,-0.462829,-0.309002
2.572869,-0.611120,-0.167295
2.312799,-0.626682,-0.072425
1.974468,-0.493804,0.072874
1.625663,-0.381875,0.215777
1.420061,-0.349404,0.173280
1.402404,-0.382324,-0.003142
1.329829,-0.356437,-0.231040
1.230620,-0.232537,-0.546327
1.251719,-0.020500,-0.719158
1.311125,0.094421,-0.893187
1.515979,0.079757,-1.236156
1.728015,-0.049380,-1.529147
1.922843,-0.160711,-1.773206
1.922694,-0.155473,-1.896956
1.975067,-0.168642,-1.843835
1.929427,-0.147692,-1.542165
1.884985,-0.156671,-1.149815
1.864485,-0.163704,-0.650175
1.875558,-0.045340,-0.125546
1.982998,-0.015562,0.373944
2.116175,-0.044143,0.678307
2.272397,-0.032771,0.817620
2.378041,-0.121955,0.891242
2.365920,-0.123900,0.896928
2.365920,-0.047585,1.060631
2.360084,-0.037709,1.072752
2.313996,-0.014664,0.986860
2.243517,0.058658,0.843657
2.105700,0.229095,0.714969
2.002600,0.260070,0.517148
2.065448,0.308852,0.333692
2.166603,0.236128,0.098761
2.283769,0.310049,-0.066589
2.330456,0.358083,-0.217573
2.391059,0.444124,-0.200963
2.464382,0.486771,-0.238223
2.488174,0.559794,-0.178518
2.652327,0.627281,-0.050578
2.796727,0.497844,0.054468
2.885163,0.446968,0.133327
2.830096,0.428861,0.136769
2.858228,0.342520,0.209792
2.819921,0.326809,0.201263
2.803012,0.310199,0.225205
2.719065,0.296432,0.158317
2.473360,0.382025,0.037559
2.432659,0.372897,-0.055516
2.499995,0.395193,-0.032471
2.546682,0.352097,-0.083647
2.660856,0.351798,-0.005537
2.671480,0.295983,0.058209
2.682104,0.267253,0.204555
2.625841,0.246303,0.259621
2.543091,0.152630,0.384120
2.284368,0.106243,0.539294
1.916110,0.113725,0.645237
1.531840,0.133626,0.863559
1.062876,0.137367,0.987010
0.690278,0.182109,1.058985
0.533757,0.191835,1.311723
0.530914,0.156222,1.605462
0.585981,0.054318,1.775899
0.763601,-0.028282,1.969530
0.966659,-0.113126,2.042553
1.263091,-0.214431,2.063203
1.526752,-0.373047,1.838747
1.855806,-0.577900,1.483058
2.043152,-0.650026,1.173009
2.116025,-0.730232,0.806846
1.978508,-0.710779,0.355838
1.661726,-0.634763,-0.042647
1.293318,-0.550666,-0.389656
0.848146,-0.460435,-0.660201
0.401777,-0.338630,-0.836474
-0.046837,-0.277428,-0.950797
-0.398934,-0.201412,-1.037737
-0.795623,-0.145597,-1.077241
-1.160440,0.029479,-1.010353
-1.418714,0.231489,-1.015590
-1.603217,0.430358,-0.908600
-1.575385,0.509217,-0.783652
-1.479168,0.557400,-0.567725
-1.265186,0.605883,-0.338780
-0.848445,0.546776,-0.147992
-0.399083,0.417639,0.074071
0.091129,0.276830,0.235230
0.577601,0.080505,0.300921
1.011251,-0.081403,0.340426
1.226729,-0.149189,0.470012
1.377863,-0.231938,0.385616
1.366790,-0.328455,0.389806
1.278354,-0.384419,0.468216
0.959925,-0.348506,0.477344
0.631770,-0.308104,0.471957
0.371700,-0.246752,0.495300
0.062698,-0.146944,0.481534
-0.207847,-0.063297,0.475997
-0.452654,-0.009577,0.543484
-0.615908,0.061950,0.517447
-0.753725,0.083049,0.508169
-0.906505,0.113126,0.594510
-0.970101,0.058209,0.629226
-1.039383,0.104447,0.679355
-1.069161,0.120009,0.689979
-1.113005,0.114323,0.717363
-1.046565,0.116268,0.845153
-1.007510,0.103549,0.901118
-0.920122,0.056862,1.014693
-0.864307,0.041450,0.960673
-0.749535,0.018854,1.051503
-0.648978,0.005237,1.212962
-0.497994,-0.015413,1.133954
-0.423325,-0.041001,1.116297
-0.345064,-0.048632,0.983718
-0.351199,-0.083647,0.735170
-0.394145,-0.108487,0.571616
-0.468665,-0.115371,0.289698
-0.482282,-0.088885,0.072425
-0.507720,-0.038307,-0.185551
-0.524480,-0.008529,-0.389507
-0.594061,-0.014664,-0.586430
-0.621894,-0.010924,-0.748637
-0.670975,0.011672,-0.817470
-0.685340,0.060903,-0.884059
-0.654365,0.068684,-0.854880
-0.648829,0.028880,-0.771980
-0.612766,0.039654,-0.704643
-0.586879,0.058209,-0.600196
-0.601094,0.083348,-0.488716
-0.565331,0.077662,-0.408361
-0.541987,0.066289,-0.426018
-0.520589,0.072724,-0.306159
-0.513556,0.109684,-0.307056
-0.493505,0.136769,-0.303166
-0.432752,0.130783,-0.349404
-0.294487,0.176872,-0.411204
-0.162058,0.115820,-0.526724
-0.048034,0.163853,-0.464026
0.065691,0.226551,-0.426318
0.080355,0.308104,-0.429460
0.151583,0.317082,-0.326060
0.231489,0.329203,-0.323217
0.237026,0.340874,-0.365864
0.231639,0.344615,-0.193332
0.198719,0.360327,-0.175226
0.124050,0.430358,-0.072125
0.033668,0.412551,0.042647
-0.105345,0.443376,0.200514
-0.181062,0.464475,0.272191
-0.246603,0.438139,0.328155
-0.310348,0.425719,0.430807
-0.354791,0.435745,0.544232
-0.418387,0.452953,0.620547
-0.471358,0.460884,0.631022
-0.483030,0.376039,0.717063
-0.409708,0.312593,0.743400
-0.336535,0.235230,0.672771
-0.290895,0.167145,0.696713
-0.219518,0.203806,0.560542
-0.208146,0.224456,0.505625
-0.151134,0.273687,0.446070
-0.102502,0.316184,0.344466
0.045191,0.279822,0.284760
0.138714,0.243311,0.232387
0.203507,0.243760,0.207547
0.262165,0.216226,0.122703
0.317531,0.161160,0.170886
0.294636,0.096666,0.172233
0.262764,0.006883,0.180762
0.103549,-0.004190,0.282366
-0.101454,0.071826,0.303764
-0.267552,0.086790,0.541688
-0.434398,0.064494,0.677709
-0.577601,0.094571,0.802806
-0.690428,0.089633,0.902913
-0.801908,0.139612,1.033996
-0.817171,0.162806,1.159243
-0.814328,0.130933,1.209072
-0.753126,0.105644,1.173009
-0.663493,0.041001,1.118840
-0.581043,0.025738,1.104475
-0.432752,-0.026037,1.063774
-0.340575,0.001047,1.029207
-0.225654,-0.034267,0.903661
-0.123301,-0.036512,0.798466
-0.033818,-0.093075,0.647931
0.071377,-0.089783,0.556203
0.080804,-0.080056,0.403273
0.117765,-0.064943,0.238522
0.082151,-0.114772,0.130035
0.049829,-0.108487,-0.016909
-0.009876,-0.031574,-0.057311
-0.110582,-0.054767,-0.077512
-0.201861,-0.010774,-0.080056
-0.274286,-0.022595,0.004788
-0.296432,0.034566,0.119261
-0.354791,0.048632,0.163255
-0.366911,0.032322,0.279074
-0.387262,0.042946,0.273986
-0.364517,0.030376,0.254683
-0.330101,0.038756,0.253486
-0.316932,0.056862,0.312144
-0.319027,0.009726,0.273986
-0.274136,0.010175,0.234632
-0.302418,0.008230,0.159514
-0.284311,0.023942,0.129736
-0.264260,-0.057012,0.101305
-0.304064,-0.076016,0.098013
-0.220566,-0.110881,-0.011821
-0.198569,-0.150984,-0.082151
-0.162806,-0.277578,-0.239719
-0.164003,-0.284760,-0.251391
-0.227748,-0.251391,-0.337283
-0.299874,-0.204405,-0.449511
-0.355838,-0.139462,-0.535703
-0.449062,-0.077961,-0.580145
-0.488417,-0.067935,-0.682198
-0.530016,-0.110732,-0.697162
-0.550517,-0.037858,-0.647632
-0.597952,0.013168,-0.565780
-0.596306,0.023792,-0.498443
-0.531812,-0.011672,-0.311396
-0.421230,-0.022595,-0.142156
-0.370652,-0.068235,-0.130933
-0.254833,-0.089783,-0.001047
-0.309301,-0.070629,0.067935
-0.274735,-0.037858,0.083049
-0.302867,0.020800,0.069432
-0.256329,0.087089,0.192284
-0.207996,0.067786,0.273388
-0.146346,0.060304,0.328305
-0.175974,0.051475,0.355539
-0.121506,0.114473,0.336385
-0.112527,0.128838,0.345812
-0.135721,0.089334,0.337283
-0.240617,0.073771,0.347907
-0.318279,0.061950,0.390853
-0.353594,0.046238,0.359430
-0.446070,-0.025887,0.433351
-0.552911,-0.004938,0.466570
-0.621894,0.012121,0.499939
-0.646285,-0.007033,0.548871
-0.587926,-0.018106,0.551115
-0.573561,-0.058957,0.492457
-0.546327,-0.081104,0.458789
-0.473753,-0.051775,0.432453
-0.409259,-0.084396,0.319925
-0.338331,-0.108038,0.220566
-0.250044,-0.099659,0.251690
-0.179864,-0.126593,0.161758
-0.089783,-0.082600,0.175974
-0.038307,-0.076016,0.185401
-0.083947,-0.073622,0.207847
-0.113276,-0.043694,0.221913
-0.141258,0.020051,0.162955
-0.234632,0.067337,0.246303
-0.259172,-0.012270,0.263961
-0.272789,-0.052822,0.301969
-0.325761,-0.054169,0.383222
-0.420332,-0.052523,0.379631
-0.503830,-0.022745,0.353145
-0.556802,-0.040552,0.262165
-0.524181,-0.035165,0.256180
-0.456095,-0.001197,0.189292
-0.336086,-0.050278,0.054169
-0.211588,-0.099509,-0.058209
-0.134823,-0.063895,-0.189740
-0.090082,-0.059406,-0.197971
-0.046238,-0.020500,-0.244508
0.046388,0.007183,-0.328155
0.058808,0.014515,-0.266804
0.031873,0.009577,-0.293140
-0.020351,-0.013318,-0.339677
-0.089184,-0.019453,-0.289249
-0.187646,0.036811,-0.291644
-0.295235,0.100257,-0.277129
-0.403573,0.148441,-0.159813
-0.443825,0.214281,-0.176572
-0.481983,0.162806,-0.103549
-0.388459,0.155623,-0.010026
-0.340276,0.117765,-0.086491
-0.306308,0.127491,0.010624
-0.213982,0.186748,-0.094272
-0.100856,0.167295,-0.132130
0.013916,0.153678,-0.250194
0.136469,0.075118,-0.360776
0.221913,0.052224,-0.503680
0.320973,0.008978,-0.573561
0.362722,0.008080,-0.609923
0.322918,-0.022895,-0.709731
0.339378,0.018705,-0.662595
0.265607,-0.039355,-0.622642
0.215927,-0.017957,-0.556652
0.079757,0.028431,-0.490811
-0.078111,0.062848,-0.307954
-0.225953,0.119411,-0.085892
-0.248398,0.115371,0.029628
-0.256628,0.075118,0.127042
-0.230592,0.102951,0.237625
-0.174627,0.057461,0.400879
-0.116119,0.033070,0.535553
-0.088735,0.064943,0.566229
-0.079607,0.059556,0.653168
-0.025738,0.071078,0.699705
0.000000,0.082600,0.735469
0.059705,0.003741,0.803704
0.078260,-0.013767,0.794276
0.107141,-0.035165,0.726341
0.131531,-0.052523,0.710030
0.152780,-0.048183,0.623091
0.146495,-0.056413,0.490512
0.113276,-0.071527,0.373645
0.002693,-0.040552,0.267402
-0.035763,-0.039055,0.241216
-0.138714,-0.064045,0.218471
-0.266804,-0.020051,0.286556
-0.375740,0.060454,0.341323
-0.361076,0.112677,0.490662
-0.351648,0.060454,0.613514
-0.274136,-0.007332,0.723199
-0.200963,-0.066439,0.802955
-0.150535,-0.086191,0.850540
-0.141108,-0.053421,0.858770
-0.059107,-0.054019,0.864606
-0.059107,-0.146645,0.779612
-0.022446,-0.228048,0.667234
-0.051625,-0.264110,0.589572
-0.100706,-0.293290,0.424672
-0.183905,-0.334590,0.360178
-0.246004,-0.279224,0.264709
-0.358232,-0.242563,0.112976
-0.402076,-0.226851,0.068983
-0.424971,-0.173879,0.078859
-0.431704,-0.143502,-0.013018
-0.493954,-0.058808,-0.121955
-0.496647,0.000150,-0.101604
-0.479140,0.046837,-0.049081
-0.415244,0.076315,0.101305
-0.372298,0.112827,0.170288
-0.267402,0.107739,0.303914
-0.210839,0.096816,0.345214
-0.163554,0.058957,0.424821
-0.113874,0.067487,0.390853
-0.033519,-0.002693,0.478840
0.010175,-0.010774,0.540641
-0.079458,0.015413,0.548571
-0.152032,0.035165,0.599748
-0.192434,0.021847,0.684442
-0.268600,0.048183,0.748787
-0.355539,0.048183,0.717512
-0.404470,0.031274,0.750881
-0.450260,0.032471,0.679055
-0.407314,-0.031574,0.572663
-0.356736,-0.064943,0.463877
-0.264410,-0.058508,0.255880
-0.252738,-0.120159,0.051625
-0.175076,-0.092775,-0.051026
-0.116568,-0.137667,-0.160860
-0.102053,-0.108188,-0.236128
-0.130185,-0.111480,-0.219219
-0.223409,-0.069581,-0.263512
-0.224606,-0.026336,-0.255282
-0.277727,-0.001197,-0.194379
-0.323367,-0.064943,-0.201861
-0.323666,-0.058508,-0.124349
-0.322768,-0.092775,-0.076764
-0.347010,-0.082301,0.006584
-0.303914,-0.028282,0.103100
-0.251391,-0.047884,0.188843
-0.142006,-0.106093,0.255581
-0.068235,-0.096067,0.342670
-0.003442,-0.117466,0.440533
0.027084,-0.114024,0.548123
0.077063,-0.127641,0.530016
0.102502,-0.161609,0.595857
0.117615,-0.171335,0.677110
0.152481,-0.130933,0.656759
0.186598,-0.185850,0.709432
0.136918,-0.143802,0.689081
0.132878,-0.100856,0.663942
0.097863,-0.050877,0.533308
0.175076,-0.090531,0.579995
0.266205,-0.154725,0.493654
0.292691,-0.186897,0.537947
0.237026,-0.072574,0.549769
0.193631,-0.059556,0.529268
0.162806,-0.039654,0.529119
0.142455,-0.020650,0.580444
0.142904,0.027833,0.566977
0.106991,0.078859,0.649278
0.140659,0.074370,0.671723
0.241066,0.052672,0.673818
0.314239,0.077812,0.635212
0.399532,0.076166,0.614562
0.445322,0.105046,0.586879
0.504578,0.117466,0.495749
0.550816,0.114622,0.318429
0.609324,0.079906,0.288501
0.745495,0.006584,0.138864
0.808043,-0.043395,-0.033519
0.857274,-0.052672,-0.159065
0.920870,-0.070779,-0.291943
0.988356,-0.014664,-0.383970
1.120337,-0.044143,-0.405368
1.221192,-0.028282,-0.402824
1.306336,-0.030227,-0.484078
1.372177,-0.012270,-0.394145
1.379808,0.001047,-0.298228
1.453580,-0.063446,-0.271742
1.476923,-0.071377,-0.171036
1.415721,-0.128688,-0.150685
1.417218,-0.149488,-0.149488
1.292869,-0.190339,0.005986
1.244386,-0.288801,0.155473
1.111209,-0.343867,0.267702
1.028459,-0.321422,0.316334
0.891840,-0.281768,0.399832
0.778864,-0.309451,0.449661
0.739359,-0.357933,0.475548
0.698808,-0.366911,0.562488
0.734571,-0.305261,0.623091
0.755371,-0.277278,0.633416
0.757316,-0.257826,0.683395
0.863110,-0.295085,0.669928
0.895731,-0.268151,0.705541
0.856825,-0.196175,0.669329
0.933439,-0.205303,0.632069
1.049109,-0.219219,0.610372
1.180042,-0.277727,0.493056
1.292121,-0.415693,0.376787
1.317709,-0.386364,0.246303
1.340454,-0.405368,0.079906
1.372476,-0.353743,-0.138116
1.321450,-0.336086,-0.188543
1.243489,-0.347608,-0.352845
1.186177,-0.364966,-0.440533
1.147870,-0.290895,-0.511461
1.060033,-0.255581,-0.669778
1.011101,-0.244508,-0.604386
0.947954,-0.141408,-0.681300
0.903961,-0.106392,-0.649278
0.982521,-0.115820,-0.632817
1.125574,-0.199916,-0.641347
1.283891,-0.279673,-0.523133
1.380856,-0.187346,-0.435745
1.406893,-0.038307,-0.432303
1.407641,0.084396,-0.401328
1.432780,0.094721,-0.470910
1.436521,0.162656,-0.392051
1.454478,0.197372,-0.385167
1.468843,0.212635,-0.435894
1.508197,0.161459,-0.330998
1.546654,0.049979,-0.287155
1.634492,-0.024092,-0.230143
1.580024,-0.091728,-0.264110
1.597381,-0.089483,-0.168642
1.476474,0.004040,-0.110283
1.420809,0.070779,-0.086491
1.389834,0.088436,-0.038756
1.344943,0.086790,-0.104447
1.375618,0.078111,-0.076914
1.330278,0.152630,-0.089932
1.357512,0.241515,-0.136320
1.448791,0.243011,-0.164751
1.552490,0.212186,-0.151134
1.587356,0.211288,-0.271592
1.558326,0.199766,-0.297330
1.467197,0.209942,-0.345812
1.267281,0.260369,-0.352247
1.016788,0.309600,-0.247351
0.749984,0.393248,-0.246453
0.628328,0.461183,-0.047884
0.496797,0.405518,0.112378
0.475997,0.466869,0.368707
0.443675,0.459537,0.639401
0.507271,0.447267,0.881365
0.563834,0.489614,1.098340
0.522086,0.482881,1.245733
0.506972,0.593463,1.192013
0.502184,0.656011,1.174057
0.568773,0.620098,1.061380
0.747141,0.473902,0.840963
0.858920,0.394894,0.546327
0.842011,0.498144,0.448015
0.763451,0.592116,0.493355
0.739359,0.717363,0.603488
0.854580,0.623390,0.840514
1.019481,0.440982,1.101632
1.205032,0.298826,1.420210
1.303493,0.257826,1.571195
1.287033,0.333393,1.704223
1.370980,0.342072,1.852514
1.340154,0.261118,1.958906
1.344195,0.157119,1.975216
1.273416,0.152032,2.043002
1.095497,0.205752,2.025345
0.921319,0.186299,2.096273
0.741604,0.184204,2.138022
0.560991,0.253037,2.264616
0.371550,0.247052,2.196680
0.223409,0.162058,2.071134
0.141856,0.097564,1.841141
0.193781,-0.035913,1.667113
0.223259,-0.095319,1.349133
0.255132,-0.068983,0.994940
0.267103,-0.010325,0.562937
0.317082,0.013168,0.199168
0.437540,-0.066738,-0.176423
0.519542,-0.140510,-0.397288
0.561440,-0.227300,-0.513856
0.566229,-0.209493,-0.504578
0.476147,-0.184952,-0.321422
0.227748,-0.098162,-0.206350
0.052373,-0.081702,-0.162955
-0.190938,-0.176872,-0.052373
-0.413748,-0.239271,0.064195
-0.709731,-0.234781,0.148740
-1.009755,-0.227449,0.245256
-1.225532,-0.206650,0.311845
-1.345990,-0.218621,0.378433
-1.479467,-0.182109,0.374393
-1.476624,-0.247800,0.427964
-1.399261,-0.375590,0.384419
-1.242441,-0.511761,0.291943
-1.059734,-0.623091,0.216077
-0.942567,-0.686388,0.025438
-0.854580,-0.659752,-0.093374
-0.852186,-0.581043,-0.306907
-0.854880,-0.552462,-0.358532
-0.814926,-0.434248,-0.519242
-0.751330,-0.449362,-0.607978
-0.620547,-0.449960,-0.623690
-0.532560,-0.471658,-0.693121
-0.361973,-0.567725,-0.667982
-0.246453,-0.648529,-0.593762
-0.245855,-0.556203,-0.578349
-0.345962,-0.384569,-0.546028
-0.467767,-0.181959,-0.522235
-0.554108,-0.015413,-0.510563
-0.569072,0.031873,-0.516699
-0.560094,0.024989,-0.552911
-0.555455,0.000599,-0.742502
-0.619799,0.075417,-0.874482
-0.688034,0.086491,-1.070956
-0.719907,0.132280,-1.205331
-0.725593,0.106243,-1.253365
-0.533907,-0.066738,-1.316961
-0.217723,-0.394445,-1.361403
-0.015113,-0.653916,-1.426046
0.014216,-0.652270,-1.538574
-0.049680,-0.519093,-1.379359
-0.242563,-0.322469,-1.149516
-0.400879,-0.182408,-0.823755
-0.544232,-0.063446,-0.477494
-0.555455,0.022296,-0.128838
-0.581342,0.101155,0.232986
-0.668431,0.211588,0.524031
-0.765845,0.325163,0.706290
-0.808492,0.470012,0.666935
-0.820463,0.547225,0.542586
-0.777367,0.522235,0.393098
-0.649128,0.512359,0.260070
-0.603488,0.441880,0.201412
-0.609624,0.462231,0.144849
-0.707337,0.541389,0.003442
-0.731129,0.567875,-0.177620
-0.640898,0.484676,-0.442478
-0.573112,0.406865,-0.604536
-0.454300,0.361674,-0.775871
-0.440832,0.336385,-0.883909
-0.493804,0.408660,-0.878073
-0.562189,0.456993,-0.922516
-0.465822,0.418536,-0.975338
-0.376937,0.339378,-1.053149
-0.309899,0.165200,-0.939425
-0.313790,0.207996,-0.770634
-0.483030,0.287304,-0.514454
-0.621445,0.414197,-0.222361
-0.779013,0.498742,-0.067786
-0.899472,0.545279,0.025588
-0.944513,0.481384,0.200365
-0.822408,0.366762,0.315286
-0.557550,0.152780,0.334290
-0.223708,-0.066140,0.267253
0.054618,-0.200664,0.104297
0.253187,-0.242563,-0.209193
0.350152,-0.209193,-0.440234
0.392799,-0.157718,-0.690129
0.320524,-0.027833,-0.851588
0.160262,0.092476,-0.858471
-0.074071,0.213683,-0.727688
-0.430358,0.340575,-0.524031
-0.816872,0.413149,-0.197073
-1.232116,0.473453,0.188693
-1.559972,0.470760,0.555305
-1.674594,0.327108,0.872986
-1.750012,0.047884,1.304391
-1.571644,-0.312144,1.633145
-1.312920,-0.567725,2.028787
-1.091756,-0.650026,2.346318
-0.882862,-0.660201,2.582446
-0.755221,-0.557699,2.741511
-0.530615,-0.376787,2.728043
-0.383372,-0.300921,2.533664
-0.205004,-0.180313,2.152387
-0.183007,0.000599,1.780688
-0.295684,0.238373,1.393425
-0.523133,0.480786,0.933439
-0.701950,0.710928,0.574010
-0.826149,0.760309,0.183605
-1.006163,0.702997,-0.221164
-1.230320,0.701351,-0.566079
-1.529446,0.657358,-0.882263
-1.857003,0.639401,-1.174506
-2.033725,0.587178,-1.372177
-2.091335,0.419135,-1.694347
-2.101211,0.295684,-1.962796
-1.995118,0.137966,-2.097021
-1.717391,0.003442,-2.182016
-1.331924,-0.342221,-2.134281
-0.884957,-0.556053,-1.997961
-0.481534,-0.720655,-1.570746
-0.200814,-0.735618,-1.091906
-0.102651,-0.587328,-0.268300
-0.078859,-0.338780,0.428412
-0.046837,-0.117914,1.125275
-0.075567,0.039055,1.774403
-0.179864,0.156820,2.258480
-0.298976,0.292093,2.590526
-0.566678,0.432153,2.618808
-0.979528,0.530914,2.429367
-1.372925,0.619500,1.982698
-1.735347,0.650624,1.484704
-2.063951,0.658405,0.912340
-2.319533,0.496498,0.324564
-2.500744,0.246752,-0.306458
-2.621651,0.029179,-0.923264
-2.696470,-0.095170,-1.389385
-2.688090,-0.164751,-1.856853
-2.611924,-0.275782,-2.098368
-2.377143,-0.414197,-2.324620
-2.052429,-0.584185,-2.487725
-1.724573,-0.718111,-2.567183
-1.403152,-0.826299,-2.383577
-1.183185,-0.809839,-1.912967
-1.123629,-0.668730,-1.137096
-1.151461,-0.459088,-0.131382
-1.204433,-0.264260,0.763152
-1.278055,-0.070030,1.605013
-1.361403,0.052224,2.278532
-1.505205,0.215478,2.813187
-1.635988,0.295534,3.072808
-1.748366,0.279074,3.012953
-1.840543,0.230891,2.712631
-1.972673,0.190938,2.235436
-1.969530,0.118513,1.549946
-1.904887,-0.039055,0.940023
-1.799093,-0.200814,0.271592
-1.671452,-0.271742,-0.466271
-1.527650,-0.365714,-1.015141
-1.421557,-0.357784,-1.397615
-1.425897,-0.283114,-1.716792
-1.414524,-0.176123,-1.889025
-1.520617,-0.045041,-1.908179
-1.580921,0.079607,-1.757643
-1.670853,0.219219,-1.522413
-1.696142,0.248398,-1.209371
-1.799542,0.322768,-1.005265
-1.852364,0.341323,-0.780959
-1.850419,0.302118,-0.786495
-1.792509,0.252289,-0.727388
-1.646762,0.098312,-0.480337
-1.489642,-0.078560,-0.188992
-1.375319,-0.057461,0.217423
-1.335665,-0.080206,0.674267
-1.394772,0.092177,1.238850
-1.427543,0.217723,1.796399
-1.455375,0.338480,2.036867
-1.401206,0.277727,2.246210
-1.284040,0.141707,2.194735
-1.167024,0.110283,2.048688
-1.169717,0.113126,1.713650
-1.194707,0.145148,1.385794
-1.188422,0.220117,0.975338
-1.260398,0.353893,0.644040
-1.274464,0.337283,0.232387
-1.276259,0.355689,-0.164901
-1.326837,0.384868,-0.472556
-1.357363,0.405219,-0.755071
-1.435324,0.467019,-0.921618
-1.565209,0.483928,-0.986411
-1.664718,0.562039,-0.920870
-1.814206,0.681150,-0.823007
-1.937807,0.710180,-0.635361
-2.009783,0.774225,-0.537498
-1.995268,0.654066,-0.533009
-1.983147,0.574160,-0.506673
-1.825130,0.418237,-0.366612
-1.631200,0.261866,-0.212036
-1.473781,0.179715,0.079308
-1.236605,0.052373,0.371849
-1.015590,0.010475,0.763900
-0.859219,0.039654,1.164480
-0.641197,0.085293,1.597232
-0.500987,0.115969,1.984644
-0.411952,0.151284,2.157475
-0.448913,0.247650,2.374599
-0.411204,0.332345,2.371157
-0.339528,0.290746,2.149694
-0.305261,0.229843,1.840692
-0.251541,0.200664,1.458518
-0.251391,0.161160,1.044022
-0.322469,0.207098,0.665289
-0.434847,0.294337,0.287753
-0.562787,0.352546,-0.016610
-0.683994,0.403273,-0.384419
-0.716465,0.488268,-0.823905
-0.697910,0.439186,-1.146074
-0.558597,0.285060,-1.280299
-0.414496,0.148889,-1.474230
-0.248698,0.129287,-1.559373
-0.181211,0.076764,-1.446846
-0.141856,0.164601,-1.119888
-0.099509,0.229095,-0.754622
-0.013617,0.260070,-0.202609
0.011223,0.177769,0.274136
0.029030,0.197073,0.804751
-0.016161,0.184054,1.213411
-0.006883,0.118962,1.571644
-0.111779,0.154725,1.800739
-0.158466,0.080056,1.804630
-0.164901,0.001796,1.600225
-0.203657,-0.094870,1.383549
-0.191536,-0.186598,1.146523
-0.211737,-0.214131,0.891541
-0.223858,-0.208146,0.603937
-0.125995,-0.271892,0.384569
-0.119411,-0.250194,0.196175
-0.073023,-0.229843,0.180164
0.017358,-0.187197,0.156970
0.157269,-0.187047,0.221164
0.220715,-0.191686,0.255581
0.297031,-0.112527,0.159514
0.271443,-0.067038,0.117316
0.098013,0.058059,0.124349
-0.032771,0.125097,0.155324
-0.227599,0.267702,0.242712
-0.252139,0.219369,0.321871
-0.258574,0.064943,0.186748
-0.262464,-0.076764,0.129437
-0.174777,-0.183156,0.048333
-0.102352,-0.243610,-0.061501
-0.094571,-0.213234,-0.110133
0.003741,-0.197971,-0.155174
0.091129,-0.184802,-0.179864
0.203657,-0.234183,-0.130334
0.311396,-0.173430,0.042347
0.396689,-0.151583,0.225953
0.400879,-0.069881,0.409259
0.427365,-0.035464,0.452504
0.536600,-0.046388,0.501585
0.572214,-0.081552,0.472705
0.633416,-0.158915,0.410306
0.611270,-0.231639,0.259023
0.508319,-0.194978,0.238373
0.398485,-0.112827,0.156671
0.237774,-0.089633,0.033070
0.085892,-0.018106,-0.060603
-0.064643,0.000449,-0.128988
-0.148889,-0.000898,-0.198569
-0.226252,0.047734,-0.341024
-0.237475,0.056413,-0.479888
-0.200814,0.030825,-0.465373
-0.179715,0.060603,-0.388609
-0.147992,0.100257,-0.271143
-0.063446,0.095170,-0.170288
0.102651,0.084096,0.041899
0.259621,0.059855,0.186000
0.426766,0.065242,0.386215
0.545579,0.001197,0.560094
0.721403,-0.003442,0.684891
0.858920,-0.049081,0.663493
1.016339,-0.063596,0.627730
1.076493,-0.093972,0.577452
1.067066,-0.096516,0.574908
1.106570,-0.139462,0.480037
1.044022,-0.158765,0.361225
0.974590,-0.124199,0.284311
0.824354,-0.050428,0.282815
0.700304,-0.021398,0.398635
0.600346,-0.037858,0.318279
0.490662,-0.032621,0.335936
0.440084,-0.065841,0.162357
0.371700,-0.033070,0.193332
0.319177,-0.068085,0.176572
0.210989,-0.019752,-0.017208
0.146645,-0.008829,-0.184802
0.160860,-0.057012,-0.258873
0.204405,-0.103849,-0.294636
0.259771,-0.150984,-0.303914
0.262015,-0.225504,-0.251092
0.393996,-0.321871,-0.247351
0.416741,-0.341922,-0.067636
0.485275,-0.265906,0.194828
0.511761,-0.294636,0.435595
0.575357,-0.264410,0.687136
0.674716,-0.229993,0.942268
0.702848,-0.192883,1.041777
0.672771,-0.120159,1.060931
0.588674,-0.053570,1.070507
0.525976,0.008529,1.045368
0.447416,0.058808,1.039383
0.358083,0.114473,0.930447
0.298677,0.079757,0.909946
0.284910,0.090980,0.788889
0.267253,0.053121,0.635661
0.302717,0.003741,0.429610
0.304812,0.059855,0.126743
0.270994,0.096816,-0.037110
0.204405,0.153977,-0.217723
0.196025,0.199168,-0.401777
0.228197,0.161309,-0.634912
0.229544,0.157718,-0.676661
0.247800,0.097115,-0.770933
0.261417,0.034866,-0.773028
0.291494,-0.010026,-0.674716
0.280870,-0.086491,-0.599149
0.272041,-0.108787,-0.333393
0.242862,-0.094122,-0.193481
0.219069,-0.118363,0.118962
0.123002,-0.106093,0.415693
-0.001496,-0.023942,0.802207
-0.029179,-0.008230,1.070358
-0.062997,0.022146,1.214010
-0.044742,-0.038756,1.265485
0.001496,-0.057610,1.107468
0.004489,-0.052672,1.083676
0.020800,-0.024391,0.882712
0.054019,-0.036512,0.657957
0.105644,-0.050877,0.465672
0.131681,-0.065841,0.178667
0.198270,-0.047435,-0.118962
0.209193,-0.048183,-0.355539
0.200814,-0.049231,-0.520290
0.187945,-0.001047,-0.604835
0.273837,-0.107739,-0.701501
0.345064,-0.132130,-0.719308
0.343269,-0.168791,-0.701202
0.318578,-0.034566,-0.647183
0.321571,0.004190,-0.453252
0.376638,0.020500,-0.327557
0.396689,0.027234,-0.189890
0.524330,-0.004639,-0.085742
0.556502,0.033070,0.052972
0.641646,-0.042796,0.113874
0.613365,0.014066,0.277727
0.604386,0.013767,0.459537
0.499939,0.150386,0.654515
0.488866,0.230592,0.802955
0.373645,0.298078,0.983718
0.371700,0.298527,0.883311
0.298677,0.270096,0.802058
0.286107,0.266205,0.679055
0.221913,0.280421,0.537049
0.191237,0.233734,0.377087
0.139013,0.307655,0.241066
0.091578,0.238223,0.095618
0.115221,0.193631,-0.067786
0.191536,0.130185,-0.205004
0.231489,0.116717,-0.369605
0.269946,0.026635,-0.579846
0.291344,-0.035763,-0.638055
0.351798,-0.030376,-0.734721
0.377386,-0.072125,-0.837522
0.435445,-0.121206,-0.831387
0.490063,-0.080505,-0.788441
0.432004,-0.096516,-0.600645
0.400879,-0.055964,-0.338630
0.384569,-0.056563,-0.080355
0.337732,0.013617,0.153977
0.251990,0.007632,0.414646
0.217573,-0.008529,0.626233
0.165050,0.024840,0.735020
0.126743,-0.001796,0.776769
0.015413,0.003142,0.795773
0.005237,-0.024092,0.664241
-0.047136,-0.036661,0.627131
-0.048333,-0.060753,0.483629
-0.021697,-0.064195,0.426467
0.010175,-0.064195,0.245855
0.027384,-0.063596,0.183755
0.090680,-0.061651,0.105046
0.166547,-0.023194,0.132729
0.187047,0.052672,0.139013
0.217872,0.103549,0.143951
0.313042,0.083647,0.163404
0.382773,0.038307,0.211438
0.358232,0.068833,0.309899
0.371700,0.083947,0.317232
0.386215,0.097264,0.316334
0.327407,0.151284,0.286706
0.247800,0.114024,0.265607
0.206201,0.112677,0.133028
0.115221,0.053421,0.126144
0.031274,0.007781,0.090531
-0.029179,0.059256,0.054767
-0.012719,0.010325,-0.148441
-0.037409,-0.055366,-0.234482
0.015862,-0.084396,-0.343418
0.018256,-0.076614,-0.310947
0.041450,-0.082301,-0.213982
0.117166,-0.044592,-0.220117
0.195277,-0.078859,-0.150685
0.253935,-0.033668,-0.076614
0.337582,-0.042946,0.008380
0.358981,0.041150,0.113575
0.414795,0.036362,0.183007
0.504728,-0.029628,0.326509
0.559196,-0.074968,0.405368
0.592116,-0.101305,0.444723
0.533608,-0.050727,0.496198
0.522235,-0.000299,0.522535
0.438887,-0.036512,0.625485
0.344915,-0.024092,0.628029
0.292841,-0.009427,0.653168
0.201263,0.019902,0.557699
0.174328,-0.026935,0.472855
0.069133,-0.045041,0.367809
0.002843,-0.046388,0.207697
-0.122254,-0.052224,0.094272
-0.126144,-0.025438,-0.015562
-0.145148,-0.073472,-0.240318
-0.120159,-0.065242,-0.319177
-0.106542,-0.080954,-0.376638
-0.068085,-0.024541,-0.279673
-0.056563,-0.013767,-0.236577
-0.004040,-0.025289,-0.209193
0.055964,0.004040,-0.117166
0.112527,0.071976,-0.035913
0.218770,0.023343,0.127940
0.239869,0.039953,0.264260
0.319476,0.038607,0.350451
0.384419,-0.022895,0.430657
0.419584,0.001796,0.483329
0.388908,-0.011821,0.453402
0.495151,-0.025139,0.390105
0.488866,-0.080804,0.287304
0.518345,-0.093374,0.146346
0.558896,-0.100856,0.193332
0.601992,-0.147094,0.065541
0.655113,-0.142605,0.035763
0.629376,-0.055216,-0.019004
0.555604,-0.034417,0.020650
0.458041,0.096666,0.092775
0.409558,0.127042,0.070330
0.371849,0.085443,0.103998
0.315137,0.082899,0.141258
0.231340,0.065841,0.134225
0.139911,0.106692,0.135572
0.013168,0.118064,0.208595
-0.102352,0.095319,0.260220
-0.152481,0.104597,0.321272
-0.209193,0.084994,0.225504
-0.216825,0.012420,0.162207
-0.231789,-0.022446,0.055665
-0.205153,-0.013018,-0.024391
-0.181211,-0.018705,-0.103400
-0.135422,-0.055366,-0.201562
-0.032172,-0.105345,-0.208744
0.057162,-0.076166,-0.181211
0.100706,-0.001496,-0.134524
0.105644,-0.002693,-0.103400
0.141408,0.059705,-0.010026
0.253037,-0.012869,0.018555
0.287753,-0.033519,0.080804
0.321122,-0.023194,0.172831
0.276979,0.008978,0.196773
0.290596,0.033668,0.274435
0.279523,0.054618,0.328305
0.240019,0.121506,0.402525
0.192584,0.081852,0.421529
0.184653,0.104148,0.435894
0.102202,0.110133,0.410755
0.027533,0.137517,0.425270
-0.032022,0.130334,0.345064
-0.096067,0.155922,0.186000
-0.117017,0.140061,0.125247
-0.124648,0.105195,-0.003891
-0.083348,0.013767,-0.061202
-0.010325,-0.048183,-0.097115
0.010774,-0.110732,0.051475
0.036960,-0.038158,0.094721
-0.005537,-0.014066,0.137816
0.005237,0.036212,0.214580
-0.013018,0.079607,0.303315
0.016909,-0.000748,0.257826
0.061651,-0.042647,0.213683
0.042497,-0.006434,0.242413
0.062399,0.034566,0.359878
-0.009726,0.017358,0.306009
-0.023493,-0.012420,0.278625
-0.004190,-0.044143,0.354192
-0.013617,-0.116418,0.348207
-0.050129,-0.124947,0.306458
-0.101604,-0.060753,0.343718
-0.128389,-0.021548,0.339079
-0.097264,-0.057162,0.348656
-0.069282,-0.102053,0.375141
-0.079009,-0.148441,0.470910
-0.019004,-0.151433,0.518794
-0.033968,-0.147393,0.579995
0.083199,-0.119411,-1.174805
0.822109,0.035015,-3.045724
0.873884,0.217872,-1.877503
0.548422,0.300023,-0.583886
0.322918,0.243460,0.102651
0.258723,0.168642,0.327108
0.278775,0.093972,0.352995
0.204106,0.050578,0.393248
0.062698,0.117017,0.573711
-0.099808,0.085742,0.798616
-0.145148,0.092775,0.948104
-0.189441,0.049380,0.914585
-0.144400,-0.008679,0.850091
-0.081702,-0.037709,0.740257
-0.051326,-0.042347,0.620846
0.091129,-0.081253,0.499041
0.192434,-0.134375,0.319925
0.317082,-0.081552,0.223409
0.457891,-0.002993,0.276530
0.538845,0.081253,0.354791
0.645986,0.107739,0.428412
0.743250,0.214880,0.306907
0.625635,0.181959,-0.019303
0.607529,0.131083,-0.100108
0.616507,0.076016,-0.122553
0.560842,0.034417,-0.183156
0.500837,0.006584,-0.196175
0.387711,0.013767,-0.151733
0.319626,0.014365,-0.097863
0.264110,-0.016161,0.069731
