0.0201645494,-0.0213347375,0.3418540955
0.0239192247,-0.0047835857,0.3424463272
0.004919067,0.0028463006,0.338850975
-0.0022477508,0.0057279021,0.3406515121
0.0029368252,0.0028606057,0.3370666504
0.0219349414,-0.0024546087,0.3472452164
0.0149990171,0.0122600496,0.3538293839
0.0100027919,0.0146534741,0.3376617432
0.0263543278,-0.0059881508,0.3334655762
0.0044708997,-0.0152306557,0.3143033981
0.014873594,-0.0043215007,0.3436222076
0.0057354122,-0.0126829892,0.3322534561
-0.000688225,-0.0129648447,0.3364620209
0.0085917413,-0.0023419559,0.3011484146
0.0112851858,0.007421121,0.3514251709
0.0171438009,0.0039776415,0.3472490311
0.0103191435,0.003572166,0.3233251572
0.007050544,-0.0048342347,0.3347015381
0.0105309337,0.0143801719,0.3257188797
0.0227292329,0.0026697516,0.3514585495
0.0358416289,0.0181360021,0.3646364212
0.0134865046,-0.0089215189,0.3341121674
-0.000841558,-0.0079459399,0.3323135376
0.0051651001,-0.0116041601,0.3251285553
0.0051744282,-0.0138158947,0.3341016769
0.0134751052,-0.0010227561,0.3370904922
0.0009495616,0.0188491866,0.3299007416
-0.0020833462,0.0207243338,0.3221130371
-0.0097643584,0.0005519837,0.3346853256
-0.0019209981,-0.0037342757,0.345457077
0.0161129236,-0.0001842231,0.2999658585
0.0118333548,-0.0037413836,0.345457077
0.0150150508,-0.0008749068,0.3460693359
0.0049970448,-0.0055557191,0.3329086304
0.0100715458,-0.0040165335,0.3436822891
0.0016947836,-0.0190353096,0.3311109543
0.0064012408,-0.018658489,0.3233289719
0.0081433058,-0.0141974092,0.3502597809
0.0050162524,0.0000469983,0.356836319
0.0082617551,-0.0063706338,0.3334913254
0.0055084825,0.0003306866,0.3448591232
0.0121548623,-0.0016252249,0.3634176254
0.0140367746,0.0007934272,0.349070549
-0.0056463182,-0.013927862,0.3514757156
-0.0014196336,-0.0106043667,0.3341217041
0.0037157387,0.0108426362,0.3245477676
0.024759829,0.0273101777,0.3502893448
0.0169991851,0.0179589465,0.3592634201
-0.0048888028,0.004682079,0.3221654892
0.0096413791,0.0170316696,0.3389387131
-0.0034976751,-0.0079784244,0.3401451111
-0.0102801174,-0.0029581189,0.3407392502
-0.0051158071,-0.0067064762,0.3425340652
-0.0072176754,-0.0020353347,0.3341569901
0.0039028525,0.0054774284,0.3263731003
0.0058675259,0.0153554678,0.3317537308
0.0038414896,0.0108153969,0.3221740723
0.0101859719,0.0030670315,0.3467082977
0.0038630068,-0.0006981045,0.3431100845
-0.002330631,-0.0081160367,0.3353271484
0.0015609711,0.004493162,0.3502855301
-0.004166469,-0.0075981617,0.3478851318
0.0139376223,0.0179655105,0.3413066864
0.0133551359,-0.0089115649,0.3521003723
0.0156781971,0.0043214113,0.3233718872
0.0079937279,-0.0013203174,0.3562765121
0.0138918161,0.0022581667,0.353266716
0.0086007416,-0.0137744844,0.343082428
0.0040891021,0.000308007,0.3323106766
0.0020800382,-0.0116964728,0.3364953995
0.0133256167,-0.0004583001,0.3646268845
-0.0036261678,-0.0110824257,0.3544569016
0.0098894686,-0.0056736171,0.3424911499
0.0084518939,0.0073690414,0.3436908722
0.0025736541,-0.0061847419,0.3658304214
0.0136009455,0.0132725239,0.3340892792
0.0102392882,-0.0074355155,0.3388776779
-0.0030325949,-0.0044506639,0.3484535217
0.0050299317,0.0078929514,0.3197154999
-0.0002284944,0.0093681067,0.3352708817
-0.0054924339,-0.0077398568,0.3280897141
-0.0016126782,-0.0082293898,0.3370637894
0.0130379051,-0.0042605996,0.3334646225
0.0096142888,-0.0086704195,0.3190937042
0.0092630237,0.0004875958,0.323882103
0.00928168,-0.0103354156,0.3436441422
0.0088296086,-0.0024148673,0.3526325226
0.0105521381,-0.0009387583,0.3113479614
0.0198892057,-0.0018329173,0.3466625214
0.0189544261,-0.0144542456,0.3340883255
0.0243149996,-0.0122920126,0.3352909088
0.0055154562,-0.0057246238,0.322725296
0.0014953166,0.0009359121,0.3538398743
-0.0033918023,-0.0108982921,0.3436489105
0.0075349063,0.0010855645,0.3388586044
0.0040921271,0.0031954795,0.3436594009
0.0048434287,0.001433447,0.3089504242
-0.0144097805,0.0063130856,0.288602829
0.0111711621,0.016648531,0.3185462952
0.0254427046,-0.010426864,0.3796300888
0.0352870822,-0.0061478764,0.3820571899
-0.032220453,-0.0055154115,0.2749509811
0.0058344901,0.0006231517,0.2659778595
0.0037889779,0.0108456463,0.3234024048
0.0104570985,0.0041240156,0.3305959702
0.0548754483,0.2169089317,0.3581781387
-0.3440051377,0.5433205962,0.3509168625
-0.5378717184,0.1068210751,0.3323249817
-0.9247614145,-0.3020413518,0.3424291611
-1.3783940077,-0.4959421158,0.3345317841
-1.4824136496,-0.4688756764,0.3487606049
-1.4307360649,-0.5683259964,0.3492460251
-1.0054155588,-0.4768943489,0.3066911697
-0.5378001928,-0.0261142999,0.3138246536
-0.4118202925,0.2432561666,0.4101247787
-0.5794678926,0.2463333458,0.3250713348
-0.7511452436,0.1634265035,0.3100385666
-0.923007071,0.0065891296,0.3428869247
-0.9483212829,-0.2052170485,0.3787508011
-0.8462842107,-0.2485930622,0.3248653412
-0.6264039874,-0.1727494895,0.2769651413
-0.4295777678,0.007360369,0.3697223663
-0.3955927491,0.1298920214,0.3158283234
-0.679500103,-0.0686621368,0.3050479889
-1.1228250265,-0.3673717082,0.3607063293
-1.2958438396,-0.4963769019,0.3565330505
-1.0410164595,-0.572047174,0.3200798035
-0.2415668964,-0.2048370391,0.3482465744
0.4983945489,0.3477791846,0.3841104507
0.8971841335,0.7278134823,0.2960414886
0.7131750584,0.755766511,0.4108982086
0.0157051608,0.3696759939,0.3582048416
-0.7503064275,-0.0686991066,0.5317602158
-1.4258952141,-0.3991239071,0.2899484634
-1.862360239,-0.4946873486,0.3504085541
-1.7137527466,-0.38747859,0.2947635651
-1.3739967346,-0.3957192302,0.3421163559
-0.8086445928,-0.4975044727,0.2937297821
-0.2398016155,-0.4308882356,0.1848592758
0.5413995981,-0.1591839045,0.657702446
1.4150365591,0.3696974516,0.3433704376
1.892642498,0.6537985206,0.4156732559
2.179523468,0.8117012978,0.1587657928
2.2720341682,0.9712349772,0.2711591721
2.2386496067,0.9086290002,0.2507047653
2.0199697018,0.5473176837,0.4810848236
1.5549629927,0.1831836998,0.2943439484
1.2146741152,0.0387607589,0.2823963165
0.888853848,-0.0117948353,0.384771347
0.7830241919,-0.0144669712,0.2525081635
0.9704055786,-0.1850001514,0.8570957184
0.8128557205,-0.4468224347,-0.2429800034
0.8564504981,-0.4650488198,0.1497468948
0.8990591168,-0.540225625,0.3575553894
0.8842028379,-0.5061787367,0.2505254745
0.9799052477,-0.4716927409,0.4117212296
1.1013718843,-0.3919956982,0.4945020676
1.1763045788,0.1098335236,0.4091205597
1.1389795542,0.2863096595,0.3416776657
1.0466508865,0.2963605523,0.3036184311
1.0171402693,0.3039115965,0.2977828979
1.003962636,0.307241261,0.3296251297
0.9704826474,0.3100349605,0.3530979156
0.8131213188,0.2471305281,0.3610658646
0.0523304939,0.0538215116,0.3814992905
-0.0178245902,0.0311171412,0.3109722137
-0.0555613041,0.033822909,0.2960281372
-0.0142637938,0.0305862129,0.3492689133
0.0089706033,0.0506195277,0.3570222855
0.0059077144,0.0385561958,0.3420848846
-0.022558704,0.0304038972,0.3277463913
-0.0091721267,0.032070905,0.3355331421
0.0123462826,0.023136273,0.340921402
-0.0172384977,0.022034809,0.3295431137
-0.0291262418,0.0352327377,0.3361263275
-0.0269161612,0.0414008126,0.3289499283
-0.012612015,0.0323248059,0.3367300034
-0.0196316838,0.0195565969,0.3271474838
-0.0152470767,0.0381849036,0.3540706635
-0.0227176249,0.0139757395,0.3474664688
-0.0182802677,0.0296453834,0.3318901062
-0.0146515071,0.0307391733,0.3402805328
-0.0169796348,0.036634706,0.3438816071
-0.025271982,0.0295219123,0.3349027634
-0.0062994659,0.0218666643,0.3606233597
-0.0147720426,0.0277391225,0.3282814026
-0.0153876841,0.0206114501,0.3504199982
-0.0182056278,0.0232609063,0.3527956009
-0.0128186792,0.0316406116,0.3282556534
-0.0345564932,0.0204402059,0.3420066833
-0.0390830636,0.0234059989,0.3270368576
-0.0275219381,0.0158102959,0.3569641113
-0.0187537968,0.0256331116,0.3306131363
-0.0254678428,0.0186356604,0.3359851837
-0.0292979628,0.0101433992,0.3461503983
-0.0156737715,0.0187199563,0.3389539719
-0.0188022107,0.025149554,0.3239688873
-0.027231425,0.009243086,0.3293514252
-0.0244622827,0.0222629756,0.3353395462
-0.0143898278,0.0446335599,0.3191747665
-0.0105018169,0.0275973529,0.3664503098
-0.0155628473,0.0143513978,0.3568658829
-0.0254628062,0.0071976632,0.356262207
-0.0177224576,0.0262968391,0.3502645493
-0.0334371626,0.0297294036,0.2317399979
-0.0011707991,0.0232504904,0.4603891373
-0.0215508342,0.0316047594,0.3119363785
-0.0370768458,0.0152104199,0.2754211426
-0.0089676678,0.0518865436,0.3957138062
-0.0157957822,-0.0071669817,0.3466081619
-0.0199166983,0.0045787841,0.3394212723
-0.0193552524,-0.0046982169,0.3274459839
0.0004092455,0.0177005529,0.344201088
-0.0120658129,0.0313503072,0.3430118561
-0.0072619915,0.0347251445,0.3424215317
-0.0194186568,0.036648199,0.3567962646
-0.0268061012,0.0401012972,0.3328561783
-0.023077786,0.0098493099,0.3484106064
-0.0134558082,-0.0080341697,0.3543872833
-0.0215860158,0.0056404918,0.3005151749
-0.0135909468,0.014332056,0.3286504745
-0.0184000134,0.0236010179,0.3460044861
-0.0123336017,0.0215281099,0.3322324753
-0.0290134698,0.0094341785,0.3334255219
-0.0062890649,0.022390686,0.3561687469
-0.0314653963,-0.0045612305,0.3262414932
-0.0062769353,0.0219271109,0.3441905975
-0.0267987251,0.0107207447,0.3519573212
-0.0213829577,0.0163706541,0.3220119476
-0.0120406747,0.0319413245,0.3315811157
-0.0067571849,0.0015227497,0.3549289703
-0.0024231374,-0.001544401,0.3453483582
-0.0155024678,0.0314715952,0.3417472839
-0.0254070163,0.0196299776,0.3632955551
-0.0282642096,0.0310250074,0.3381528854
-0.0243517011,0.0258102044,0.3429384232
-0.0258599967,0.0146064013,0.3369407654
-0.0161079615,0.017480731,0.3201684952
-0.0122701675,0.0072792172,0.34649086
-0.007834211,0.0011839867,0.3345050812
-0.0214592069,0.013620168,0.3189373016
-0.0041011274,0.0129189789,0.3177394867
-0.0004451424,0.0125127733,0.3668136597
-0.026224345,0.0081384927,0.3278980255
-0.0232464075,0.018090792,0.334479332
-0.0148497224,0.0188516155,0.3620138168
-0.0243025273,0.0222053304,0.342256546
-0.022418499,0.024690941,0.3183059692
-0.0129143894,0.0216412768,0.326086998
-0.0107916147,-0.0034038424,0.3195228577
0.004908666,0.0048144013,0.3195285797
-0.0191074312,0.0055106729,0.3225250244
-0.0087686181,0.012024343,0.3422727585
-0.0180229843,0.0158129856,0.3566265106
-0.0188871771,0.0063393563,0.3524303436
-0.0097962618,0.0059415102,0.3266925812
-0.017972514,-0.0068315268,0.3590078354
-0.0198407471,-0.0023908317,0.3386545181
-0.0163016915,0.0065459758,0.3165092468
-0.0185303539,0.014170818,0.3153066635
-0.0116995871,0.0214366615,0.344622612
-0.0067533106,0.0247713923,0.3398075104
-0.0205349177,0.0009981543,0.332608223
-0.0167593658,0.0283989981,0.3068571091
-0.0073346198,0.024759382,0.3385753632
-0.0146096051,0.0270374492,0.330786705
-0.0132033229,-0.0149441808,0.3433504105
-0.0133878738,0.0013061166,0.3146047592
-0.0145925879,0.0052139312,0.3343458176
-0.0108309686,0.0038047135,0.3223724365
-0.0236024857,0.0152548924,0.354101181
-0.0206080079,0.0038834661,0.3523130417
-0.0285599679,0.0102590248,0.3325500488
-0.0092386603,0.0016085654,0.3103818893
-0.0097369701,-0.0198657364,0.3349323273
-0.0084562153,0.0025826246,0.3248033524
0.0023815632,0.0162922889,0.3607139587
-0.0159429461,0.0137833431,0.3433504105
-0.0251209885,0.0072876886,0.3277730942
-0.0224810839,0.0002742112,0.3361415863
-0.0166784674,0.0130296424,0.352309227
-0.0127026439,0.023877345,0.3331604004
-0.0147176236,0.0038562119,0.3583011627
-0.0176863074,0.0172950029,0.3307628632
-0.0245256573,-0.0015762523,0.3331460953
-0.0127966106,0.0004322529,0.31457901
-0.0134614706,0.0021945313,0.3367071152
-0.0168054849,-0.0139261186,0.3348989487
-0.0101501495,0.0029040575,0.3324975967
-0.0085172504,0.0044024065,0.3450737
-0.022254765,0.0151721463,0.3259191513
-0.0197394639,0.0067372024,0.327712059
-0.0166946948,0.0010665506,0.3384885788
-0.0231049508,0.0018487871,0.3474655151
-0.0116528124,-0.0117583349,0.3702116013
-0.0206491947,-0.0106560811,0.3426771164
-0.0221003145,-0.0072443336,0.337890625
-0.0174410641,0.0046333149,0.352856636
-0.0229881704,-0.0074310601,0.3390922546
-0.0271684676,-0.0098031983,0.3193397522
-0.0314940512,0.0006042868,0.3181362152
-0.0054361969,0.0184222683,0.3139381409
-0.0090866089,0.0078404248,0.3480596542
-0.0065136254,0.0103166103,0.339676857
-0.0138375312,-0.006035164,0.3384695053
-0.0171220005,0.0020747259,0.3270864487
-0.0028917044,-0.0095130205,0.3492336273
-0.0096201301,-0.0154487789,0.3552217484
-0.0276305974,-0.0004537106,0.3258953094
-0.0326905251,0.0060605407,0.3294792175
-0.0158212185,-0.0098275542,0.351020813
-0.0017334968,-0.0035419241,0.3264770508
-0.0104974508,-0.0055780411,0.3492221832
-0.0164094418,-0.0026782677,0.3312625885
-0.0250992924,0.0033582002,0.3132944107
0.0038774163,0.0006083921,0.3318395615
-0.0164749026,0.0089834929,0.3204603195
-0.0125264525,0.0089693591,0.3443984985
-0.0218978971,-0.0150976405,0.3072757721
0.0001919121,-0.0121762529,0.3150510788
-0.015975818,-0.0184515864,0.3383836746
-0.012869224,-0.0123925656,0.3323888779
-0.0180810988,0.0090921745,0.3395671844
-0.0177301913,-0.0160944313,0.36170578
0.0014336407,-0.0062682629,0.3204021454
0.0031265169,-0.0008855313,0.3431491852
-0.0104459077,0.0024269372,0.3335647583
-0.0153133422,-0.0096503273,0.3425312042
-0.0043521523,-0.00927867,0.3736457825
-0.0048873723,-0.0025534034,0.3299398422
-0.0113097578,-0.0013427362,0.3538722992
-0.0143972188,-0.0229725316,0.3371143341
-0.0029576123,-0.014832139,0.3490800858
0.0020789355,-0.0170389712,0.3472929001
0.0083450675,-0.0066862553,0.3562803268
-0.0082654953,-0.0009362698,0.3071937561
0.0018652678,0.0104911625,0.3221511841
-0.0048680156,-0.0103099048,0.3538722992
-0.0178396404,0.0062312037,0.3179416656
0.0091414005,0.0162165165,0.3496618271
0.0048176646,0.0033222064,0.362241745
-0.0061984211,-0.0223679394,0.3317203522
-0.0162374824,-0.0069530904,0.3299207687
-0.0021921396,-0.0173912123,0.3418827057
-0.009807542,-0.0186059549,0.3454704285
-0.0065472275,-0.0129586011,0.3311033249
-0.0067134947,-0.015625231,0.3346834183
-0.0005938411,-0.0196448714,0.3400630951
-0.0043229461,0.0030574128,0.350233078
-0.006184265,-0.0218487978,0.3544273376
-0.0139106363,-0.0280834958,0.330488205
-0.0066883862,-0.0143264979,0.3358736038
-0.0204285234,0.0005651042,0.3388662338
0.0018839091,-0.0270644724,0.3388614655
0.0003379285,-0.0240968391,0.3322725296
-0.0072924793,-0.0245316699,0.3424463272
0.0016894042,-0.0094806552,0.3568124771
-0.0132218897,-0.0015649945,0.3328704834
0.0056540072,0.000627026,0.3358736038
-0.0108916461,0.0028223544,0.3532323837
-0.0034913868,0.0030603558,0.3340778351
-0.0201355666,-0.0133574679,0.3310861588
-0.0097713023,-0.0035977736,0.3364715576
-0.0149110854,0.0022338405,0.3238964081
-0.0082161874,0.009360604,0.3406515121
-0.0133476406,-0.0184074417,0.3191041946
0.004262805,-0.0045470223,0.3627958298
-0.0161930472,-0.0092647225,0.3424348831
-0.0086203367,-0.0150732547,0.3274669647
-0.0106426924,-0.0287812948,0.3370370865
0.0168057829,0.0016824976,0.3334465027
-0.0005857348,0.0009212643,0.3621826172
-0.0055609196,-0.002471894,0.3394432068
-0.0072057992,-0.0173712,0.3430328369
-0.0021073222,-0.0163069963,0.3352518082
-0.0079299062,-0.0081216171,0.3292684555
-0.0080711246,-0.0037619472,0.3436374664
0.0030320734,-0.0008509234,0.3556127548
-0.0150676817,0.0007628202,0.3412475586
-0.0040152967,-0.0168004408,0.3394622803
0.000745073,-0.0102306455,0.3293075562
0.0050452948,0.0029432178,0.3227214813
-0.0119318813,-0.0056813136,0.3364849091
0.0022196025,-0.0178429857,0.3370923996
-0.006465286,-0.0128599405,0.3382968903
-0.0018027276,0.0061689243,0.3418903351
-0.0016188323,-0.016649209,0.3233299255
-0.0059793442,-0.0201966017,0.3448705673
-0.0229045898,-0.0141748264,0.3161325455
-0.0130689442,-0.0173560753,0.3274974823
-0.012177214,-0.0068060756,0.341255188
0.0021030009,0.0018801689,0.3442459106
-0.008520782,-0.0085776374,0.3191013336
0.0026044846,0.0022909641,0.3454313278
0.0052267909,-0.0210562497,0.3202877045
-0.0030069947,-0.0219226032,0.3310556412
-0.0138096213,-0.0063650906,0.3316440582
-0.0063020885,-0.0081702694,0.3094911575
-0.0110542327,0.0093943477,0.3292503357
-0.0126369447,-0.0125206411,0.349603653
-0.0198325664,-0.0005152822,0.3268518448
-0.0141963959,0.0081936643,0.3316316605
-0.0064977705,-0.0055109933,0.3549661636
-0.0131859332,0.0075995326,0.3232336044
-0.0015798807,0.0031365305,0.3369932175
-0.0133133978,-0.0101845264,0.3447675705
-0.0006533265,-0.0106736198,0.3525409698
0.0038011372,-0.008703731,0.3262052536
0.0148819238,-0.0100268498,0.3292150497
-0.0150455981,0.000148505,0.3220319748
-0.0172722042,-0.0054951459,0.3238277435
-0.0058120787,-0.0216751099,0.3070659637
-0.0020024776,-0.0013541505,0.3375806808
0.0040850341,-0.0103922486,0.3609228134
0.0003165156,-0.0110079721,0.3405742645
0.0026212186,-0.026181832,0.3286027908
0.005616039,-0.0091523603,0.3286056519
0.0025397241,-0.0261071771,0.3345975876
0.004007265,-0.010205619,0.3364038467
-0.0034152269,-0.0080900192,0.3489694595
-0.0063562691,-0.0044677556,0.3333959579
-0.001587078,-0.0169696212,0.3429737091
-0.0179249793,-0.0160197392,0.3262214661
-0.0011371672,-0.0090612024,0.3513660431
-0.0029740483,-0.0060623661,0.3370008469
-0.0088533759,-0.0092810988,0.346572876
0.0028072596,-0.0096942484,0.3459749222
-0.0053185523,0.0031757131,0.337597847
-0.0063337982,-0.0110549852,0.3124685287
-0.0050708801,-0.0109644905,0.3417978287
-0.0054751784,-0.0100674182,0.3322067261
-0.0111832917,-0.008491382,0.3304033279
0.0054617524,0.0012217015,0.3309869766
-0.0110457838,-0.0011591092,0.3543195724
-0.0002587289,-0.0034377202,0.3507213593
0.0045610964,-0.017428048,0.3573093414
-0.001259461,-0.0051279217,0.3447332382
0.0033829659,-0.0209496915,0.3339605331
-0.0132000148,-0.0175044462,0.3459262848
-0.0055177659,-0.0062606707,0.3022203445
0.004339084,0.0101221874,0.332736969
0.0043976158,-0.0119253397,0.3596725464
0.0028070956,-0.0213993192,0.3500986099
-0.0068012774,-0.0254969895,0.3261556625
-0.0010211915,-0.0039552227,0.3333368301
0.0070738047,0.0045542121,0.3345308304
0.0065072626,-0.0223147795,0.3602571487
-0.0017873496,-0.0155743212,0.3399066925
0.0060031712,0.0024348944,0.3434991837
-0.0117498338,-0.0171929523,0.3303279877
-0.0032833219,-0.0027211756,0.3357076645
-0.0013808608,0.0010316446,0.3273277283
-0.007824719,0.0035610497,0.3285245895
0.0190349519,-0.0100969747,0.357257843
0.0004985034,-0.0133330449,0.3261356354
0.0111595243,-0.0066239685,0.3297309875
0.0064472556,-0.0121348053,0.3417005539
-0.0004048645,-0.0133950263,0.3231372833
0.0017605275,-0.006604515,0.3398857117
0.008210808,-0.0001604035,0.3446750641
-0.0050323009,-0.0131246075,0.3339118958
-0.0201124102,-0.0106393695,0.3237361908
-0.0044872016,-0.0163017735,0.3261327744
0.0013542622,-0.0079044178,0.3315229416
-0.0021925122,-0.013422437,0.3189506531
-0.0084216893,0.0004642382,0.3243255615
-0.0033145696,-0.0120398849,0.34466362
0.0093895793,-0.005442135,0.3201208115
-0.0035480857,-0.0185282901,0.3386907578
0.0097879469,-0.0102752224,0.3225440979
0.0049360842,-0.0102505907,0.3363113403
0.0117385089,0.006290555,0.353064537
0.0097167343,-0.0022199377,0.3398990631
0.004159227,-0.003594704,0.3333158493
-0.0025404841,0.0035494789,0.326133728
-0.0000980049,-0.0106986463,0.3387050629
0.0130508393,-0.0131847337,0.3363103867
-0.0005275607,-0.0058946088,0.3602428436
-0.0185286999,0.0002955496,0.3470602036
-0.0283651054,-0.0100925863,0.3422632217
-0.0083862245,-0.0135540143,0.3656072617
0.0025970638,0.0021176562,0.3296957016
-0.0107569546,0.0033998713,0.3500394821
-0.0067640096,-0.0040789992,0.3290872574
-0.0074783713,0.002196081,0.331486702
-0.0147355795,0.00538975,0.3386735916
0.0022993237,-0.0091059208,0.348859787
0.0091603845,0.009767592,0.3608407974
-0.006744653,-0.0229656175,0.3417024612
0.0093971193,-0.005586423,0.2938194275
0.0013992339,-0.0062959939,0.3488779068
-0.0017295331,-0.0151116699,0.3404836655
0.0069433153,-0.0038789436,0.3536310196
0.0140220523,0.0034978539,0.3410511017
0.0010630637,0.0025564581,0.343460083
-0.0015372187,-0.0202730298,0.3267030716
-0.0094886869,-0.0195012987,0.3368835449
-0.0001834631,-0.0193567649,0.3201303482
-0.0145840496,-0.0120885223,0.3225269318
-0.0027405471,-0.0066700727,0.336894989
0.0019297153,-0.0083413273,0.3434829712
0.0071674436,-0.0132942349,0.3351106644
-0.0030789822,-0.0198537856,0.3506746292
0.0002209842,-0.0096401721,0.3267383575
0.0097538382,0.0012749508,0.3057909012
0.0116934478,-0.0063704923,0.3452939987
0.0074628443,-0.0200835466,0.3494853973
0.0034578145,-0.0125520378,0.3303442001
0.0057979226,-0.0072583035,0.3345336914
0.0014598221,-0.0111334398,0.3489046097
0.0096325129,0.0050000697,0.3363389969
0.0069634765,-0.0044825524,0.341714859
0.0031045079,-0.0110932365,0.3411026001
0.0029913783,-0.004683651,0.3422985077
0.0018033087,-0.0142360777,0.3381099701
-0.0006591231,-0.0081593245,0.3135528564
0.0018983483,-0.0140163451,0.3446702957
-0.0230998695,-0.0174478218,0.3500490189
-0.0161285549,-0.0193952098,0.3386678696
0.0098588318,-0.005889602,0.3787631989
0.0029800534,0.0045816079,0.3230886459
-0.0000532269,-0.013087444,0.3380393982
-0.0011289269,-0.0053235739,0.3332471848
-0.0152239352,-0.0131600723,0.3380308151
-0.001375258,-0.0198181644,0.3200721741
0.0005460382,-0.0133192614,0.3386240005
0.0000215769,-0.0073141232,0.3080968857
0.0064731389,-0.0228657126,0.3733415604
0.0209730417,-0.0167809948,0.3488101959
0.0024257749,-0.0070820898,0.2823724747
0.0002897531,-0.0092573687,0.3511972427
0.005900234,-0.0166849643,0.3475990295
0.0167533904,-0.035580188,0.3224611282
0.014503479,-0.0022041798,0.3374204636
0.0081763417,0.0005487427,0.3422012329
-0.0003856421,-0.0046889633,0.3032903671
0.0203291923,-0.0236593485,0.3643550873
-0.0001309216,-0.0104907602,0.3182764053
-0.0003577173,-0.0063678026,0.333231926
0.0127971172,-0.0150025934,0.3475837708
-0.0035212338,-0.0105810612,0.3266220093
-0.0104153007,-0.0045035034,0.3325967789
-0.008509919,-0.0208190009,0.3451623917
0.0099677593,-0.0155383572,0.3313961029
0.0049510449,-0.0160885379,0.3248167038
0.0133609623,-0.0233476982,0.3439865112
0.0083140135,-0.0205107704,0.3392076492
-0.0018279552,-0.0221937895,0.3338222504
0.0008985102,-0.027612336,0.3427934647
0.0199136436,-0.0102063939,0.326628685
0.0049310327,-0.0026754886,0.3332109451
0.001885891,-0.0111804232,0.3469762802
0.003616035,-0.0051597208,0.3451757431
-0.0095376074,-0.0163900778,0.3182420731
0.0008083582,-0.0070403516,0.332608223
-0.0034246594,-0.0010494739,0.3182401657
0.0076562464,-0.0145220309,0.331413269
0.0016812384,-0.0139731616,0.3308200836
-0.0078196526,-0.016978845,0.3248338699
0.0113319904,-0.0087080225,0.3314228058
0.003992185,-0.0009520426,0.324848175
0.0133026838,0.000186719,0.3176784515
-0.0010728836,-0.0029983744,0.3278503418
0.0039785206,-0.0093949065,0.3410196304
-0.0010003299,-0.0011170655,0.3410291672
-0.0124789923,0.0065379217,0.3182735443
-0.0180866867,-0.0085985884,0.3332290649
0.009856835,0.0003194213,0.357170105
0.0186956525,0.0078167021,0.3613653183
-0.0967609137,-0.0129456371,0.1584482193
0.0018738061,-0.0086058378,0.3733100891
0.2672911882,-0.0721272975,0.4391670227
0.1833831221,-0.0861554146,0.302863121
0.3259424567,-0.0535319746,0.3552770615
0.4665428102,-0.1478040814,0.3428192139
0.553627193,-0.0993584916,0.3243284225
0.7150835991,0.1498487592,0.3154706955
0.8409926295,0.1504350454,0.3246040344
0.8453521729,0.0070466772,0.3756456375
0.7615113854,-0.0819425359,0.4189147949
0.6882432103,-0.1390274167,0.3663835526
0.6628236771,-0.2973791361,0.3023805618
0.862547636,-0.3864905834,0.4423942566
1.1775305271,-0.2887994945,0.2370986938
1.4654403925,-0.0381637067,0.24858284
1.8041296005,0.1599484831,0.3462514877
2.0346724987,0.0872941762,0.2771148682
2.0570588112,0.0939848498,0.336180687
1.9510121346,0.0213398486,0.3306903839
1.7874960899,0.0513836816,0.364695549
1.4163149595,0.0027127117,0.2352247238
1.0026569366,0.0107771903,0.2696142197
0.6811444759,0.0882017016,0.5205812454
0.4035071433,-0.0148300678,0.3059997559
0.0077986717,-0.3919525146,0.3936605453
-0.1868592203,-0.4199954271,0.2347049713
-0.2030842155,-0.4091514349,0.4107484818
-0.0574001372,-0.2204502672,0.3569536209
0.1101616621,0.1568057984,0.2499036789
0.1725481451,0.4509328604,0.4889278412
0.1878994703,0.6090214252,0.2700147629
0.0255171657,0.6125993729,0.3371934891
-0.250125587,0.5992017984,0.4370660782
-0.4544839859,0.5703876019,0.3843269348
-0.6254014969,0.2835149765,0.3836240768
-0.6814902425,-0.1074879169,0.2601881027
-0.6570799351,-0.3197591901,0.4340515137
-0.4379324615,-0.2663123012,0.1571054459
-0.2905977368,-0.1087738425,0.1472129822
0.057082653,0.209767893,0.526432991
0.2583550513,0.4077454209,0.2445487976
0.125315249,0.2600114644,0.4248847961
-0.1584567428,0.3031253517,0.4542398453
-0.5367950201,0.5442879796,0.2428302765
-0.8753312826,0.7259774208,0.3982582092
-1.1119427681,0.7293021679,0.3482246399
-1.2556910515,0.5420712829,0.2759485245
-1.1583025455,0.1474368721,0.1414518356
-1.0514301062,-0.179389298,0.3691320419
-1.1499648094,-0.4074281752,0.5130004883
-1.0716197491,-0.4507955611,0.2362632751
-1.0838845968,-0.429391861,0.3756542206
-1.0534129143,-0.4382288456,0.3066654205
-1.0463174582,-0.419936955,0.3782930374
-1.0439801216,-0.4177103639,0.2721757889
-1.0026607513,-0.4849999547,0.3893299103
-0.9572595358,-0.538818717,0.3131723404
-1.0190614462,-0.5277187824,0.2980985641
-1.0747983456,-0.4944803119,0.3380727768
-1.1494204998,-0.5345309973,0.2924489975
-1.1141060591,-0.4321961105,0.3461790085
-1.1047153473,-0.3672446012,0.3071460724
-1.1561383009,-0.2730327845,0.3471078873
-1.1831418276,-0.1826942116,0.2888975143
-1.1735922098,-0.1719562709,0.3767251968
-1.2127735615,-0.1827999204,0.3364706039
-1.0874376297,-0.2866848111,0.3166189194
-1.1622858047,-0.3518594503,0.3458766937
-0.5304244757,-0.1454481483,0.2500839233
0.0142548382,-0.0073514879,0.3943357468
0.0258805528,0.0063080788,0.3410549164
0.0272557586,0.0082653314,0.338060379
0.0286598876,0.0131757557,0.3386611938
0.0149670094,0.023399502,0.3476247787
0.0064074472,0.0157393962,0.335641861
0.0229419619,0.0056538135,0.3416223526
0.0252834111,0.0131715685,0.3368301392
0.019533515,-0.000745818,0.3571767807
0.0173496976,-0.0014344901,0.3338298798
0.0266762897,-0.0033766031,0.3164739609
0.0215565339,0.0056995898,0.3392181396
0.0284060761,0.0098888278,0.3392152786
0.0160331428,-0.0013954341,0.342206955
0.0174978077,0.0071748793,0.32305336
0.0115968212,0.0203128606,0.3302335739
0.0245412141,0.0112712234,0.33502388
0.0281420648,0.0243664682,0.35297966
0.0122269094,0.003962636,0.3410053253
0.0175685138,-0.0044776201,0.3410053253
0.0297912732,0.0071978122,0.3457860947
0.0183573589,0.0015600175,0.3403959274
0.0318843648,0.0019992739,0.3403968811
0.0203315839,0.0185347944,0.3397960663
0.0265403464,0.0181908756,0.3266277313
0.0238047987,0.0113460422,0.3391971588
0.019032523,0.0018664896,0.3332138062
0.0273208916,0.0031128973,0.3218421936
0.029931739,0.010947302,0.3296136856
0.0110610723,0.0135702342,0.336180687
0.0181728229,0.0037353784,0.3451461792
0.0106895268,-0.003155604,0.3349695206
0.0364413932,0.0071858764,0.3349704742
0.0344071165,0.0065782666,0.3451395035
0.0177582502,-0.000165388,0.3439311981
0.0168532282,0.0135376453,0.3259687424
0.028596811,0.0158278048,0.325961113
0.0202325061,0.0040338188,0.3211669922
0.0185099617,0.0081432611,0.3349227905
0.0268434212,0.0140219331,0.3349208832
0.0252995193,0.0120619535,0.3301277161
0.0245754793,-0.0021303147,0.3450880051
0.0136834756,-0.0048644394,0.3480768204
0.0112314075,0.0144450217,0.3247289658
0.0266024247,0.0096202046,0.32472229
0.0254998058,0.0133505911,0.3241157532
0.016501762,0.0188127682,0.3264970779
0.0237667561,-0.0012043864,0.3240976334
0.007957153,0.0081096888,0.3270816803
0.0248965472,-0.0030808896,0.3408479691
0.0221955031,-0.0105919838,0.3157072067
0.0154391751,-0.0133520067,0.3204927444
0.0163942277,-0.0047791898,0.3204832077
0.0178570673,-0.0153359771,0.3252716064
0.02049613,-0.0060512722,0.3366518021
0.0233728662,-0.0177785009,0.3462257385
0.0171774551,0.0016826391,0.333647728
0.0283302516,-0.0165722221,0.3480195999
0.0238018259,-0.0169944465,0.3432455063
0.022236079,0.0020607561,0.3444452286
0.0086086839,-0.0073046982,0.3240947723
0.0098368675,-0.0011489093,0.3306798935
0.021678552,0.0010599792,0.3534250259
0.0230746865,-0.0006579012,0.3330745697
0.0301324204,0.0040176809,0.3408546448
0.0331576616,0.003975451,0.3402614594
0.0223983899,0.0035561174,0.3342924118
0.0137475431,0.0062305182,0.3271074295
0.0174149573,0.0056768507,0.3318881989
0.0130663738,-0.0161201358,0.3360843658
0.0182529539,-0.0144137591,0.3145456314
0.0265327245,0.0073100626,0.3307104111
0.0242674723,-0.0159565508,0.3420820236
0.0164260715,-0.010469839,0.3504562378
0.0212708414,0.0003694743,0.3205270767
0.0137421414,-0.0052022636,0.3342962265
0.0232309774,-0.0094527304,0.3318948746
0.0131499767,0.0037832409,0.3283042908
0.0162255317,-0.026015833,0.3474569321
0.0405452698,-0.0213313103,0.3402738571
0.0266867131,-0.016765967,0.3432559967
0.0237966552,-0.0044476837,0.3605937958
0.0087616369,-0.0207756609,0.339635849
0.0151615217,-0.0177769512,0.2965278625
0.0219060779,-0.0084083453,0.3378238678
0.027270399,-0.0071335584,0.3216648102
0.03164123,0.0046445355,0.3162794113
0.0286530778,-0.0085528642,0.3240594864
0.0049334168,-0.0277315825,0.343211174
-0.0001788437,-0.0021834448,0.3324384689
0.0090884864,-0.010047324,0.3264560699
-0.0033833012,-0.0042216703,0.3108892441
0.0088484809,-0.0083291531,0.3318367004
0.029095836,-0.0212270245,0.3641490936
0.0060401335,-0.0165702999,0.3545665741
0.0136001408,-0.0225792825,0.3282413483
0.026223138,-0.0224332809,0.3551769257
0.0103045329,-0.0183542594,0.331829071
0.0104736313,-0.0254543349,0.3515806198
0.0152707472,-0.0278246626,0.3384132385
0.0152624026,0.0048806295,0.3300304413
0.0066634715,-0.011113584,0.3497800827
0.0107591823,-0.0029852241,0.3497781754
0.0036405399,-0.0003299415,0.3288240433
0.0115780011,-0.0211018026,0.3204441071
0.029215388,-0.0073506907,0.3312215805
0.0072451308,-0.0086983293,0.3641443253
-0.0039128587,-0.0143227428,0.3557662964
0.0126084387,-0.0307419673,0.3455991745
0.0301841721,-0.0080808848,0.3527841568
0.0121223778,-0.0153698325,0.3354263306
0.0098690838,-0.0003415421,0.3360242844
0.0336604565,-0.0108288527,0.3491973877
0.0108543783,-0.0106549338,0.3444051743
0.0095896274,-0.022326462,0.3096790314
-0.2511115372,-0.0653217956,-0.4110116959
0.1689315438,0.0006809831,0.8399372101
0.2329277992,0.0351783186,0.443192482
0.1405167729,-0.0103977993,0.5243778229
0.0593202263,0.0100018606,0.4183387756
0.0092201978,-0.0063865036,0.329788208
-0.0096017718,-0.0224325508,0.4039115906
0.0178236812,-0.0203506276,0.413933754
-0.0175253451,-0.0249870047,0.2952318192
-0.1097045839,-0.0326740891,0.120306015
0.0022025257,-0.0183357149,0.3229780197
0.0171530172,-0.0082867965,0.3755235672
0.0133333206,-0.0071650743,0.3186273575
0.0307783559,-0.0198649466,0.3252153397
0.0297732651,-0.0198535472,0.3317966461
0.0284381881,-0.0102131963,0.3329906464
0.0081302896,-0.0142889544,0.3341808319
0.0078162327,-0.0141738579,0.3425579071
0.0136371106,-0.010800682,0.3425579071
0.0163637847,-0.0147920176,0.3359727859
0.0238588676,-0.0247140899,0.3503370285
0.022330828,-0.007279858,0.3461437225
0.0254256725,-0.0198884457,0.3503265381
0.0133240744,-0.0239446908,0.3700666428
0.0188564807,-0.0071778372,0.3407306671
0.016975753,0.007574074,0.3353414536
0.0167902038,-0.0201543719,0.3389320374
0.0237028226,-0.0149300024,0.3562908173
0.0157607719,-0.0238901973,0.3293590546
0.0162273794,-0.0217987075,0.335940361
0.0098746642,-0.0233489871,0.3353347778
0.0126890764,-0.0311357081,0.3413152695
0.0214344263,-0.0410360321,0.3383226395
0.0349446312,-0.0175966844,0.3437137604
0.0103330165,-0.0158163831,0.3413190842
0.0062275082,-0.0153191537,0.3371276855
0.0101411641,-0.0219233036,0.3281459808
0.0303319693,-0.0271233767,0.3383245468
0.0361539647,-0.0102404729,0.3461093903
0.0142959431,-0.0030649304,0.3479013443
0.0166143328,-0.0191574246,0.3556776047
0.021655418,-0.021228388,0.3413057327
0.0114628747,-0.0259190649,0.3299217224
0.023071073,-0.0192966834,0.3311157227
0.0205431208,-0.018241249,0.3418970108
0.0032219142,-0.0137528107,0.3436956406
0.0195051804,0.0082822964,0.3317289352
0.0155471563,-0.0010292828,0.3239479065
0.0220981166,-0.0299868211,0.3460912704
0.024513483,-0.022141315,0.3311290741
0.0159985274,-0.0217102915,0.3275365829
0.0082287267,-0.0168016851,0.3377141953
0.0253249258,-0.0192146674,0.3329286575
0.0208171904,-0.0298789442,0.3389120102
0.0177792534,-0.0030968189,0.3407068253
0.002131477,-0.0208441317,0.3305339813
0.0138618127,-0.0146402493,0.3502922058
0.019753769,0.0067608878,0.3526849747
0.0039036125,-0.0150806159,0.3341312408
0.0096923709,-0.0091204345,0.3401107788
0.0172093958,-0.0075923949,0.3263378143
0.023272641,-0.0035818219,0.3353128433
0.0244050696,-0.0174762383,0.3395013809
0.0158893764,-0.0101009682,0.3371114731
0.0193439946,0.0006788447,0.330529213
0.0187632367,-0.0258882418,0.3395042419
0.0168571174,-0.0200567469,0.3299188614
0.0246382803,-0.0278378949,0.3317146301
0.01866436,-0.0328930318,0.3412952423
0.0047834739,-0.0235991701,0.3335189819
0.0212821737,-0.0215956643,0.336517334
0.025169462,-0.0171729326,0.3299398422
0.0229699388,-0.0017397702,0.3251543045
0.0080191419,-0.0155705065,0.3323373795
0.0005226955,-0.0127705112,0.3395204544
0.0284734815,-0.0251911879,0.3526992798
0.016538009,-0.0078856647,0.3329544067
0.0048910528,-0.0361473262,0.3281612396
0.0221587569,-0.003845267,0.309592247
0.033307001,-0.0091258958,0.3455095291
0.030738838,-0.0228008553,0.3359355927
0.0034615472,-0.0315419883,0.3293514252
0.0156936049,-0.0088569894,0.346698761
0.0122528747,-0.0159927234,0.3275365829
0.0267475322,-0.0305103213,0.3077812195
0.014406316,-0.0210257247,0.331120491
0.0246196836,-0.0293098688,0.3323116302
0.0268976018,-0.0248910114,0.3311185837
0.0256003067,-0.0245245099,0.3137664795
0.0277695209,-0.0295380428,0.3544740677
0.011650756,-0.0194912106,0.3305368423
0.0199530646,-0.029471688,0.3371248245
0.0273035169,-0.0195080414,0.3526887894
0.024290815,-0.0398728028,0.3461046219
0.0272670761,-0.0085931793,0.3556776047
0.012416251,-0.0133718029,0.3490991592
0.0174325034,-0.0052916631,0.3341369629
0.0184002593,-0.0099366382,0.3419151306
0.0247103199,-0.0093362778,0.3311386108
0.0178811178,-0.0219593868,0.319767952
0.0183762833,-0.0213120282,0.3215656281
0.0114991069,-0.0269389376,0.3269453049
0.0111330897,-0.0223146752,0.3460865021
0.0192840323,-0.0284439549,0.3305263519
0.0054123774,-0.0181333795,0.331120491
0.0095408186,-0.0188341066,0.3389015198
0.0218963698,-0.017847836,0.3347177505
0.0170228928,-0.0225365385,0.3245515823
0.0192473158,-0.0285164267,0.3359270096
0.0220600143,-0.0203752071,0.3413047791
0.0152874365,-0.0145367905,0.3329124451
0.0142561868,-0.0134893209,0.3436822891
0.0197072923,-0.0232165158,0.3520593643
0.0203453079,-0.0305784345,0.3257198334
0.010961175,-0.0222875923,0.3263092041
0.0146187842,-0.0187416449,0.3137388229
0.020471476,-0.0150143951,0.3298950195
0.0342771262,-0.0172388405,0.3203191757
0.0235665441,-0.0180350989,0.3340911865
0.0396645218,-0.0228666589,0.3622226715
0.0101352036,-0.0275530964,0.3574237823
0.0227179453,-0.01636035,0.3304872513
0.020901829,-0.0283328146,0.3370780945
0.0163740367,-0.0289157629,0.3544397354
0.0234999135,-0.0193646774,0.3281040192
0.0335124731,-0.0245409459,0.3328971863
0.0323933959,-0.0300902426,0.335893631
0.0282470062,-0.0289023891,0.334104538
0.0265451595,-0.0333308205,0.3382978439
0.0209043622,-0.0168324038,0.3532543182
0.0073373839,0.0027823225,0.3107461929
0.0090733394,-0.005614534,0.3173313141
0.0217059776,-0.0065795779,0.3293037415
0.0245903134,-0.0020133629,0.3418722153
0.0232901871,-0.0146735311,0.3251123428
0.0354896411,-0.0140128508,0.3221244812
0.0272665769,-0.0290180817,0.3203334808
0.0072985888,-0.0206175447,0.3640241623
0.0272917897,-0.0327930823,0.3388805389
0.0148547292,-0.010765098,0.325709343
0.0279413983,-0.0133293048,0.3370809555
0.0175129846,-0.0105552003,0.3179264069
0.0101673976,-0.0355636999,0.334695816
0.0368085355,-0.0139238834,0.3478755951
0.019405283,-0.0172124505,0.3394927979
0.0144595578,-0.0312180072,0.3436746597
0.0194233805,-0.0250963345,0.3257102966
0.0406052247,-0.0152433142,0.3328943253
0.03233511,-0.0144801587,0.3322954178
0.0082204565,-0.0148669705,0.3340892792
0.0028610751,-0.0109676644,0.33527565
0.0158550441,-0.0153671429,0.33527565
0.0343934298,-0.0147230327,0.3400650024
0.0127111599,-0.017555438,0.3460464478
0.0015255958,-0.0133287385,0.3322706223
0.0088904127,-0.019810088,0.3113212585
0.0274656191,-0.0299478397,0.3185043335
0.0202045962,-0.0215062648,0.325088501
0.0011717454,-0.0170576274,0.3155212402
-0.0078897849,-0.024507001,0.2496852875
0.0302914381,-0.0214795768,0.3765792847
0.0150931031,-0.0078997165,0.3430604935
0.0332998112,-0.0150445998,0.3454666138
0.0350899547,-0.0118587166,0.3484964371
0.0332418904,-0.0215802193,0.340180397
0.0450127125,-0.0087680519,0.3952903748
0.0576736927,-0.0166998878,0.4240722656
0.0182391256,-0.0358552709,0.3552703857
-0.0297699645,-0.0301651806,0.273273468
-0.0193425268,-0.0214539692,0.2923870087
0.0248300657,-0.0156396404,0.3437852859
0.0201767832,-0.0054429024,0.32396698
0.0207269415,-0.0054856688,0.3149547577
0.0144536868,-0.0095594898,0.3287181854
0.004992336,-0.021735318,0.3197364807
0.0220260695,-0.0211003721,0.3400850296
0.027509518,-0.0147754252,0.3532485962
0.0108581036,-0.022143364,0.3466615677
0.018572621,-0.03416913,0.3442668915
0.0167857632,-0.0332595855,0.3263139725
0.0252618939,-0.0283705369,0.3358983994
0.0276798159,-0.0100940764,0.3388948441
0.0178049505,-0.0097184926,0.3508729935
0.0284725875,-0.0264990851,0.3407068253
0.0230055153,-0.0415572077,0.3550720215
0.0248537064,-0.0227435157,0.3341255188
0.0160902143,-0.0324388519,0.3125867844
0.0317402631,-0.0371985361,0.3377256393
0.0219971165,-0.0424367785,0.3317365646
0.0324680656,-0.0086312443,0.3353347778
0.0293465778,0.0008214042,0.3359270096
0.0246290341,-0.0141541809,0.3365240097
0.0242741778,-0.0086316243,0.3425159454
0.0210844427,-0.0104048997,0.3574886322
0.0241385251,-0.0149956793,0.3413286209
0.0162926763,-0.0190165415,0.3287467957
0.0239274129,-0.0174695626,0.3490962982
0.0243048519,-0.0250334218,0.3299407959
0.0050175861,-0.0215522796,0.3341312408
0.0142152384,-0.0260027051,0.3191690445
0.0168719813,-0.0257837027,0.3323431015
0.0180981755,-0.0369373262,0.3341417313
0.0074583441,-0.028000854,0.3383293152
0.0140994862,-0.0238686502,0.338927269
0.0141218603,-0.023639068,0.3359365463
0.0105147734,-0.0151395053,0.3467121124
0.0259028673,-0.0044694394,0.3119974136
0.0316066295,-0.0230418667,0.3161897659
0.0147565156,-0.0206742808,0.3209781647
0.0227415413,-0.0104249641,0.3365392685
-0.0785844773,-0.1214839146,0.2353906631
0.1380407959,0.1056314409,0.5711450577
0.0331874713,-0.0003050789,-0.1040525436
0.0273682624,-0.0418380722,0.6814212799
0.0313441008,0.0244396627,0.3379116058
0.0278549343,-0.02546525,0.3355016708
0.0407294035,0.0177687928,0.4133472443
0.0016954243,-0.0386842042,0.3241786957
-0.0417860076,-0.0176700354,0.2182302475
0.0028342903,-0.0108940229,0.4013233185
0.0124730542,-0.0282917395,0.2953271866
0.0206684098,-0.0134756938,0.3605413437
0.0085790828,-0.0172345117,0.3467674255
0.0190608948,-0.0079899803,0.3330001831
0.0298556536,-0.0033231825,0.3413848877
