-0.097282,0.082820,0.132473,134077209
-0.097247,-0.070740,0.135524,134077219
-0.097039,0.082206,-0.014419,134077229
0.209791,0.081974,-0.010955,134077239
0.210312,-0.224665,-0.007377,134077249
-0.095497,0.081660,-0.003742,134077259
-0.094752,-0.071651,0.153125,134077269
-0.093937,-0.071681,0.003486,134077279
-0.093073,0.081572,0.160202,134077289
-0.092169,-0.071576,0.163542,134077299
0.215226,0.081790,0.166685,134077309
0.216186,-0.071248,0.016356,134077319
0.217152,-0.071007,0.018971,134077329
0.218095,-0.070719,0.174494,134077339
0.218977,-0.070383,0.023206,134077349
0.219754,-0.069995,0.178008,134077359
-0.086080,-0.222780,-0.127261,134077369
-0.085651,0.084188,0.179993,134077379
0.221015,-0.068457,0.027175,134077389
0.220985,0.085437,0.027211,134077399
-0.238986,-0.067042,0.180107,134077409
-0.086295,-0.066215,0.026206,134077419
-0.087084,0.087916,0.178433,134077429
-0.088099,-0.064345,0.023898,134077439
0.217142,-0.063315,0.175527,134077449
-0.090695,0.090992,0.173657,134077459
-0.092227,-0.061108,0.018271,134077469
-0.093843,0.093269,0.169138,134077479
-0.095524,0.094432,0.013330,134077489
-0.097373,-0.057555,0.163396,134077503
-0.099150,-0.056364,0.007060,134077509
-0.100849,-0.055223,0.003800,134077519
-0.102427,-0.054139,0.000343,134077530
-0.103864,0.100106,0.150123,134077539
-0.105073,-0.052178,-0.006715,134077550
-0.106104,-0.051302,-0.010270,134077559
-0.106866,0.102724,0.139383,134077569
-0.107373,0.103447,-0.017380,134077579
-0.107582,0.104086,0.132351,134077589
-0.107345,0.104613,-0.024408,134077601
0.199512,-0.048159,-0.027803,134077609
-0.106239,0.105408,-0.031103,134077619
-0.105150,0.105593,-0.034317,134077630
-0.103864,0.105669,0.115845,134077639
-0.102139,-0.047703,-0.040339,134077651
-0.100338,-0.047922,-0.196360,134077659
-0.098298,-0.048308,-0.045743,134077669
0.210664,0.257479,-0.048163,134077683
0.213142,0.103554,-0.050428,134077689
0.215836,0.102674,0.100801,134077700
0.218526,-0.051503,0.099008,134077709
0.221258,-0.052604,0.097486,134077719
0.223918,-0.207021,-0.057048,134077729
0.226456,-0.055083,-0.058120,134077739
0.228792,0.096707,-0.212144,134077751
0.230920,0.095285,0.093649,134077759
0.232695,0.093844,-0.060037,134077769
0.233822,0.092314,0.093063,134077783
-0.071765,-0.215622,-0.213435,134077790
-0.071249,-0.063826,-0.060143,134077799
-0.071273,-0.218453,-0.059932,134077809
0.234586,-0.066573,-0.059571,134077819
0.233121,-0.067855,0.094249,134077832
0.231497,-0.069050,-0.058356,134077839
0.229312,-0.070095,0.095633,134077849
0.226778,-0.070992,-0.056765,134077859
0.223812,-0.071705,0.097376,134077869
-0.086371,-0.072136,-0.208041,134077881
-0.090204,-0.072442,-0.053775,134077889
0.212049,-0.072517,-0.052702,134077899
0.207570,0.080850,0.101619,134077909
-0.103698,-0.071986,0.255964,134077919
0.197787,0.081825,-0.049383,134077929
-0.113820,0.082611,-0.048295,134077939
-0.119090,0.083573,-0.047247,134077949
0.182020,-0.068540,-0.199482,134077959
0.176656,0.085922,-0.045318,134077969
0.171317,0.087244,-0.044436,134077979
-0.140415,-0.064610,0.109625,134077989
-0.145646,-0.216417,0.110417,134078000
-0.150705,0.091444,-0.042063,134078009
-0.155587,0.092829,-0.041360,134078019
-0.160244,-0.059051,0.112521,134078029
-0.164627,0.095477,0.113120,134078039
-0.168686,-0.056519,0.113657,134078049
-0.172374,0.097863,-0.192338,134078059
-0.175645,0.098924,-0.038726,134078069
-0.178455,0.099880,-0.038425,134078079
0.125684,0.100715,0.115026,134078089
-0.182577,0.101414,-0.191279,134078099
-0.183859,0.101959,-0.037961,134078109
0.121846,0.102334,0.115306,134078119
0.121607,-0.050705,0.268533,134078129
-0.184594,0.102519,0.115267,134078139
-0.183877,0.102313,0.115186,134078149
-0.182730,0.101904,-0.038185,134078159
-0.181183,-0.051939,0.114825,134078169
-0.179263,0.100475,-0.038707,134078179
-0.176997,-0.053760,0.114122,134078189
-0.174402,0.098281,0.113623,134078199
0.134957,0.096929,-0.040211,134078209
0.138148,-0.057804,-0.040928,134078219
0.141581,-0.059440,-0.041752,134078229
-0.161146,0.398445,-0.042711,134078240
-0.157358,0.090133,-0.043723,134078249
-0.153486,-0.218263,0.108427,134078259
-0.149567,-0.067047,0.107300,134078269
-0.145625,-0.069120,0.106134,134078279
0.164764,-0.071220,-0.048284,134078289
-0.137786,0.079909,-0.049498,134078299
0.172527,0.077841,0.102501,134078309
0.176309,-0.077401,0.101260,134078319
0.179983,-0.079339,0.100015,134078329
0.183517,-0.081185,0.098756,134078339
0.186854,0.070311,0.097493,134078349
0.189947,0.068711,-0.057014,134078359
0.192747,0.067254,0.094914,134078369
0.195205,-0.087283,-0.059640,134078379
-0.109178,0.218011,-0.214217,134078389
-0.107522,0.063758,-0.062353,134078399
-0.106295,0.062860,-0.063714,134078409
-0.105501,0.062072,-0.065052,134078419
-0.105108,-0.091856,-0.066340,134078429
-0.105112,-0.092482,-0.067556,134078439
-0.105415,0.060180,-0.068676,134078449
-0.105989,-0.093563,0.083552,134078459
-0.106775,-0.094026,-0.070539,134078469
0.198736,0.058791,-0.071252,134078479
0.197688,-0.094798,-0.071810,134078489
0.196573,0.058129,-0.072203,134078499
0.195414,-0.248572,0.080800,134078509
0.194215,-0.095521,0.080746,134078519
0.192972,-0.095623,-0.072374,134078529
0.191670,-0.248860,0.081119,134078539
0.190293,0.057698,0.081518,134078549
-0.117641,-0.095302,-0.071193,134078559
-0.119231,0.058298,0.082650,134078569
0.185510,0.058823,-0.069889,134078579
0.183678,-0.093735,-0.069148,134078589
0.181730,-0.092919,-0.068369,134078599
0.179670,-0.091971,0.238891,134078609
0.177485,0.062335,-0.219980,134078619
0.175174,-0.089698,0.087291,134078629
0.172716,0.064839,-0.065134,134078639
0.170111,0.066242,0.088881,134078649
0.167345,-0.085506,-0.216816,134078659
0.164409,0.069263,-0.062854,134078669
0.161288,0.070843,-0.062147,134078679
0.157993,0.072435,-0.061460,134078689
0.154508,-0.079210,-0.060782,134078699
-0.155614,-0.077661,-0.060103,134078709
-0.159455,-0.229392,-0.059410,134078719
0.143015,0.078504,-0.058695,134078729
0.138905,0.233111,0.095283,134078739
0.134716,-0.072036,0.249294,134078749
0.130477,0.082429,-0.056348,134078759
0.126210,0.083578,-0.055512,134078769
0.121898,-0.068604,0.098565,134078779
0.117600,-0.067665,0.099405,134078789
0.113343,0.086392,0.100218,134078799
0.109112,-0.066126,-0.205466,134078809
0.104915,0.240926,0.101708,134078819
0.100759,0.088173,-0.204096,134078829
0.096645,0.088523,0.102946,134078839
0.092577,0.241968,0.103465,134078849
-0.217984,-0.064474,-0.202552,134078860
-0.221961,-0.064565,0.104293,134078869
-0.225852,-0.064829,0.104615,134078879
-0.229621,0.087968,0.104875,134078889
-0.233223,-0.065855,0.105065,134078899
-0.236606,0.086634,-0.048049,134078909
-0.239709,-0.067470,0.105207,134078919
-0.242478,-0.068460,0.105145,134078929
0.061632,0.236889,0.104966,134078939
0.059683,-0.070734,0.104696,134078949
0.058202,-0.071959,-0.048922,134078959
0.057198,-0.073227,-0.049437,134078969
0.056673,-0.074520,-0.050082,134078979
0.056585,-0.075811,0.102384,134078989
0.056908,0.076154,0.101511,134078999
0.057590,0.074940,-0.052687,134079009
0.058592,-0.079435,-0.053747,134079019
-0.246607,0.072728,-0.054883,134079029
-0.245111,0.071751,0.250368,134079039
-0.243461,-0.082366,0.095899,134079049
0.064802,-0.083162,-0.058608,134079059
0.066746,-0.083865,0.246539,134079069
-0.237640,-0.084467,-0.214489,134079079
-0.235464,0.068267,-0.062630,134079089
0.073261,-0.085344,-0.064016,134079099
0.075612,0.067620,-0.065404,134079109
0.078032,0.220699,-0.066772,134079119
0.080506,0.067430,-0.068099,134079129
-0.223455,-0.085749,-0.069360,134079139
-0.220948,0.067606,0.082695,134079149
-0.218469,-0.085451,-0.071603,134079159
0.090448,-0.085241,-0.072551,134079169
0.092888,0.068223,-0.073366,134079179
0.095304,0.068477,-0.074037,134079189
-0.208772,0.068742,-0.074553,134079199
0.100018,-0.084222,-0.228134,134079209
0.102290,-0.083968,0.078148,134079219
0.104487,-0.083728,-0.075072,134079229
0.106612,-0.083502,-0.074801,134079240
0.108614,0.069945,0.078820,134079249
0.110467,0.070164,-0.227057,134079259
0.112147,-0.082841,0.233390,134079269
0.113624,0.070620,-0.072133,134079279
0.114877,0.070858,0.082181,134079289
0.115880,0.071098,0.083398,134079299
0.116615,0.071334,-0.068511,134079309
0.117066,0.071555,0.086111,134079319
0.117219,-0.081482,0.087550,134079329
0.117063,-0.081329,-0.064225,134079339
0.116593,-0.081221,0.243672,134079349
0.115807,0.072074,-0.061389,134079359
0.114708,0.072101,-0.060064,134079369
0.113297,-0.081135,-0.212065,134079379
0.111586,-0.081174,-0.057712,134079389
0.109583,0.071989,-0.056692,134079399
0.107307,0.071903,0.097459,134079409
0.104767,-0.081429,-0.054937,134079419
0.101987,-0.234772,0.099040,134079429
0.098827,-0.081665,0.099697,134079440
0.095599,-0.081772,-0.052940,134079449
0.092197,0.071386,-0.052434,134079459
0.088637,-0.081858,0.101218,134079469
0.084940,-0.235030,0.101561,134079479
0.081135,-0.081660,-0.051407,134079489
-0.229214,-0.081416,-0.204456,134079499
-0.233156,0.072175,-0.204353,134079509
-0.237115,-0.080558,0.102143,134079519
-0.241028,-0.079924,0.102140,134079529
-0.244873,0.074125,0.102104,134079540
-0.248518,-0.078191,-0.051174,134079549
-0.251902,-0.077149,0.101988,134079559
-0.254951,-0.075983,0.101903,134079569
0.048865,-0.074696,0.101794,134079579
0.046681,0.079927,-0.204802,134079589
0.044991,-0.071808,0.101480,134079599
0.043811,-0.070228,-0.051963,134079609
0.043141,-0.068571,-0.052216,134079619
0.042955,-0.066852,0.100728,134079629
0.043343,-0.065032,-0.052828,134079640
0.044028,-0.063206,-0.053166,134079649
0.045069,-0.061342,-0.053521,134079659
0.046417,-0.059445,-0.053884,134079669
0.048020,-0.057516,0.098985,134079679
0.049814,0.097663,0.098635,134079689
-0.254711,-0.053599,-0.054929,134079699
-0.252692,0.101599,-0.055245,134079709
-0.250613,-0.049669,0.250912,134079719
-0.248492,0.105493,0.097397,134079729
0.060177,0.107403,-0.056118,134079740
0.062392,0.109234,0.096821,134079749
0.064655,-0.042257,0.096509,134079759
0.066960,-0.040634,0.096163,134079769
0.069293,-0.039145,0.095766,134079779
0.071629,0.115429,0.095307,134079789
0.073941,-0.036607,-0.058458,134079799
0.076196,-0.035568,-0.059084,134079809
0.078367,-0.034688,-0.059804,134079819
0.080421,0.119268,-0.060613,134079829
0.082327,-0.186640,-0.214763,134079840
0.084074,0.120258,-0.062478,134079849
-0.220839,0.120568,-0.216673,134079859
-0.219511,0.120755,-0.064401,134079869
-0.218400,-0.032408,-0.065311,134079879
-0.217485,-0.032463,-0.066141,134079889
0.089724,-0.032634,0.086372,134079899
0.090349,0.120314,0.085793,134079909
0.090877,-0.186526,-0.221092,134079919
-0.215127,-0.033767,0.085094,134079929
-0.214737,-0.034346,-0.068196,134079940
-0.214374,0.118283,-0.068151,134079949
-0.214010,0.270883,0.085279,134079959
-0.213608,0.117003,0.085635,134079969
0.093332,0.116326,-0.067096,134079979
0.093927,-0.037613,-0.066474,134079989
0.094657,-0.038368,-0.372201,134079999
0.095528,-0.039173,0.088315,134080009
0.096536,0.113199,-0.063983,134080019
0.097658,-0.040934,-0.062953,134080029
0.098871,0.111345,-0.061822,134080039
0.100142,-0.042872,0.092632,134080049
0.101432,-0.043895,-0.059284,134080059
0.102705,0.108281,-0.057895,134080069
0.103923,0.107205,-0.056435,134080079
0.105050,-0.047117,-0.054918,134080089
0.106048,-0.048223,-0.053356,134080099
0.106887,-0.049340,-0.051754,134080109
-0.198921,-0.050456,0.103106,134080119
0.107978,0.101666,-0.048468,134080129
0.108206,0.100584,-0.046803,134080139
0.108201,0.099527,0.108094,134080149
0.107990,-0.054726,-0.043487,134080159
0.107558,0.097506,-0.041867,134080169
0.106899,0.096532,0.112942,134080179
-0.200442,0.095576,0.114465,134080189
-0.201537,-0.058599,-0.037312,134080199
0.103634,-0.059543,-0.035946,134080209
0.102184,-0.060489,0.118547,134080219
0.100602,-0.061434,0.119699,134080229
0.098913,-0.062369,-0.032505,134080239
0.097136,0.089945,-0.031619,134080249
0.095287,0.089064,-0.030880,134080259
0.093376,0.088221,0.122940,134080269
0.091405,0.087417,-0.029850,134080279
0.089383,-0.066581,-0.182786,134080289
0.087313,-0.220551,-0.029402,134080299
0.085197,0.085195,-0.182595,134080309
0.083035,0.084517,-0.029429,134080319
0.080828,0.083877,0.123664,134080329
0.078577,0.083274,-0.029748,134080339
0.076283,-0.070526,-0.029956,134080349
0.073948,0.082155,0.123055,134080359
0.071575,0.081625,0.122836,134080369
0.069163,0.081104,-0.030608,134080379
0.066716,0.080582,0.122406,134080389
0.064240,-0.226410,-0.031040,134080399
0.061739,-0.073732,-0.031266,134080409
0.059216,-0.074300,-0.031506,134080419
0.056677,-0.074874,-0.031758,134080429
0.054127,-0.075437,-0.185249,134080439
0.051503,-0.075977,-0.032293,134080450
0.048936,0.076755,-0.032551,134080459
0.046381,0.076323,-0.032780,134080469
0.043842,0.075967,-0.186193,134080479
0.041325,-0.077541,0.120142,134080489
0.038840,0.075483,-0.033137,134080499
0.036392,-0.077882,0.120123,134080509
0.033986,0.075275,-0.032991,134080519
0.031628,-0.077968,-0.186025,134080529
-0.277133,-0.077929,-0.032519,134080539
-0.279368,0.075389,0.121063,134080549
0.024947,0.075523,-0.031734,134080559
0.022927,0.075697,-0.031233,134080569
0.021060,-0.077327,-0.030667,134080579
0.019367,0.076126,-0.183272,134080589
0.017859,-0.076871,-0.029365,134080599
0.016544,-0.076640,0.124596,134080609
0.015423,-0.076412,-0.181074,134080619
-0.291964,0.077041,0.126223,134080629
-0.292705,-0.075965,-0.026124,134080639
-0.293244,0.077490,0.128024,134080649
0.012891,0.077717,0.128965,134080659
-0.293647,-0.075285,0.129912,134080669
0.013000,0.078166,-0.022387,134080679
0.013471,-0.228077,0.438185,134080689
0.014229,0.078588,-0.020693,134080699
0.015275,-0.074440,-0.019996,134080709
0.016592,0.078990,-0.019440,134080719
0.018160,-0.074035,-0.019046,134080729
0.019945,0.079404,-0.018824,134080739
0.021918,-0.073608,0.134449,134080749
0.024038,-0.073384,0.134320,134080759
0.026265,-0.073151,0.134018,134080769
0.028563,0.080325,-0.019691,134080779
0.030894,-0.072638,0.132878,134080789
-0.273243,0.080878,-0.021181,134080799
-0.270954,0.081189,-0.022190,134080809
-0.268713,-0.224940,-0.023359,134080819
-0.266512,-0.071365,-0.024682,134080829
-0.264337,0.082229,-0.026130,134080839
-0.262149,-0.223838,-0.027690,134080849
0.046531,-0.070189,-0.029319,134080859
0.048825,-0.222958,-0.030993,134080869
0.051242,-0.069203,-0.032700,134080879
-0.252727,0.084614,-0.034386,134080889
0.056317,-0.067938,0.117193,134080899
0.059141,0.086140,-0.037658,134080911
0.061936,-0.066208,-0.039199,134080919
0.064807,-0.065225,-0.040650,134080929
0.067696,-0.064168,0.111228,134080939
0.070589,0.090199,-0.043241,134080949
0.073519,-0.061760,-0.044354,134080960
-0.230116,0.092751,-0.045367,134080969
0.079068,-0.059141,0.106975,134080979
0.081719,-0.057682,0.106247,134080992
0.084229,-0.056266,-0.200874,134080999
0.086563,0.098378,-0.048203,134081009
0.088702,-0.053448,0.104568,134081019
0.090635,0.101154,-0.049026,134081029
0.092265,-0.050692,-0.049246,134081042
0.093750,-0.049375,0.103801,134081049
0.094959,0.105099,-0.049530,134081059
0.095825,0.106264,0.103684,134081070
0.096477,-0.045886,-0.049519,134081079
0.096759,0.108306,-0.049430,134081090
0.096807,-0.044063,0.103915,134081099
0.096552,0.109899,-0.049167,134081109
0.095809,-0.042775,0.104249,134081121
-0.211526,0.110921,0.104435,134081129
-0.212708,0.111238,0.104618,134081139
0.092271,-0.041838,0.104780,134081150
0.090648,0.111425,0.258137,134081159
0.088713,0.111232,-0.048290,134081171
0.086760,0.264189,-0.048311,134081179
-0.221770,-0.195942,-0.201687,134081189
0.082520,-0.043345,0.104483,134081200
0.080356,-0.044086,0.104107,134081209
-0.228372,-0.045091,-0.049700,134081222
-0.230561,0.107107,0.256145,134081229
0.073767,0.105976,-0.051034,134081239
-0.234758,0.104657,0.101264,134081252
-0.236700,0.103351,-0.052909,134081259
-0.238462,-0.051233,0.252516,134081269
-0.240000,-0.052641,-0.055073,134081279
-0.241271,0.099138,-0.056296,134081289
-0.241463,0.097072,0.094924,134081311
-0.241468,-0.058149,-0.060255,134081319
-0.241080,-0.060103,-0.062171,134081329
-0.240233,0.091212,-0.217263,134081339
-0.238886,-0.063886,-0.065823,134081349
0.069476,0.087522,-0.067510,134081359
0.071920,-0.067470,-0.069067,134081369
0.074927,-0.069173,0.082760,134081379
-0.228006,-0.070805,0.081532,134081389
0.082537,-0.072358,0.080501,134081399
0.086964,0.079414,-0.073592,134081409
0.091749,-0.075161,-0.074281,134081419
-0.209648,0.076843,0.078428,134081429
-0.204378,0.075744,-0.075159,134081439
0.107484,-0.078457,0.077861,134081449
0.112972,0.073926,-0.075435,134081459
0.118471,-0.080029,-0.075377,134081469
-0.182531,-0.080640,0.078028,134081479
0.129275,0.072090,-0.074922,134081489
-0.172000,0.071698,-0.074550,134081499
0.139430,-0.081820,-0.074092,134081509
-0.162304,-0.082017,0.079670,134081519
-0.157857,-0.082127,-0.072955,134081529
-0.153706,0.071077,-0.072287,134081539
-0.149851,0.071133,-0.071561,134081549
-0.146286,0.071266,-0.070777,134081559
-0.142990,-0.081766,-0.069941,134081569
-0.139939,0.071713,-0.069052,134081579
-0.137102,0.072004,0.085124,134081589
0.172012,0.072319,-0.067105,134081599
0.174514,-0.080585,0.087173,134081609
0.176877,-0.080266,0.088263,134081619
0.179103,0.073267,-0.063846,134081629
0.181178,0.073549,-0.062711,134081639
0.183078,0.073801,0.091660,134081649
-0.121673,0.074017,0.092785,134081659
-0.120191,-0.079045,-0.059343,134081669
-0.118955,-0.078938,-0.058281,134081679
0.188510,-0.078890,0.095958,134081689
0.189292,-0.078897,-0.056322,134081699
0.189846,-0.078951,-0.055440,134081709
0.190176,0.074193,-0.054630,134081719
0.190266,-0.079140,0.099336,134081729
0.190109,0.073981,-0.053224,134081739
0.189641,0.227105,-0.052627,134081749
-0.117518,-0.232679,0.254366,134081759
-0.118506,-0.079541,0.101604,134081769
-0.119775,0.226835,0.101997,134081778
-0.121317,-0.079692,0.102303,134081789
-0.123080,-0.079750,-0.203946,134081799
-0.125025,-0.079794,-0.050619,134081809
-0.127091,0.073405,-0.050630,134081819
-0.129226,-0.079832,-0.050742,134081829
-0.131366,0.073414,0.102289,134081839
0.172993,-0.079769,-0.051219,134081849
0.171000,0.073533,-0.051551,134081859
0.169143,0.073633,0.101299,134081869
0.167437,-0.232699,-0.052341,134081879
0.165884,0.073910,-0.206006,134081889
-0.141989,-0.079144,-0.053221,134081899
-0.143280,0.074287,0.099573,134081909
0.161999,0.074517,-0.207292,134081919
0.160926,-0.078457,-0.054425,134081929
-0.146510,-0.078180,0.098503,134081939
-0.147401,-0.077879,0.098290,134081949
0.158239,-0.077563,-0.055079,134081959
0.157495,0.076007,-0.055139,134081969
0.156815,-0.076850,0.098111,134081979
-0.150272,-0.076443,-0.208245,134081989
0.155590,0.077229,-0.054839,134081999
-0.151446,-0.075518,-0.054587,134082009
-0.152014,-0.074998,0.098971,134082019
-0.152575,0.078792,0.405839,134082029
0.153338,-0.073838,-0.053372,134082039
0.152816,-0.073182,-0.052836,134082050
0.152326,-0.072507,-0.052295,134082059
0.151861,0.081432,-0.051760,134082069
0.151408,0.082179,-0.051243,134082079
0.150945,-0.070273,0.102475,134082089
0.150449,0.236982,-0.050297,134082099
0.149891,-0.068670,0.103353,134082109
0.149245,-0.067874,-0.049498,134082119
0.148478,-0.067100,-0.049164,134082129
0.147570,-0.066356,0.104347,134082139
0.146488,-0.065646,0.104578,134082149
0.145217,0.088261,-0.048476,134082159
0.143739,-0.064318,-0.048361,134082169
0.142036,-0.063695,-0.201536,134082179
0.140093,0.090133,0.104918,134082189
0.137917,0.090708,-0.048360,134082199
-0.170970,0.091260,0.104787,134082209
0.132825,0.091779,0.104677,134082219
0.129945,-0.060975,-0.048684,134082229
0.126857,0.092672,-0.048842,134082239
0.123596,0.093023,0.104204,134082249
0.120177,0.093296,0.103999,134082259
0.116602,-0.059752,0.103767,134082269
-0.193541,0.093561,0.103502,134082279
-0.197323,-0.059692,-0.050034,134082289
-0.201171,0.093402,0.102834,134082299
-0.205031,0.093156,-0.050817,134082309
-0.208840,0.092799,-0.051303,134082319
0.093921,0.092328,0.101375,134082329
0.090401,-0.061486,0.100761,134082339
0.087107,-0.062191,-0.053144,134082349
0.084072,0.090221,-0.053880,134082359
0.081313,-0.063926,0.098559,134082369
0.078847,-0.064949,0.097711,134082379
0.076647,0.087196,0.096825,134082389
0.074713,-0.067174,0.095894,134082399
0.073023,-0.068351,-0.058311,134082409
0.071552,0.083683,-0.059332,134082419
0.070276,-0.070741,-0.060400,134082429
-0.237290,-0.071918,-0.061504,134082439
-0.238254,-0.073059,0.090601,134082449
-0.239083,-0.074145,0.089472,134082459
-0.239770,0.078073,-0.064883,134082469
-0.240299,-0.076076,-0.065995,134082479
0.065815,-0.076889,-0.220314,134082489
-0.240775,0.228872,0.085093,134082499
0.065783,-0.231390,-0.069128,134082509
0.066126,0.074615,-0.070044,134082519
0.066714,-0.078944,-0.070866,134082529
0.067545,-0.079151,-0.071581,134082539
0.068591,-0.079236,0.081055,134082549
0.069827,-0.079197,0.080594,134082559
0.071218,-0.079032,-0.072960,134082569
0.072721,0.074490,-0.073153,134082579
0.074346,-0.078275,-0.073182,134082590
0.075964,-0.077725,-0.073117,134082599
0.077567,-0.077055,-0.072925,134082609
0.079113,-0.076271,-0.072606,134082619
0.080566,0.077857,-0.072157,134082629
0.081891,-0.074368,0.081649,134082639
0.083058,-0.073266,0.082352,134082649
0.084037,0.234386,-0.070055,134082659
0.084810,-0.070807,-0.069133,134082669
0.085355,-0.069485,0.085104,134082679
-0.220802,-0.068123,-0.067044,134082689
0.085713,0.086488,0.087319,134082699
0.085534,0.087877,-0.064735,134082709
0.085130,0.089257,0.089689,134082719
0.084511,0.090607,-0.062338,134082729
-0.222766,-0.061325,-0.061147,134082739
-0.223771,0.093125,-0.059979,134082749
-0.378157,0.094251,-0.058844,134082759
-0.379418,0.248492,-0.057742,134082769
-0.380719,-0.057090,0.096554,134082779
0.077705,-0.056372,-0.055643,134082789
-0.229899,-0.055826,0.098581,134082799
-0.230859,-0.055454,0.099533,134082809
-0.231566,0.097972,0.253665,134082819
-0.231971,-0.055222,-0.051956,134082829
-0.232020,-0.055340,-0.051204,134082839
-0.231665,-0.055596,0.102676,134082849
-0.230877,-0.055969,-0.050014,134082859
-0.229616,-0.056439,-0.049599,134082869
-0.227865,-0.056979,0.103921,134082879
-0.225611,0.095666,-0.049140,134082889
-0.222857,0.095062,-0.049088,134082899
0.086871,-0.058776,-0.049148,134082909
0.090626,0.093852,0.103923,134082919
0.094842,-0.059963,-0.049551,134082929
0.099477,0.092699,-0.203101,134082939
0.104439,0.092156,-0.050250,134082949
0.109660,-0.061594,-0.050662,134082959
0.115063,0.091134,-0.051087,134082969
0.120542,0.090648,0.101728,134082979
0.126015,0.090171,-0.051883,134082989
0.131384,-0.063535,-0.052218,134082999
0.136568,-0.064021,-0.052498,134083009
0.141485,-0.217748,-0.052711,134083019
0.146065,-0.065025,0.100379,134083029
0.150240,-0.065526,-0.052903,134083039
0.153958,0.087226,-0.052874,134083049
-0.149288,-0.066441,-0.205986,134083059
-0.146616,-0.066826,0.100677,134083069
-0.144486,-0.067147,0.100974,134083079
-0.142892,-0.067393,0.101361,134083089
-0.141788,-0.067554,-0.051403,134083099
-0.141138,0.085611,0.102356,134083109
-0.140875,-0.067579,-0.050295,134083119
-0.140938,0.085796,0.256770,134083129
0.165198,-0.067182,0.104156,134083139
0.164688,-0.066833,0.104750,134083149
0.164037,-0.066392,0.105297,134083159
0.163278,-0.065860,-0.200692,134083169
0.162435,0.241214,-0.200323,134083179
0.161513,-0.064549,0.106393,134083189
0.160515,-0.063791,-0.046681,134083199
0.159432,0.090246,0.106605,134083209
-0.148204,0.091088,0.106569,134083219
-0.149483,-0.061281,-0.046782,134083229
0.155592,0.092810,-0.046994,134083239
0.154122,0.093654,-0.047287,134083249
0.152573,0.094462,0.105577,134083259
0.150943,0.095213,-0.048080,134083269
0.149237,-0.057343,0.104669,134083279
0.147442,-0.056768,-0.049087,134083289
0.145557,0.096928,-0.049649,134083299
0.143566,-0.055952,-0.050243,134083309
0.141464,-0.055721,0.102371,134083319
-0.167219,-0.055606,-0.051481,134083329
-0.169572,-0.055602,-0.052105,134083339
-0.172035,-0.055691,0.100509,134083349
-0.174583,-0.055859,0.099909,134083359
-0.177177,0.097143,-0.053900,134083369
-0.179763,-0.056354,-0.054459,134083379
-0.182286,0.096581,-0.054997,134083389
-0.184685,0.096272,-0.055510,134083399
-0.186902,-0.057275,-0.055988,134083409
-0.188880,-0.057599,-0.056422,134083419
-0.190567,-0.211154,-0.056803,134083429
0.114548,-0.058243,-0.057117,134083439
0.113575,0.094691,-0.057356,134083449
-0.193460,-0.058793,-0.057507,134083459
0.112821,-0.058997,-0.057557,134083469
0.113027,0.094089,-0.057504,134083479
0.113599,-0.059216,-0.057336,134083489
0.114492,-0.059224,-0.057051,134083499
0.115668,-0.059161,-0.056641,134083509
0.117067,-0.059025,0.097124,134083519
0.118632,0.094417,-0.055447,134083529
0.120304,0.094707,-0.207896,134083539
0.122016,0.095066,-0.053781,134083549
0.123710,-0.057746,-0.052786,134083559
0.125327,0.249171,-0.051678,134083569
0.126814,-0.056808,0.102762,134083579
0.128119,0.096900,-0.049154,134083589
0.129202,0.097355,0.258699,134083599
0.130022,0.250992,-0.046294,134083609
0.130550,-0.055129,0.108436,134083619
0.130761,-0.054889,-0.043283,134083629
-0.175831,0.098462,-0.041788,134083639
-0.176303,0.098457,0.112894,134083649
-0.177105,0.098314,0.114283,134083659
0.128243,-0.055207,-0.037642,134083669
0.126878,0.097580,-0.036441,134083679
0.125289,-0.056245,0.117865,134083689
0.123514,0.096240,-0.034420,134083699
0.121578,-0.057872,-0.033619,134083709
0.119502,-0.058885,0.120266,134083719
-0.189156,0.093217,0.120774,134083729
0.114991,-0.061238,-0.032101,134083739
0.112598,0.090690,-0.031899,134083749
-0.196314,0.089329,-0.031851,134083759
0.107648,-0.065308,-0.031950,134083769
0.105141,0.086484,-0.338635,134083779
-0.203816,-0.068203,0.120711,134083789
-0.206280,0.083563,0.120290,134083799
-0.208681,0.082105,-0.033419,134083809
-0.210979,-0.072567,-0.033937,134083819
-0.213129,0.079241,-0.034478,134083829
-0.215081,0.077847,-0.035029,134083839
-0.216786,-0.076743,0.117656,134083849
-0.218192,0.075162,0.117133,134083859
-0.219235,0.073872,-0.036594,134083869
-0.219911,-0.080603,-0.037070,134083879
-0.220152,0.071421,0.115707,134083889
0.086515,0.070259,0.115276,134083899
0.087201,0.069140,0.114861,134083909
0.088359,-0.085169,-0.038778,134083919
0.089972,-0.086213,0.114031,134083929
0.091993,-0.087217,-0.039637,134083939
0.094376,-0.088176,-0.040108,134083949
0.097047,0.064152,-0.193841,134083959
0.099948,0.063321,-0.041151,134083969
0.103004,-0.090661,-0.041711,134083979
0.106138,-0.091331,-0.042274,134083989
0.109277,-0.091912,-0.042825,134083999
0.112353,-0.092395,0.109882,134084009
0.115300,0.060457,-0.043827,134084019
0.118058,-0.093032,0.108973,134084029
0.120573,0.060061,0.108594,134084039
0.122799,0.060048,-0.044966,134084049
0.124694,-0.093072,0.107975,134084059
-0.180234,0.060381,-0.045509,134084069
-0.179140,0.060732,-0.045741,134084080
-0.178364,-0.092078,-0.045958,134084089
-0.177946,0.061648,-0.046159,134084099
-0.177850,0.062208,-0.046346,134084109
-0.178021,-0.090414,0.106714,134084119
0.128050,-0.089771,-0.046660,134084129
0.127512,0.064122,-0.046785,134084139
-0.179592,0.064801,0.106342,134084149
-0.180304,0.065486,-0.046966,134084159
-0.181039,-0.087065,-0.047024,134084169
-0.181754,0.066823,-0.047063,134084179
0.124055,0.067453,0.106147,134084189
0.123516,-0.085186,-0.047080,134084199
0.123109,0.068585,-0.047059,134084209
0.122846,-0.084158,0.106210,134084219
0.122725,0.069498,-0.046964,134084229
0.122728,0.069863,-0.046894,134084239
0.122833,0.070164,-0.046814,134084249
-0.183448,-0.082833,-0.046722,134084259
-0.183227,-0.082672,-0.046617,134084269
0.123484,0.070640,0.106740,134084279
-0.182704,-0.082565,-0.046341,134084289
-0.182417,-0.082599,0.107059,134084299
-0.182111,0.070550,0.107248,134084309
-0.181770,0.070433,-0.045778,134084319
0.125081,-0.082940,0.107652,134084329
0.125547,0.070124,-0.045386,134084339
0.126095,0.069942,0.108012,134084349
0.126718,-0.083480,-0.045081,134084359
0.127405,-0.083685,-0.044990,134084369
0.128130,0.069332,0.108281,134084379
-0.177594,-0.084108,-0.044956,134084389
-0.176878,-0.084311,-0.045015,134084399
-0.176194,0.068730,-0.198355,134084409
-0.175543,0.068566,0.107950,134084419
-0.174916,-0.084798,0.260994,134084429
-0.174290,-0.084902,-0.045675,134084439
-0.173642,-0.084971,0.107312,134084449
-0.172636,-0.084889,0.260099,134084468
-0.171636,-0.084809,0.259661,134084469
-0.170511,0.068578,-0.047306,134084479
-0.169210,0.068830,0.105313,134084489
0.138756,0.069182,-0.048641,134084499
0.140499,0.069632,-0.049500,134084509
-0.163978,-0.083060,0.102736,134084519
-0.161770,0.070779,0.101608,134084529
-0.159340,0.071450,-0.052879,134084539
-0.156708,-0.081065,-0.054258,134084549
-0.153880,-0.080324,-0.055746,134084559
-0.150833,0.073666,0.095887,134084569
-0.147638,0.074426,-0.212220,134084579
-0.144266,0.075179,-0.060687,134084589
0.165722,0.075911,0.090833,134084599
0.169399,-0.076625,-0.064092,134084609
0.173192,-0.075984,0.087481,134084619
0.177059,-0.075406,0.085885,134084629
0.180947,-0.228119,0.084363,134084639
0.184787,-0.074429,-0.223534,134084649
0.188514,-0.227236,-0.224882,134084659
0.192060,-0.073600,-0.072897,134084669
-0.111100,0.080047,-0.074018,134084679
0.198346,0.080502,0.078238,134084689
0.200982,-0.072223,0.077428,134084699
0.203223,0.081568,0.076788,134084709
-0.101422,-0.071040,-0.230138,134084719
-0.100059,0.082865,0.076015,134084729
0.207294,0.083594,0.075873,134084739
0.207736,0.084362,-0.077347,134084749
0.207729,0.085154,-0.077196,134084759
0.207275,-0.220507,0.076314,134084769
0.206386,-0.066493,0.076712,134084779
0.205060,-0.065728,-0.076019,134084789
0.203312,-0.064985,-0.075438,134084799
0.201143,-0.064259,0.078442,134084809
0.198562,0.089683,-0.227309,134084819
0.195581,-0.062839,-0.073328,134084829
0.192203,-0.062136,-0.072530,134084839
0.188449,0.091793,0.081542,134084849
0.184338,0.092492,0.082429,134084859
0.179879,0.093186,-0.069873,134084869
-0.131351,-0.059364,0.084312,134084879
0.170039,-0.058712,-0.067939,134084889
0.164728,0.095133,-0.066955,134084899
0.159212,-0.210750,0.087255,134084909
0.153525,0.249467,-0.065003,134084919
0.147711,-0.056507,-0.064050,134084929
0.141791,0.097155,-0.063117,134084939
0.135804,0.097531,0.091020,134084949
0.129775,-0.055386,0.091903,134084959
0.123692,0.098077,-0.060471,134084969
0.117651,-0.054993,-0.059654,134084979
-0.348049,0.098310,0.094347,134084989
-0.353995,0.098297,-0.058156,134084999
-0.359828,0.098193,0.095747,134085009
-0.365480,-0.055238,-0.056863,134085019
-0.370867,-0.055541,0.096927,134085029
-0.375897,-0.055946,-0.055804,134085039
-0.380475,0.096785,-0.055372,134085049
-0.384505,-0.057025,-0.208233,134085059
-0.234659,-0.057680,-0.054694,134085069
-0.237329,0.248066,0.098803,134085079
-0.239206,-0.059154,0.099042,134085089
0.066203,0.093272,0.099260,134085099
0.066002,0.092432,-0.053768,134085109
0.066651,-0.061673,-0.053587,134085119
-0.238349,0.090645,0.099799,134085129
-0.236122,0.089700,-0.053296,134085139
-0.233193,-0.064505,0.100040,134085149
-0.229614,-0.065512,0.100122,134085159
-0.225402,0.086679,-0.053058,134085169
-0.220641,-0.067605,-0.053048,134085179
-0.215424,-0.068665,-0.053079,134085189
-0.209761,0.083506,-0.053151,134085199
-0.203699,0.082462,-0.053256,134085209
-0.197286,0.081439,0.099846,134085219
0.115881,0.080442,-0.053522,134085229
0.122849,0.079465,-0.053670,134085239
0.130002,0.078505,-0.053818,134085249
0.137272,-0.075676,-0.053957,134085259
0.144562,-0.076626,-0.054077,134085269
0.151791,-0.077577,-0.207395,134085279
0.158857,0.074708,-0.054210,134085289
0.165678,-0.079453,-0.207417,134085299
0.172162,0.072867,-0.054081,134085309
0.178227,-0.234468,-0.053866,134085319
0.183798,0.071154,0.099706,134085329
0.188812,0.070372,-0.053043,134085339
0.193205,-0.083575,0.100809,134085349
0.196934,-0.084220,-0.051660,134085359
0.199961,-0.238016,-0.204002,134085369
0.202258,-0.238490,-0.049771,134085379
0.203812,-0.085621,-0.048658,134085389
0.204614,-0.085843,0.105788,134085399
-0.101803,-0.085899,-0.046124,134085409
-0.102486,0.067457,0.108505,134085419
-0.103876,0.067783,0.109974,134085429
-0.105908,0.068308,-0.041745,134085439
-0.108502,0.069021,-0.040219,134085449
-0.111639,0.069924,0.114536,134085459
-0.115105,-0.082277,0.116025,134085469
-0.118858,0.072095,-0.188997,134085479
-0.122785,-0.079908,0.118819,134085489
0.179655,0.074609,-0.033141,134085499
-0.130814,0.229158,0.121254,134085509
-0.134742,0.077254,-0.030924,134085519
-0.138524,-0.074676,-0.029999,134085529
-0.142092,0.079792,-0.182432,134085539
-0.145388,-0.072285,0.124694,134085549
-0.148356,-0.071240,-0.027989,134085559
-0.150949,0.082915,0.125673,134085569
-0.153127,0.083715,-0.027226,134085579
-0.154860,-0.068844,0.126230,134085589
-0.156114,0.084919,-0.026875,134085599
-0.156878,-0.067911,-0.026854,134085609
-0.157131,0.085582,0.126300,134085619
-0.156867,0.238944,-0.027099,134085629
-0.156099,0.085718,-0.027359,134085639
0.151641,0.085582,0.125522,134085649
-0.153048,-0.067927,-0.028136,134085659
-0.150824,0.084874,-0.181868,134085669
-0.148189,0.237527,-0.029203,134085679
-0.145166,-0.069658,0.123411,134085689
-0.141800,-0.070534,-0.030464,134085699
-0.138125,0.081676,-0.031128,134085709
-0.134163,0.080518,-0.185026,134085719
0.176497,-0.073990,-0.032456,134085729
0.180901,0.077853,-0.186316,134085739
0.185468,-0.076859,0.119561,134085749
0.190123,-0.078416,-0.187402,134085759
0.194792,-0.233254,-0.034586,134085769
0.199391,-0.081653,0.118339,134085779
-0.102614,-0.083267,0.118157,134085789
-0.098385,-0.238054,-0.035131,134085799
-0.094436,-0.086288,0.118154,134085809
-0.090809,-0.087613,-0.188145,134085819
-0.087521,0.064466,-0.187895,134085829
-0.084582,0.063522,-0.034330,134085839
-0.081986,0.062803,-0.187136,134085849
-0.079719,-0.090917,-0.186619,134085859
-0.077755,-0.091184,-0.032771,134085869
-0.076069,0.061995,-0.032036,134085879
-0.074627,-0.091073,0.122056,134085889
-0.073397,0.062514,0.123045,134085899
-0.072345,0.063059,-0.029076,134085909
-0.071436,-0.089460,0.125360,134085919
-0.070634,0.064619,-0.026587,134085929
-0.069912,0.065628,0.128005,134085940
-0.069234,0.066697,-0.023862,134085949
-0.068570,-0.085398,0.130722,134085959
-0.067898,-0.084229,-0.021189,134085969
-0.067191,-0.083041,-0.019931,134085979
-0.066433,0.071377,-0.171985,134085989
-0.065607,0.072557,-0.017676,134085999
0.241762,0.073716,0.136533,134086009
0.242754,-0.078391,-0.015817,134086019
-0.062639,0.075908,-0.015041,134086029
0.244936,0.076913,-0.014370,134086039
0.246071,0.077838,-0.013803,134086049
0.247187,0.078671,-0.013336,134086059
0.248239,0.079397,-0.012962,134086069
0.249171,0.079997,0.140551,134086079
0.249931,0.080461,-0.012475,134086089
0.250460,-0.072456,0.140878,134086099
0.250699,0.080923,-0.012309,134086109
0.250608,0.080912,-0.012349,134086119
0.250129,-0.072495,0.140755,134086129
0.249225,0.080394,-0.012684,134086139
-0.058596,-0.073331,-0.012979,134086149
-0.060424,0.232488,0.139875,134086159
-0.062728,-0.074743,-0.013813,134086169
0.240976,0.077588,0.292103,134086179
0.237809,0.076577,-0.014982,134086189
-0.072213,-0.077774,-0.015706,134086199
-0.076109,-0.078984,-0.016523,134086209
-0.080301,0.072956,-0.017437,134086219
0.221710,-0.081622,0.134782,134086229
0.217079,-0.083009,-0.019540,134086239
-0.094146,-0.084411,0.132519,134086249
-0.098989,-0.085799,0.131280,134086259
-0.103876,-0.087149,-0.023258,134086269
-0.108743,0.064799,-0.024628,134086279
-0.113537,0.063612,-0.026057,134086289
-0.118198,0.062536,0.125690,134086299
-0.122665,-0.244876,-0.029060,134086309
-0.126883,0.060756,-0.030614,134086319
0.175660,0.060066,-0.032187,134086329
-0.134368,0.059515,-0.033765,134086339
0.322121,0.059100,-0.035332,134086349
0.319307,0.058811,-0.036869,134086359
0.316867,-0.094595,0.114871,134086369
0.314765,-0.094675,0.113442,134086379
0.312951,0.058562,-0.041145,134086389
0.158127,0.058648,-0.195660,134086399
0.156675,-0.094427,-0.043637,134086409
0.155297,-0.094211,-0.044754,134086419
0.153927,-0.093944,0.107459,134086429
0.152506,-0.093625,0.106557,134086439
0.150986,-0.093253,-0.047461,134086449
0.149316,0.060411,0.105091,134086459
0.146344,0.061251,-0.201793,134086480
-0.163085,-0.091145,-0.048929,134086489
0.140282,0.216150,-0.049213,134086499
-0.169415,0.063753,-0.049414,134086509
-0.172797,-0.088666,-0.049525,134086519
-0.176307,0.065335,-0.356000,134086529
-0.179904,0.066055,0.103770,134086539
-0.183548,-0.239746,-0.202488,134086549
-0.187175,0.067297,0.104297,134086559
-0.190721,-0.085417,-0.048468,134086569
0.112335,0.221488,0.105369,134086579
0.109138,-0.084588,0.106106,134086589
-0.200264,0.068958,-0.046265,134086599
0.103540,-0.084022,0.107932,134086609
0.101190,0.069391,-0.044257,134086619
0.099160,-0.083717,0.110065,134086629
0.097447,0.069573,-0.042046,134086639
0.096038,-0.083648,-0.040923,134086649
0.094907,-0.083687,-0.039817,134086659
0.094025,-0.083764,0.114487,134086669
0.093355,-0.083864,-0.037712,134086679
-0.213599,0.222487,0.116489,134086689
-0.213929,0.069155,-0.035840,134086700
-0.214157,0.069060,-0.035018,134086709
-0.214271,0.068969,-0.034287,134086719
-0.214265,-0.084354,0.119576,134086729
-0.214118,0.068769,0.120107,134086739
0.092644,-0.084581,-0.032696,134086749
0.093127,-0.084721,-0.032380,134086759
0.093801,0.068351,-0.032177,134086769
-0.211804,-0.085047,-0.032082,134086779
-0.210777,-0.085221,0.121141,134086789
-0.209584,0.221065,-0.032189,134086799
-0.208225,0.067670,-0.185607,134086809
-0.206694,-0.085719,-0.185871,134086819
-0.204982,0.067352,0.120264,134086829
0.103385,-0.086037,-0.033319,134086839
0.105494,0.067028,0.119542,134086849
0.107804,0.066859,-0.034052,134086859
0.110289,0.066683,-0.034404,134086869
0.112915,0.066495,-0.034737,134086879
0.115668,0.066284,0.118187,134086889
0.118449,0.066046,0.117910,134086899
0.121227,-0.240688,-0.035563,134086909
-0.182513,-0.241006,-0.189013,134086919
-0.179900,0.065098,-0.035981,134086929
-0.177424,-0.088500,-0.036153,134086939
0.131358,0.064362,-0.036290,134086949
0.133523,-0.089214,-0.189611,134086959
0.135523,-0.089527,0.116806,134086969
0.137343,-0.089792,-0.036396,134086979
0.138967,0.063236,-0.189527,134086989
0.140373,0.063112,-0.189350,134086999
0.141542,-0.090158,0.117373,134087009
0.142452,0.063116,0.117740,134087019
0.143082,0.063245,-0.035018,134087029
-0.163042,-0.089775,0.118780,134087039
-0.163015,-0.089493,-0.033792,134087049
-0.163283,-0.089144,-0.033067,134087059
0.142632,0.064499,0.120942,134087069
0.141845,-0.088249,0.121760,134087079
-0.165609,0.065522,-0.030635,134087089
-0.166784,0.066124,-0.029807,134087099
-0.168096,0.066774,-0.182232,134087109
-0.169509,0.067462,-0.028236,134087119
-0.170965,0.068169,-0.027512,134087129
-0.172411,-0.084353,-0.026824,134087139
-0.173789,-0.083662,-0.026172,134087149
-0.175044,0.070228,-0.025549,134087159
0.130338,0.070852,-0.024953,134087169
0.129483,-0.081799,0.128852,134087179
0.128873,0.071956,-0.023822,134087189
0.128516,0.072423,-0.023289,134087199
0.128396,-0.080402,0.130447,134087209
0.128494,0.073162,-0.022303,134087219
0.128775,-0.233031,-0.021859,134087229
0.129194,-0.079604,0.131774,134087239
-0.176748,0.073767,-0.174325,134087249
-0.176176,0.073866,0.132440,134087259
-0.175575,-0.079296,0.132691,134087269
-0.174958,0.073976,-0.173571,134087279
-0.174326,-0.079229,-0.020208,134087289
0.132790,0.074011,-0.020134,134087299
0.133485,0.074013,0.133114,134087309
0.134219,0.074006,-0.020143,134087319
-0.171472,-0.079242,0.133011,134087329
0.135773,-0.079276,-0.020342,134087339
0.136568,0.073903,-0.020514,134087349
0.137353,0.073839,-0.020737,134087359
-0.168347,0.073761,-0.021009,134087369
-0.167636,-0.079565,-0.021325,134087379
-0.166983,0.073546,0.131553,134087389
-0.166383,-0.079826,0.131170,134087399
-0.165823,-0.079995,-0.022472,134087409
0.141176,-0.080184,0.130309,134087419
0.141720,-0.080386,-0.023407,134087429
0.142277,-0.080588,0.129288,134087439
0.142851,-0.080772,-0.024532,134087449
0.143422,-0.080923,-0.025175,134087459
0.143972,0.072208,-0.025877,134087469
0.144474,-0.081052,0.126597,134087479
0.144899,-0.081005,-0.027436,134087489
0.145214,-0.080867,-0.028290,134087499
0.145391,0.225823,-0.029183,134087509
0.145399,-0.080304,0.123120,134087519
0.145209,-0.079878,0.122171,134087529
0.144791,0.073867,0.121200,134087539
0.144132,0.074461,0.120208,134087549
-0.163246,0.075124,-0.034042,134087559
-0.164434,-0.077391,-0.035102,134087569
-0.165886,-0.076641,-0.189435,134087579
-0.167563,-0.075870,0.115886,134087589
-0.169428,0.078142,-0.038505,134087599
-0.171417,-0.074299,0.113555,134087609
-0.173474,-0.073511,-0.040844,134087619
0.130920,0.080503,-0.195234,134087629
0.128913,0.081282,0.110084,134087639
0.127006,-0.224410,0.108977,134087649
0.125227,0.082798,0.107914,134087659
0.123590,-0.069698,-0.046332,134087669
-0.184364,0.084246,-0.047305,134087679
-0.185720,-0.068287,0.104995,134087689
-0.186932,-0.067611,-0.049121,134087699
-0.187988,-0.066954,-0.049965,134087709
-0.188869,-0.066313,0.102462,134087719
-0.189550,-0.065683,-0.051526,134087729
-0.190007,0.088175,-0.358696,134087739
-0.190207,0.088808,0.100330,134087749
-0.190121,-0.063783,0.099736,134087759
-0.189731,-0.063143,-0.054011,134087769
-0.189008,-0.062502,-0.054446,134087779
-0.187934,0.091367,0.098433,134087789
0.119965,-0.061222,0.098170,134087799
0.121767,-0.060584,0.097986,134087809
0.123922,0.093282,0.097868,134087819
-0.180061,-0.059314,0.097800,134087829
-0.177299,0.094542,-0.055469,134087839
0.132159,0.095159,0.097727,134087849
0.135356,-0.057472,-0.055548,134087859
0.138698,0.096325,0.250838,134087869
-0.470771,-0.209603,-0.055734,134087879
-0.467274,0.250569,0.097323,134087889
-0.310522,0.251003,-0.056149,134087899
-0.306974,0.251374,-0.056475,134087909
-0.456609,0.251656,-0.210114,134087919
-0.759404,0.558274,-0.057373,134087929
-1.215307,0.098580,-0.057919,134087939
-1.211322,0.098354,0.094728,134087949
-1.513453,-0.821516,0.247355,134087959
-1.661867,-0.822288,-0.059711,134087969
-1.503125,-0.823302,-0.213548,134087979
-1.343470,-0.518006,-0.214150,134087989
-1.335889,-0.212737,0.091722,134087999
-1.326898,-0.367046,-0.521737,134088009
-1.009884,-0.214665,-0.062528,134088019
-0.691061,-0.215160,-0.369355,134088029
-0.676800,-0.215211,-0.063118,134088039
-0.354155,0.091706,-0.063148,134088049
-0.489250,0.092729,0.090277,134088059
-0.622457,0.554018,-0.368959,134088069
-1.060348,0.402947,-0.215014,134088079
-0.729903,0.405708,-0.367184,134088089
-0.704854,-0.050910,0.093816,134088099
-0.985038,-0.507271,0.248668,134088109
-0.957581,-0.044082,-0.209070,134088119
-1.082340,0.572433,-0.053589,134088129
-0.899713,0.882518,-0.051047,134088139
-0.103389,1.192534,0.258212,134088149
-0.072569,0.889426,0.567690,134088159
-0.500983,0.279484,-0.501736,134088169
-0.929087,-0.177786,-0.192002,134088179
-0.897364,-0.329305,0.424234,134088189
-0.712439,-0.481621,0.887238,134088199
-0.680922,-0.175065,-1.101491,134088209
-0.190006,-0.328982,-0.791913,134088219
-0.465581,-0.023954,-0.022797,134088229
-0.128727,-0.179244,0.286499,134088239
0.054346,-0.335083,0.289229,134088249
0.389938,-0.491333,0.138625,134088259
0.418244,-0.494644,-0.318553,134088269
-0.014114,-0.498103,0.449969,134088279
0.318554,0.264582,0.298972,134088289
0.343459,0.261272,-0.618343,134088299
0.520126,0.104994,-0.310019,134088309
0.541950,0.102279,-0.308343,134088319
0.102336,-0.206521,0.306085,134088329
0.120531,0.097992,-0.305449,134088339
0.443201,-0.056770,0.615202,134088349
0.457383,-0.057895,-0.149751,134088359
0.316267,-0.058620,-0.455098,134088369
0.325827,-0.365285,-0.760513,134088380
0.793501,-0.365239,0.006633,134088389
0.186466,-0.518035,0.773799,134088399
-0.116127,-0.517218,-0.450958,134088409
0.345430,-0.515979,-0.449812,134088419
0.805063,-0.514270,0.164339,134088429
1.109670,0.100863,-0.140778,134088439
1.259153,0.410151,0.167166,134088449
1.253910,0.260238,0.168760,134088459
0.327638,-0.042380,0.476931,134088469
0.319104,-0.344535,0.172276,134088479
0.308964,-0.339833,1.399942,134088489
0.297261,-0.028323,0.329121,134088499
1.356734,0.130245,1.250099,134088509
1.495533,0.135814,0.791697,134088519
1.020140,0.294790,-0.280114,134088529
1.309707,0.147398,-0.126726,134088539
1.138362,0.306475,-1.046693,134088549
1.425537,0.465457,-0.128675,134088559
1.558293,0.930697,1.095062,134088569
1.230144,1.242382,-0.286777,134088579
1.207177,1.400350,0.475944,134088589
0.876431,1.251172,0.012231,134088599
0.850867,0.488173,0.773806,134088609
0.517602,-0.122718,-0.150637,134088619
0.336307,-1.041387,-0.462641,134088629
0.307153,-1.042054,-0.162134,134088639
0.736649,-1.197333,0.291254,134088649
1.012130,-0.740901,-0.481421,134088659
1.133726,0.020980,-0.181637,134088669
1.101623,0.782112,-0.188339,134088678
1.069081,1.236222,-0.348199,134088689
1.036227,1.536700,-0.048183,134088699
1.156417,1.377164,0.711819,134088709
0.663566,0.604364,0.246366,134088719
0.783511,0.137586,0.394247,134088729
0.750220,-0.329677,1.155459,134088739
0.103997,-0.491037,0.997670,134088749
-0.235651,-0.499677,-0.692125,134088759
-0.268625,-0.202301,-0.236534,134088769
0.771361,-0.211711,-0.240523,134088779
0.432802,0.391598,-0.397671,134088789
0.248133,0.688379,-0.095058,134088799
0.217526,0.678753,-0.098802,134088809
-0.118588,0.516007,-0.562091,134088819
0.312494,0.200152,0.200636,134088829
0.131833,-0.115571,-0.721910,134088839
-0.200849,-0.431212,0.347828,134088849
-0.532147,-0.133740,0.192068,134088859
-0.555544,-0.295753,0.649607,134088869
0.035518,-0.304271,0.188152,134088879
0.015307,-0.005990,0.033505,134088889
0.456508,-0.013747,0.645298,134088899
0.439773,-0.174237,0.644396,134088909
0.578006,-0.487401,0.030711,134088919
0.717924,-0.493489,-0.582933,134088929
0.246492,-0.498897,-0.277240,134088939
0.236187,-0.350313,-0.584537,134088949
0.380381,-0.047671,-0.891899,134088959
0.525680,-0.357060,-0.279902,134088969
0.978379,-0.359051,0.025699,134088979
1.125372,-0.206852,0.484674,134088989
1.272906,-0.206886,-0.128744,134088999
1.880419,0.253733,0.024216,134089009
2.028253,0.408832,0.024193,134089019
2.022531,0.258363,0.177649,134089029
1.403222,-0.044560,-0.281574,134089039
1.242048,-0.040065,-0.280804,134089050
1.233273,-1.261121,-0.126671,134089059
0.916344,-1.562377,0.027670,134089069
0.597351,-0.637371,-0.277455,134089079
0.888252,-0.171371,0.030633,134089090
1.331201,0.601291,0.032369,134089099
1.465504,1.221223,-0.118933,134089109
1.597616,0.922236,0.189627,134089119
1.114577,0.010682,-0.114568,134089129
1.242314,-1.360385,0.041052,134089139
1.520877,-1.965220,0.196789,134089149
1.491203,0.188020,-0.107115,134089159
1.459554,-0.263628,0.048693,134089169
1.426006,-0.102324,-0.101967,134089179
-1.214323,-0.553864,0.053793,134089189
-0.791757,-0.085950,0.056257,134089199
-0.064029,0.535263,-0.094600,134089209
-0.409907,0.083945,-0.245567,134089219
-0.449925,-0.060879,-0.090197,134089229
-0.490075,-0.205730,-0.088178,134089239
-0.990295,0.109166,-0.086265,134089250
-1.182786,0.117361,0.068773,134089259
-1.220725,-0.181105,-0.082735,134089269
-1.103649,-0.020134,-0.081089,134089279
-1.137545,-0.012692,0.073721,134089289
-1.168736,-0.005583,-0.077987,134089299
-1.196828,0.154384,-0.076517,134089309
-1.221478,0.007493,0.078135,134089319
-1.242379,0.013401,-0.073713,134089329
-1.259286,0.172083,-0.072371,134089339
-1.272035,0.023833,0.082165,134089349
-1.280423,0.181545,-0.069790,134089359
-0.977981,0.032292,0.084678,134089369
-0.977585,0.035747,-0.067348,134089379
-0.972859,0.191906,-0.066182,134089389
-0.963842,0.041080,0.088172,134089399
-0.950764,0.042962,0.089254,134089409
-0.933766,0.197556,0.090288,134089419
-0.912818,0.045165,-0.061963,134089429
-0.888882,0.198780,-0.061053,134089439
-0.861899,0.045470,0.093009,134089449
-0.832175,0.044942,0.093762,134089459
-1.106509,0.043991,-0.058799,134089469
-1.072247,0.195868,-0.058226,134089479
-1.036284,0.040932,-0.057746,134089489
-0.997957,0.192018,-0.057369,134089500
-0.959160,0.036433,0.096167,134089509
-0.919406,0.033799,0.096399,134089519
-1.032192,0.184151,0.096562,134089529
-0.991321,0.181067,-0.056568,134089539
-0.950144,0.024563,0.096689,134089549
-0.755672,0.174357,-0.056581,134089559
-0.407805,0.017521,-0.056699,134089569
-0.366806,-0.139406,-0.210106,134089579
-0.326286,0.163275,-0.057107,134089589
-0.286299,0.006206,-0.057372,134089599
-0.247071,0.002340,-0.057650,134089609
-0.208770,0.151707,-0.057918,134089619
-0.478011,0.301102,-0.058153,134089629
-0.135583,-0.009142,-0.058336,134089639
-0.100981,-0.166101,-0.058449,134089649
-0.067872,0.136696,-0.058475,134089659
-0.496047,-0.020111,-0.058401,134089669
-0.312985,-0.023591,0.095013,134089679
-0.284886,-0.026955,0.095314,134089688
-0.258540,-0.030190,-0.210724,134089699
-0.233950,-0.033277,-0.056969,134089709
-0.211096,-0.036198,-0.209565,134089719
-0.189942,-0.038936,-0.055598,134089729
-0.170438,-0.041477,0.098480,134089739
-0.305757,-0.043805,-0.207015,134089749
-0.289360,-0.045910,0.100514,134089759
-0.274392,0.105447,-0.051536,134089769
0.198924,-0.049417,0.102975,134089779
-0.095149,0.102413,0.104343,134089789
0.222530,0.101245,0.105783,134089799
0.232672,-0.052942,-0.199194,134089809
0.241788,-0.053705,-0.197697,134089819
0.249917,-0.054291,-0.042972,134089829
0.257089,0.098512,-0.041481,134089839
0.263314,-0.054996,-0.040000,134089849
0.268615,0.098083,-0.038528,134089859
-0.033459,-0.055183,0.116161,134089869
-0.029984,0.098103,-0.188847,134089879
-0.027389,0.098236,-0.034184,134089889
-0.025648,-0.054804,-0.032764,134089899
-0.024683,0.098648,-0.031362,134089909
-0.024436,0.098883,0.123253,134089919
-0.024835,-0.054118,-0.028607,134089929
0.280661,-0.053915,-0.027264,134089939
0.279019,-0.053760,-0.025932,134089950
0.277113,-0.053638,-0.024652,134089959
0.274824,0.099668,-0.176642,134089969
0.272182,-0.053528,-0.022219,134089979
0.269212,0.099691,-0.021063,134089989
0.265916,0.099639,-0.019938,134089999
0.262319,-0.053686,0.134388,134090009
-0.048037,-0.053829,-0.017770,134090019
-0.052223,0.099209,0.136501,134090029
-0.056673,-0.054257,-0.015722,134090039
-0.061358,-0.054538,0.291690,134090049
0.240232,-0.208085,-0.013879,134090059
-0.071221,0.098029,-0.013075,134090069
-0.076305,0.097674,-0.012376,134090079
-0.081420,-0.055910,0.141431,134090089
-0.086514,0.250200,0.141877,134090099
-0.091526,-0.056598,-0.011046,134090109
-0.096399,-0.056933,0.142337,134090119
-0.101078,0.095960,-0.010898,134090129
-0.105508,-0.210835,-0.011071,134090139
-0.109640,-0.057944,0.141814,134090149
-0.113429,-0.058274,0.141306,134090159
-0.116834,0.094644,-0.012601,134090169
-0.119822,0.094363,0.139782,134090179
-0.122366,0.094115,-0.014457,134090189
-0.124437,0.093898,-0.015634,134090199
-0.126032,-0.059527,0.136270,134090209
-0.127138,0.093517,-0.018423,134090219
-0.127749,0.093332,0.133218,134090229
-0.127873,0.093136,-0.021709,134090239
-0.127378,-0.213553,-0.023569,134090250
0.179908,0.092652,0.127770,134090259
-0.125273,0.245588,-0.027413,134090269
0.182877,-0.061208,-0.029416,134090279
0.184938,-0.061601,-0.184680,134090289
-0.119135,0.091172,-0.186726,134090299
-0.116500,-0.062575,0.117711,134090309
-0.113672,-0.063153,0.115746,134090319
-0.110699,-0.063785,-0.039364,134090329
-0.107626,-0.064461,-0.041144,134090339
-0.104482,-0.065163,0.110418,134090349
-0.101295,-0.065874,-0.044353,134090359
-0.098089,0.086656,-0.045766,134090369
-0.094878,0.085987,-0.047044,134090379
-0.091674,0.085358,-0.048183,134090389
-0.088482,-0.068454,-0.202404,134090399
-0.085317,-0.068992,-0.050017,134090409
-0.082181,-0.222711,0.102533,134090419
-0.079078,0.083311,-0.051202,134090429
-0.076011,-0.070287,-0.051538,134090439
-0.072933,0.082662,0.101562,134090450
-0.069933,-0.070783,-0.051675,134090459
-0.066975,-0.070914,-0.051531,134090469
-0.064058,0.082271,0.101981,134090479
-0.061184,0.082313,-0.204068,134090489
-0.058349,0.082437,0.102915,134090499
-0.055558,0.082630,-0.049687,134090509
-0.052814,0.082874,-0.048972,134090519
-0.050115,0.083149,-0.048180,134090529
-0.047465,-0.069797,-0.047320,134090539
-0.044848,0.083703,-0.046386,134090549
-0.042299,-0.069285,-0.045417,134090559
-0.039804,-0.069087,0.108829,134090569
-0.037366,0.084288,0.109880,134090579
-0.034987,0.084378,-0.042274,134090589
0.273790,-0.068820,-0.194419,134090599
0.276035,-0.222077,-0.193340,134090609
0.278185,-0.068933,-0.039042,134090619
-0.026252,-0.069061,-0.037973,134090629
-0.024402,-0.069212,-0.190127,134090639
-0.022772,0.083860,0.117438,134090650
-0.021343,0.083717,0.118552,134090659
-0.020153,0.083601,0.119695,134090669
-0.019205,0.083515,0.120854,134090679
0.287959,-0.069772,0.122016,134090689
0.288426,-0.069809,-0.030074,134090699
-0.171033,0.083400,-0.028983,134090709
-0.171049,0.083395,0.125268,134090719
-0.018076,0.083400,-0.027026,134090729
-0.018551,0.083405,0.127035,134090739
-0.019246,0.083396,-0.025486,134090749
-0.020081,-0.069866,-0.178125,134090759
-0.021050,0.083289,-0.024441,134090769
-0.022122,-0.223294,0.129115,134090779
-0.023268,0.082985,-0.023911,134090789
-0.024461,-0.070476,-0.023825,134090799
-0.025669,0.082478,-0.023844,134090809
-0.026866,-0.224292,-0.177189,134090819
-0.028029,0.081827,0.129073,134090829
0.277320,-0.071754,-0.024411,134090839
0.276276,0.081120,0.128511,134090849
0.275295,0.080777,0.128173,134090859
-0.032102,0.080450,0.127801,134090869
-0.033024,-0.073091,-0.025834,134090879
-0.033951,-0.073388,0.126947,134090889
-0.034901,-0.073670,-0.026781,134090899
-0.035876,0.232524,0.125894,134090909
-0.036877,-0.074177,-0.027950,134090919
-0.037898,-0.074399,0.124597,134090929
-0.038929,0.078626,-0.182611,134090939
-0.039958,0.078439,-0.030202,134090949
-0.040970,0.231496,-0.031080,134090959
-0.041950,-0.075130,-0.032002,134090969
-0.196111,0.077922,0.120276,134090979
-0.196976,-0.075507,-0.033914,134090989
-0.044519,0.077487,0.118349,134090999
0.261283,-0.076014,-0.035840,134091009
0.260762,0.230129,-0.036789,134091019
-0.046081,-0.076690,0.115507,134091029
-0.046344,0.076128,-0.038634,134091039
-0.046492,-0.077574,-0.039527,134091049
-0.046555,-0.078094,0.112837,134091059
-0.046535,-0.078664,-0.041225,134091069
0.260023,-0.079277,0.111199,134091079
0.260183,-0.079908,-0.042803,134091089
0.260383,0.072687,-0.196775,134091099
0.260588,-0.234386,-0.044259,134091109
-0.045705,0.071493,-0.044930,134091119
-0.045623,0.070971,-0.045546,134091129
-0.045661,0.070518,-0.046096,134091139
-0.045870,0.070151,-0.199783,134091150
-0.046193,-0.236612,-0.200160,134091159
-0.046661,0.069613,-0.047193,134091169
-0.047266,0.069452,0.105910,134091178
-0.047996,-0.083867,0.105938,134091189
-0.048827,0.069339,-0.047111,134091199
-0.049732,-0.083852,0.106443,134091209
-0.050689,-0.083755,-0.046322,134091219
0.254788,0.069624,-0.045743,134091229
-0.052656,0.069827,-0.198288,134091239
-0.053633,-0.083152,0.108943,134091249
-0.054590,0.223595,-0.043429,134091259
-0.055515,0.070685,-0.042501,134091269
-0.056396,0.071015,-0.041513,134091279
0.249241,-0.081891,0.112756,134091289
0.248485,0.071634,-0.039390,134091299
0.247791,-0.081338,0.114948,134091309
0.247137,-0.081130,0.269298,134091319
0.246491,-0.080975,-0.036055,134091329
0.245812,-0.080868,0.118237,134091339
0.245053,-0.080800,0.119226,134091349
0.244168,-0.080757,-0.033114,134091359
0.243109,-0.080721,-0.185580,134091369
-0.064632,-0.080674,0.121499,134091379
-0.066168,0.072631,0.121976,134091389
-0.067987,-0.233702,-0.030929,134091399
-0.070074,-0.080286,0.122473,134091409
-0.072417,-0.080020,-0.030737,134091419
-0.074981,0.073571,0.122357,134091429
-0.077728,-0.079188,0.122069,134091439
-0.233839,-0.078601,-0.031603,134091449
-0.083570,-0.077895,0.121031,134091459
-0.086545,0.076158,-0.032939,134091469
-0.089478,0.077102,0.119407,134091479
-0.092309,-0.075073,0.118384,134091489
-0.094985,-0.073919,-0.036002,134091499
-0.097458,-0.072682,-0.037282,134091509
-0.099684,-0.071373,-0.191905,134091519
-0.101627,-0.070000,-0.040163,134091529
-0.103255,-0.068569,-0.041718,134091539
-0.104545,-0.067084,0.109922,134091549
-0.105479,0.087678,-0.044898,134091559
-0.106047,-0.063975,-0.046469,134091569
-0.106239,-0.062364,-0.047998,134091579
-0.106054,0.092500,-0.049463,134091589
-0.105486,0.094152,0.102382,134091599
-0.104557,0.095801,0.101098,134091609
-0.103271,-0.055801,-0.053308,134091619
-0.101646,0.099009,-0.054377,134091629
-0.099698,-0.052705,-0.055333,134091639
-0.097305,-0.051268,-0.056157,134091650
-0.094768,0.103303,0.096343,134091659
0.214479,-0.048693,-0.057492,134091669
0.217486,0.105650,-0.057975,134091679
-0.085790,-0.046590,-0.058333,134091689
-0.082481,0.107495,0.094657,134091699
-0.079104,0.108216,0.094536,134091709
0.230754,0.108795,0.094522,134091719
0.234131,0.109225,0.094598,134091729
-0.069017,-0.043736,-0.058485,134091739
-0.065826,-0.043635,-0.058293,134091749
-0.062798,0.109527,-0.058071,134091759
-0.059964,-0.043933,-0.057830,134091769
-0.057342,0.108906,-0.057577,134091779
-0.054944,-0.044864,-0.057312,134091789
-0.052771,0.107681,-0.057034,134091799
-0.050819,0.106868,-0.056741,134091809
-0.049076,0.105934,0.096806,134091819
-0.047530,-0.048343,-0.056078,134091829
-0.046165,-0.049501,-0.055703,134091839
-0.044961,0.102471,-0.055300,134091849
-0.043900,-0.052105,0.098365,134091859
-0.042958,0.099712,0.098830,134091869
0.264339,0.098243,-0.053907,134091879
0.265089,0.096728,0.099831,134091889
-0.040710,0.095170,-0.052880,134091899
-0.040150,0.093578,-0.205594,134091909
-0.039697,-0.061278,-0.051860,134091919
-0.039355,0.090289,-0.051360,134091929
-0.039121,0.088596,-0.050858,134091939
-0.038997,0.086860,0.256113,134091949
-0.038955,-0.068121,0.103406,134091959
-0.038985,0.083338,-0.049298,134091969
-0.039073,-0.071680,-0.048781,134091979
-0.039203,-0.073480,-0.201511,134091989
-0.039359,0.077948,-0.047805,134091999
-0.039523,0.229391,0.105886,134092009
-0.039680,-0.078829,-0.046889,134092019
-0.039813,-0.080562,-0.046442,134092029
-0.039909,0.070969,0.107231,134092039
-0.039951,-0.083923,-0.045555,134092049
-0.039936,0.067699,-0.045120,134092059
-0.039854,0.066155,-0.197919,134092069
-0.039694,0.217907,-0.044261,134092079
-0.039450,-0.089962,-0.043822,134092089
-0.039116,-0.091312,-0.043364,134092099
-0.038691,0.060625,-0.196103,134092109
-0.038175,0.059392,-0.042342,134092119
-0.037568,0.058218,-0.041752,134092129
-0.036872,-0.096127,0.112138,134092139
-0.036055,-0.097194,0.112905,134092150
-0.035183,0.055029,-0.039511,134092159
-0.034239,-0.099142,0.267816,134092169
-0.033223,-0.100013,0.115500,134092179
-0.185367,-0.100804,-0.036797,134092189
0.275470,-0.101501,-0.035875,134092199
0.276673,-0.102091,0.118238,134092209
0.277910,-0.102556,0.119063,134092219
0.279144,-0.102881,-0.033422,134092229
0.280326,-0.103047,0.120449,134092239
-0.025062,-0.103014,-0.032267,134092249
-0.024147,0.050411,0.121354,134092259
-0.023437,-0.102433,0.121606,134092269
-0.022968,-0.101850,-0.031523,134092279
-0.022756,0.052160,0.121644,134092289
-0.022809,-0.100087,-0.185046,134092299
-0.023112,-0.098921,0.121016,134092309
-0.023650,-0.097581,-0.032766,134092319
0.282055,-0.096075,0.119767,134092329
0.281107,-0.094415,-0.034289,134092339
-0.026517,-0.092572,-0.035259,134092349
-0.027838,-0.090615,-0.036314,134092359
-0.029328,-0.088535,-0.037450,134092369
-0.030981,0.066898,-0.038650,134092379
-0.032776,-0.237243,0.113338,134092389
-0.034691,0.224863,-0.041154,134092399
-0.036692,0.227364,0.110808,134092409
-0.038747,-0.076540,-0.043677,134092419
-0.040826,-0.073965,-0.198139,134092429
-0.042892,-0.071404,0.107122,134092439
-0.044924,0.084354,0.105976,134092449
-0.046877,0.086812,0.104892,134092459
-0.048729,-0.064046,0.103872,134092469
-0.050454,-0.061785,0.102915,134092479
-0.052029,0.093579,-0.051222,134092489
-0.053433,-0.057655,0.101137,134092499
-0.054652,0.097420,-0.206161,134092509
-0.208900,-0.054123,-0.053751,134092519
-0.209706,0.100627,0.098682,134092529
0.249403,0.101977,-0.055314,134092539
0.249066,-0.050080,-0.056048,134092549
-0.057496,-0.049089,-0.209971,134092559
-0.057388,0.104950,-0.057386,134092569
-0.057091,0.105581,0.095265,134092579
-0.209848,0.106030,-0.058459,134092589
-0.209220,-0.046927,0.094364,134092599
-0.055219,0.106397,0.094051,134092609
-0.054303,0.106319,-0.212626,134092619
-0.053242,-0.047160,-0.059527,134092629
-0.052038,-0.047577,0.093660,134092639
-0.050694,0.105075,-0.212750,134092649
-0.049218,0.104351,-0.059384,134092659
-0.047621,-0.049736,-0.059155,134092669
-0.045870,0.102477,0.094423,134092680
-0.197288,0.101383,-0.058381,134092689
0.264301,-0.053044,-0.211085,134092699
0.266278,-0.054332,-0.057237,134092709
0.268303,-0.208925,0.249940,134092719
0.270336,0.096111,0.097528,134092729
0.272319,-0.058567,-0.054801,134092739
0.274191,0.093208,-0.053837,134092749
0.275881,0.091772,-0.052829,134092759
0.277322,-0.062857,-0.051791,134092769
0.278446,-0.064212,0.102492,134092779
0.279188,-0.218738,-0.049673,134092789
-0.026976,0.239725,0.104616,134092799
-0.027157,-0.067867,-0.047570,134092809
0.278613,0.084326,0.106669,134092819
0.277410,0.083393,0.107635,134092829
0.275696,0.082560,-0.044691,134092839
0.273460,-0.071408,0.109365,134092849
-0.035744,0.081165,-0.043130,134092859
-0.038989,0.080581,-0.042498,134092869
-0.042711,-0.073170,0.111254,134092879
-0.046883,0.079587,-0.194797,134092889
0.255015,0.079154,-0.194503,134092899
-0.056310,0.078748,0.112150,134092909
-0.061421,0.078355,-0.040964,134092919
-0.066713,0.077960,-0.040915,134092929
0.234339,-0.075682,-0.040916,134092939
0.228882,0.077103,-0.040949,134092949
-0.083034,0.076617,-0.040998,134092959
-0.088439,0.076084,0.112179,134092969
-0.093758,0.075491,-0.041092,134092979
-0.098939,0.074835,-0.041117,134092989
-0.103932,-0.079123,0.112111,134092999
-0.108691,0.073300,0.112136,134093009
0.193288,0.072415,-0.041045,134093019
0.189125,-0.081777,0.112246,134093029
0.185299,0.070417,-0.040916,134093039
0.181814,-0.083917,-0.040854,134093049
0.178651,0.068154,-0.040804,134093059
-0.130671,-0.086275,0.112462,134093069
-0.133261,-0.087510,0.112480,134093079
-0.135606,0.064477,0.112474,134093089
-0.137713,0.063241,-0.040795,134093099
-0.139585,-0.091200,-0.040881,134093109
-0.141220,-0.092377,-0.041018,134093119
-0.142605,-0.093502,0.112017,134093129
-0.143731,-0.094559,-0.041458,134093139
-0.144573,0.057703,-0.041759,134093149
-0.145136,-0.249617,-0.195336,134093159
-0.145397,-0.097125,-0.042497,134093169
-0.298574,-0.097716,-0.196136,134093179
-0.298185,-0.098138,-0.043322,134093189
-0.297447,-0.098372,-0.043710,134093199
-0.296345,0.054823,0.109184,134093209
-0.294858,0.054997,0.108920,134093219
-0.139726,-0.097843,-0.197721,134093229
-0.137399,0.055975,-0.044590,134093239
-0.134628,-0.096470,-0.044598,134093249
-0.131419,-0.248736,-0.044509,134093259
-0.127789,0.058849,-0.044321,134093269
-0.123490,-0.093002,0.109247,134093281
-0.119057,-0.091564,0.109641,134093289
-0.114277,0.063241,-0.043097,134093299
-0.109195,0.064939,-0.195751,134093309
-0.103852,0.066741,-0.041876,134093319
-0.098288,-0.084605,0.112067,134093329
-0.092545,-0.082669,-0.040386,134093339
-0.086646,0.072533,0.113677,134093349
-0.080674,-0.078717,-0.038681,134093359
-0.074649,-0.076747,0.115442,134093369
-0.068611,0.078429,-0.190113,134093379
-0.062605,-0.072892,0.117241,134093389
-0.209893,-0.071034,-0.035110,134093399
-0.204052,-0.069235,0.118968,134093409
-0.198328,0.085728,-0.033451,134093419
-0.039504,0.087393,-0.032691,134093429
-0.034046,-0.064246,0.121239,134093439
-0.028729,-0.215969,-0.031357,134093449
-0.023563,0.091909,0.122430,134093459
0.287899,-0.059984,-0.030324,134093469
-0.013727,-0.058727,0.123285,134093479
-0.009107,0.095683,-0.029656,134093489
-0.004723,0.096793,-0.029472,134093499
-0.000593,-0.055398,0.123824,134093509
0.309718,-0.054435,-0.029437,134093519
0.313272,-0.206776,-0.029574,134093529
0.316497,0.100498,0.123415,134093539
0.012899,0.101251,0.123077,134093549
0.015351,0.101947,0.122642,134093559
0.323826,-0.050643,-0.031122,134093569
0.325377,-0.050066,-0.184990,134093579
0.326445,-0.049551,0.120730,134093589
0.326994,0.257359,0.119903,134093599
0.327003,-0.048709,-0.034229,134093609
0.326441,0.104843,-0.188430,134093619
0.325283,0.105092,0.116999,134093629
0.323511,-0.047970,-0.037301,134093639
0.321078,0.105332,-0.038399,134093649
0.318025,-0.047917,0.113727,134093659
0.314321,-0.048037,-0.040600,134093669
0.309966,-0.048256,-0.041680,134093679
-0.001491,0.104660,0.263723,134093689
-0.007127,-0.048966,0.109470,134093699
-0.013337,-0.202665,0.108475,134093709
-0.020068,-0.049964,-0.045732,134093719
-0.027238,-0.203759,-0.046703,134093729
-0.034751,0.102124,0.105555,134093739
-0.042546,0.254792,-0.048652,134093749
-0.050475,0.254264,-0.049634,134093759
-0.058455,-0.052688,0.102608,134093769
-0.066392,-0.053159,0.254847,134093779
-0.074191,-0.053616,-0.052608,134093789
-0.081770,0.099165,-0.053621,134093799
-0.089038,0.098723,-0.054649,134093809
-0.095922,0.098282,-0.055694,134093819
-0.102356,-0.055396,-0.056746,134093829
0.198174,-0.209089,-0.057796,134093839
0.192793,-0.056343,0.094401,134093849
0.187976,0.096393,-0.059826,134093859
0.183717,0.095900,0.092449,134093869
-0.279692,-0.057817,-0.061681,134093879
-0.129677,-0.058296,-0.215753,134093889
-0.132404,0.094466,-0.063300,134093899
0.171790,-0.059214,-0.063995,134093909
-0.136487,-0.059646,-0.064590,134093919
-0.137887,-0.060054,-0.065070,134093929
-0.138888,-0.060432,-0.065420,134093939
-0.139509,-0.060769,0.087604,134093949
-0.139767,0.092172,-0.218909,134093959
-0.139678,-0.061285,-0.065582,134093969
-0.139249,0.091778,-0.065325,134093979
-0.138491,-0.061552,-0.218129,134093989
0.169054,0.091640,0.088926,134093999
0.170441,0.244888,-0.216758,134094009
0.478557,0.704636,0.243876,134094019
0.480432,0.704702,0.091765,134094029
0.482446,0.398253,-0.060197,134094039
-0.588095,-0.368028,-0.058800,134094049
-1.045762,-0.828069,-0.210528,134094059
-0.430911,0.090695,0.097513,134094069
-1.041964,0.243059,0.099167,134094079
-2.419168,0.088736,-0.052360,134094089
-3.489774,-0.525483,0.102602,134094099
-2.874470,-0.526963,-0.048888,134094109
-2.258389,-0.222111,0.259290,134094119
-1.334627,0.389147,-0.198719,134094129
-1.022125,0.540734,0.109344,134094139
-1.780133,0.539146,-0.348825,134094149
-2.229233,0.231156,-0.040948,134094159
-1.909661,0.076427,0.266829,134094169
-2.200114,0.074919,0.421278,134094179
-2.181012,0.533052,-0.190524,134094189
-2.924700,0.224953,-0.036310,134094199
-2.592387,-0.083272,-0.035468,134094209
-2.716237,-0.391659,-0.188004,134094219
-2.836394,-0.546997,-0.340682,134094229
-2.339875,-0.242807,0.119432,134094239
-2.298640,-0.091976,0.272986,134094249
-1.947637,-0.554082,0.120011,134094259
-1.439617,-0.403232,-0.186260,134094269
-1.847202,-0.558708,0.120319,134094279
-1.944713,-0.254265,-0.186076,134094289
-1.425969,-0.255943,0.120393,134094299
-1.210672,0.049268,-0.492553,134094309
-0.839486,0.354984,-0.339376,134094319
-0.159577,0.661242,-0.186189,134094329
-0.397236,0.814803,-1.105542,134094339
-0.479884,0.509184,-0.645691,134094349
0.050698,0.510343,0.427284,134094359
-0.491174,-0.101198,0.734434,134094369
-0.420543,-0.099743,-1.256475,134094379
0.262067,-0.098324,-0.029173,134094389
0.790041,-0.863170,-0.027258,134094399
1.469242,-0.555573,-0.178120,134094409
1.532993,-0.248130,-0.175292,134094419
1.287205,0.365657,-0.478463,134094429
1.344246,0.826144,0.138186,134094439
1.856756,0.673653,0.295712,134094449
1.905156,0.521074,0.300290,134094459
1.948429,0.674789,-0.460933,134094469
1.832916,0.368562,0.463637,134094479
1.558265,0.828125,0.622261,134094489
2.196735,0.827532,-0.444835,134094499
2.215889,0.213449,-0.132865,134094509
1.615594,0.211600,0.638709,134094519
1.928063,0.208983,0.031060,134094529
2.387128,-0.407373,0.036085,134094539
2.838228,-0.871551,-0.112433,134094550
2.518136,-0.110454,0.198371,134094559
2.498155,-0.422624,0.508744,134094569
2.471924,-0.888554,0.512182,134094579
2.592858,-1.201614,0.515086,134094589
3.014251,-1.208371,1.436753,134094599
2.357424,0.470497,-0.400392,134094609
2.614636,0.617432,0.519799,134094619
2.713562,0.458457,0.366527,134094629
2.960919,0.300148,-0.400576,134094639
2.741704,-0.470260,1.129536,134094650
2.827037,-0.473922,0.513799,134094659
2.448871,-0.630074,-0.256101,134094669
1.760653,-0.019314,-0.873702,134094679
1.988647,-0.173915,-0.266328,134094689
2.520149,0.131984,-0.732323,134094699
2.589529,-0.480693,0.026929,134094709
2.810141,-0.479682,0.172864,134094719
1.956465,-0.324683,0.931481,134094729
2.480489,-0.168938,0.617395,134094739
2.543745,0.140768,0.762973,134094749
3.219182,0.451166,0.755334,134094759
3.128045,0.608952,0.134783,134094769
3.036594,-0.152108,-0.179341,134094779
2.485269,-0.146620,-0.033833,134094789
3.159580,-0.600527,-0.348072,134094799
2.914496,-0.901022,-0.049418,134094809
1.903329,-0.894931,-0.057190,134094819
1.658426,-0.582262,-0.064868,134094829
0.800719,-0.575889,-0.225618,134094839
1.169126,-0.569302,0.380001,134094849
0.925094,-0.562439,-0.546378,134094859
1.754460,-0.402015,-0.093349,134094869
1.359030,-0.394423,0.053629,134094879
1.118099,-0.233151,-0.258618,134094889
1.338333,0.081843,0.349017,134094899
0.640967,0.550549,0.957189,134094909
-0.054362,0.560002,0.033595,134094919
-0.134476,0.263339,0.029859,134094929
-1.437884,-0.033097,-0.279907,134094939
-1.359329,0.283453,-0.282841,134094949
-1.430747,-0.012973,-0.132197,134094959
-1.498439,0.150077,-0.134454,134094969
-1.561948,0.159564,-0.136383,134094979
-1.620808,0.015372,-0.291210,134094989
-1.674549,0.177089,-0.139240,134094999
-1.722781,0.031713,-0.140149,134095009
-1.765149,0.192089,0.012529,134095019
-1.801327,0.045247,-0.140882,134095029
-1.831090,0.050836,0.012528,134095039
-1.854197,0.208827,-0.140156,134095049
-1.870567,0.059526,-0.139263,134095059
-1.880220,0.215856,0.015185,134095069
-1.882762,0.064868,0.016742,134095079
-1.878925,0.066336,0.018568,134095089
-1.868484,0.220248,-0.132574,134095099
-1.851738,0.220192,-0.130266,134095109
-1.828879,0.066200,-0.280993,134095119
-1.800270,0.218005,0.028132,134095129
-1.766143,0.062726,0.030949,134095139
-1.726891,0.060098,-0.119334,134095149
-1.682954,0.056948,0.036941,134095159
-1.634749,0.206562,-0.113166,134095169
-1.582695,0.202539,-0.109990,134095179
-1.527196,0.044929,0.046445,134095189
-1.162110,0.193458,-0.256791,134095199
-1.101031,-0.117948,0.052878,134095209
-1.344366,-0.123100,0.209297,134095219
-1.279681,0.178063,-0.553694,134095229
-1.213804,0.172678,0.368779,134095239
-1.147200,0.167258,-0.087873,134095249
-1.080292,0.008621,-0.391370,134095259
-1.013501,0.156492,-0.082034,134095269
-0.947155,0.151211,-0.079235,134095279
-0.881541,-0.007200,0.229951,134095289
-0.816929,-0.012266,-0.380297,134095299
-0.753635,0.136034,0.081993,134095309
-0.691895,0.131261,0.084539,134095319
-0.631938,0.126655,-0.219431,134095329
-0.573933,0.122222,-0.063772,134095339
-0.518037,0.117959,-0.214626,134095349
-0.617625,-0.039364,0.094160,134095359
-0.566360,0.109933,-0.210010,134095369
-0.517533,0.106158,0.098708,134095379
-0.471195,-0.050693,-0.052286,134095389
-0.274132,-0.054170,-0.050072,134095399
-0.232816,-0.210727,-0.047879,134095409
-0.194009,-0.060669,-0.045712,134095419
-0.157691,-0.063667,-0.043570,134095429
-0.123836,0.086756,-0.194684,134095439
-0.092408,0.084161,0.113859,134095449
-0.216591,0.081784,-0.037309,134095459
-0.036638,-0.073602,-0.035275,134095469
-0.012176,0.077684,-0.033270,134095479
0.010092,-0.077278,-0.031301,134095489
0.030240,0.074420,0.123858,134095499
0.048349,-0.080147,-0.027488,134095509
0.064516,-0.081304,0.127567,134095519
0.078823,-0.082285,-0.023908,134095529
0.091343,-0.083094,-0.022238,134095539
0.102177,0.222725,0.132560,134095549
0.111408,-0.084206,0.134018,134095559
0.119141,-0.084525,0.135348,134095569
0.125458,0.068528,0.136534,134095579
0.436899,0.068485,-0.015679,134095589
0.134175,-0.084668,-0.014854,134095599
0.136743,-0.084489,0.138997,134095609
0.138223,0.069009,-0.013820,134095619
0.138700,-0.083873,0.139608,134095629
0.138232,0.069773,-0.013639,134095639
0.136917,0.070248,-0.013873,134095649
0.134814,0.070768,-0.014318,134095659
0.132025,-0.235140,0.138272,134095669
0.128615,0.071883,-0.015778,134095679
0.124668,0.072455,-0.016764,134095689
0.120240,0.073027,0.135325,134095699
0.115416,0.073587,-0.019177,134095709
0.110265,-0.079108,-0.020568,134095719
0.104856,0.074616,0.131175,134095729
0.099244,-0.078166,0.129608,134095739
0.093487,0.075452,-0.025256,134095749
0.087640,-0.230678,0.279509,134095759
0.081755,-0.077179,-0.028690,134095769
0.075874,0.076269,-0.030479,134095779
0.070037,0.076448,-0.032313,134095789
0.064279,0.076597,-0.034185,134095799
0.058633,0.076716,-0.036082,134095809
0.053133,-0.076424,-0.191209,134095819
0.047805,0.076859,-0.039856,134095829
0.042666,-0.076353,0.111544,134095839
0.037737,-0.076373,0.109787,134095849
0.033031,0.076801,-0.045108,134095859
0.028562,-0.076512,-0.046671,134095869
-0.128891,-0.076618,-0.048125,134095879
0.326825,-0.076738,-0.049461,134095889
0.323110,0.076367,-0.050671,134095899
0.319640,-0.076976,-0.051744,134095909
0.316385,0.229385,-0.052674,134095919
0.006844,-0.077149,-0.053452,134095929
0.003886,-0.077203,-0.054070,134095939
0.001012,-0.077238,-0.054524,134095949
-0.001808,-0.077251,0.098416,134095959
-0.004589,-0.077235,0.251520,134095969
-0.007344,-0.077180,-0.054911,134095979
-0.163301,-0.077075,-0.054751,134095989
0.293687,-0.076907,0.098746,134095999
0.291028,0.076564,0.099102,134096009
-0.018051,-0.076338,0.099523,134096019
-0.173866,-0.075925,-0.053248,134096029
-0.023195,0.077809,-0.052779,134096039
-0.025717,-0.074824,0.100908,134096049
-0.028193,0.079089,-0.051889,134096059
0.275854,0.079851,0.101727,134096069
0.273515,-0.225775,-0.051167,134096079
-0.035211,0.081572,-0.050892,134096089
-0.037416,-0.070721,0.102544,134096099
-0.039568,0.083484,-0.050549,134096109
-0.041668,0.084488,-0.050486,134096119
-0.043713,0.085505,0.102736,134096129
-0.045695,0.086520,-0.050566,134096139
-0.047601,-0.065719,0.102529,134096149
-0.049420,-0.064774,0.102333,134096159
-0.051136,0.089340,0.102081,134096169
-0.052732,0.090153,-0.051464,134096179
-0.207424,0.090883,-0.051847,134096189
-0.055505,0.091516,-0.052297,134096199
-0.056644,0.245266,-0.052811,134096209
-0.057595,0.092428,-0.053375,134096219
-0.211571,0.245897,-0.053974,134096229
-0.058869,0.092730,-0.054592,134096239
-0.059165,0.092592,-0.055208,134096249
-0.059216,0.092228,-0.055802,134096259
-0.059022,0.091628,-0.209584,134096269
-0.058579,0.090778,-0.056848,134096279
-0.057892,0.089675,-0.057254,134096289
-0.056966,-0.218142,-0.057551,134096299
-0.055810,-0.066518,-0.057719,134096309
-0.054444,0.084889,-0.210971,134096319
-0.052885,-0.070343,0.095621,134096329
-0.051145,-0.072498,0.095924,134096339
-0.049243,-0.074765,-0.056828,134096349
-0.047202,-0.230328,-0.056189,134096359
-0.045042,-0.079452,-0.208625,134096369
-0.042782,0.071454,-0.054458,134096379
-0.040443,-0.084019,0.099851,134096389
-0.038042,0.067084,-0.052163,134096399
-0.035596,-0.088119,0.102403,134096409
-0.033130,0.063312,0.103841,134096419
-0.030660,0.061707,0.105358,134096429
-0.028198,0.060308,-0.046302,134096439
-0.025763,-0.094115,-0.044715,134096449
-0.023368,0.058120,-0.043139,134096459
-0.174254,0.057319,0.111632,134096469
-0.018742,0.056699,-0.193336,134096479
-0.016524,-0.096984,-0.038683,134096489
-0.014370,0.055941,-0.037335,134096499
-0.012283,-0.097457,0.270391,134096509
-0.010267,0.208947,-0.034879,134096519
-0.008325,-0.097464,0.119444,134096529
-0.006460,0.055896,-0.032795,134096539
-0.157905,-0.097138,0.121308,134096549
-0.156201,-0.096892,-0.184401,134096559
-0.001343,-0.096605,0.122675,134096569
0.000222,0.056948,0.276388,134096579
0.001732,-0.095919,0.123505,134096589
0.003194,0.057708,-0.029527,134096599
0.004614,0.058143,-0.182722,134096609
0.005989,0.211837,0.123608,134096619
0.007319,-0.094137,-0.029907,134096629
0.008602,-0.093648,-0.030346,134096639
0.009833,0.060061,-0.030920,134096649
0.011008,0.213754,-0.031617,134096659
0.012123,-0.092268,-0.032410,134096669
0.013171,-0.091871,-0.186508,134096679
0.014148,-0.244751,-0.034199,134096689
0.015050,-0.091219,-0.035139,134096699
0.015873,0.062281,-0.036070,134096709
0.016613,-0.090694,-0.036962,134096719
0.017267,0.062787,-0.037791,134096729
0.017833,0.063049,-0.038537,134096739
0.018311,0.063326,-0.039180,134096749
0.018698,-0.089611,-0.192933,134096759
0.018997,0.063924,0.113132,134096769
0.019207,0.064240,-0.040346,134096779
0.019330,0.064560,0.266013,134096789
0.019368,0.064877,-0.040399,134096799
0.019324,0.065179,-0.040221,134096809
0.019202,-0.087778,0.113294,134096819
0.019007,0.065684,0.113670,134096829
0.018741,-0.087360,0.114117,134096839
0.018409,0.066001,-0.038625,134096849
0.018017,-0.087150,0.115104,134096859
0.017570,0.066105,-0.037639,134096869
0.017073,-0.087146,0.116039,134096879
0.016532,0.066016,-0.036796,134096889
0.015950,-0.087319,-0.036476,134096899
0.015334,-0.087457,0.116985,134096909
0.014689,-0.087615,0.117122,134096919
0.014022,-0.087781,0.117155,134096929
0.013337,-0.087936,0.117070,134096939
-0.140590,0.218395,-0.036368,134096949
0.011935,0.065081,-0.036718,134096959
0.011237,-0.088186,-0.190434,134096969
0.010556,0.065049,0.268634,134096979
0.009903,-0.088132,-0.038565,134096989
0.009282,0.065184,0.113810,134096999
0.008701,0.218535,0.266077,134097009
0.008161,-0.087775,-0.041443,134097019
0.007664,0.065615,0.110623,134097029
0.007212,0.065776,-0.043874,134097039
0.313260,0.065924,-0.045241,134097049
0.312883,0.066045,-0.046703,134097059
0.312518,0.066123,0.104986,134097069
0.005666,-0.087087,-0.049858,134097079
0.005212,-0.087130,-0.051506,134097089
0.004657,0.065984,-0.206406,134097099
0.003972,-0.087428,0.098377,134097109
0.003149,-0.087674,0.096729,134097119
0.002180,-0.087972,-0.058101,134097129
0.001065,0.064921,-0.059637,134097139
-0.000184,0.064564,0.092134,134097149
-0.001557,-0.089031,0.090769,134097159
-0.003037,-0.089395,0.089503,134097169
-0.004604,0.063483,0.088333,134097179
-0.159467,-0.090073,0.087253,134097189
-0.161143,-0.090363,-0.066979,134097199
-0.162834,0.062623,0.085310,134097209
-0.164493,0.062436,-0.068805,134097219
-0.166077,0.062309,-0.069645,134097229
-0.167540,-0.090985,-0.070445,134097239
-0.168836,0.062237,-0.071201,134097249
-0.016695,-0.090946,-0.071907,134097259
-0.017533,0.062380,0.080676,134097269
-0.018098,0.215751,-0.073133,134097279
-0.018372,-0.090529,-0.073640,134097289
-0.171577,-0.090329,-0.074064,134097299
-0.018023,-0.090115,-0.227627,134097309
0.289049,-0.089893,-0.227858,134097319
0.289931,0.063568,-0.074739,134097329
-0.168630,0.063814,0.078526,134097339
-0.167314,-0.089153,-0.074505,134097349
-0.165838,0.064351,-0.074131,134097359
-0.164242,-0.088589,-0.073583,134097369
-0.162537,-0.088290,0.080375,134097379
-0.007507,0.065252,0.081276,134097389
0.300841,0.065580,-0.224116,134097399
-0.003649,-0.087305,-0.069669,134097409
-0.001631,0.066279,0.084912,134097419
0.000406,0.066644,-0.066845,134097429
0.002438,-0.086217,0.087962,134097439
0.004437,0.067379,-0.063604,134097449
0.006380,-0.085492,0.091352,134097459
0.008247,0.068085,0.093122,134097469
0.010020,0.221645,-0.211548,134097479
0.011684,-0.084504,0.096689,134097489
0.013225,-0.084233,-0.054754,134097500
0.014646,-0.083995,-0.053033,134097509
0.015928,0.069428,0.101856,134097519
0.017065,-0.083649,0.256675,134097529
0.018053,-0.083536,0.104945,134097539
0.018893,-0.083452,-0.046898,134097549
0.019583,-0.083388,-0.045650,134097559
0.020127,0.069899,-0.044559,134097569
0.020529,0.069967,-0.043630,134097579
0.020794,0.070050,-0.042864,134097589
0.020927,0.070153,-0.042257,134097599
0.020931,0.070270,-0.195030,134097609
0.020821,0.070393,0.111759,134097619
0.020601,-0.082720,-0.041248,134097629
0.020281,-0.082621,-0.041112,134097639
0.019870,-0.082544,-0.041043,134097649
0.019375,0.070741,0.112202,134097659
0.018775,0.070776,0.112170,134097670
0.324595,0.070798,0.112118,134097679
0.323894,-0.082427,-0.041193,134097689
0.016663,-0.082442,-0.041307,134097699
0.015797,-0.082476,-0.041453,134097709
0.014824,-0.082522,-0.041629,134097719
0.013738,-0.082567,0.111401,134097729
0.012528,-0.235826,-0.042046,134097739
0.011204,0.070636,-0.042276,134097749
0.009768,-0.082534,0.110711,134097759
0.008235,0.070826,-0.042768,134097769
0.006618,0.071041,-0.043020,134097779
0.004934,0.071342,-0.196503,134097789
0.003196,0.071730,-0.043523,134097799
0.001425,0.072188,-0.043751,134097809
-0.000358,-0.080530,-0.043941,134097819
-0.002135,0.073245,-0.044082,134097829
-0.003893,-0.079416,0.109071,134097839
-0.005611,0.074386,-0.044163,134097849
-0.007276,-0.078275,0.109137,134097859
-0.008873,-0.077722,-0.043951,134097869
-0.010390,-0.077189,-0.043744,134097879
0.294641,0.076552,-0.043477,134097889
0.293304,0.077044,0.110072,134097898
-0.014410,-0.075711,-0.042787,134097909
-0.015607,-0.075260,-0.042376,134097919
-0.016764,-0.074832,0.111295,134097929
-0.017900,0.078807,-0.041470,134097939
-0.019021,-0.074027,-0.040992,134097949
-0.020131,0.232816,-0.040508,134097959
-0.021229,0.079959,-0.193254,134097969
-0.022312,0.080311,-0.039538,134097979
-0.023374,-0.072600,-0.039043,134097989
-0.024407,-0.072328,-0.038534,134097999
-0.025402,0.081117,-0.037999,134098009
-0.026350,0.081276,0.115795,134098019
-1.406295,0.234601,5.172926,134098029
1.044579,-0.378289,1.649134,134098039
0.890695,0.081348,2.108933,134098049
-0.029188,0.081226,0.576027,134098059
0.889784,0.081036,0.574325,134098069
-0.029940,-0.072471,0.723918,134098080
-0.030311,-0.226016,-0.200173,134098089
-0.030796,-0.073155,-0.206712,134098099
-0.031450,-0.073561,0.091304,134098109
-0.032300,-0.227207,-0.072165,134098119
-0.033368,-0.074382,-0.084167,134098129
-0.034652,0.078486,0.361944,134098139
-0.036143,-0.075032,0.040520,134098149
-0.037852,0.078008,-0.129102,134098159
