0.213683,-0.118812,0.428113
0.085293,0.029179,0.583138
-0.077512,0.141557,0.836175
-0.272789,0.227000,0.945261
-0.418836,0.272640,0.999130
-0.511611,0.328155,0.987010
-0.575805,0.432752,0.819116
-0.606780,0.448763,0.560094
-0.571466,0.487819,0.248249
-0.493206,0.477793,-0.024241
-0.396540,0.508469,-0.202460
-0.326509,0.399532,-0.375740
-0.251541,0.446369,-0.527622
-0.155324,0.359878,-0.599299
-0.057760,0.333542,-0.604087
-0.038307,0.248398,-0.496049
0.042946,0.217723,-0.500687
0.076315,0.196325,-0.338780
0.085742,0.161459,-0.247351
0.136619,0.169539,-0.115221
0.085144,0.087239,0.011223
0.050428,0.086939,0.038307
0.040402,0.031125,0.106093
-0.002693,0.027234,0.147543
-0.014814,-0.009278,0.074220
-0.010774,-0.047585,0.097564
-0.049231,-0.054318,-0.003442
-0.144101,-0.066888,0.008978
-0.171634,-0.029778,0.083498
-0.189142,-0.058508,0.061052
-0.208445,-0.096217,0.084994
-0.255581,-0.095618,0.001347
-0.275483,-0.078111,0.051625
-0.278924,-0.070928,0.080355
-0.316633,-0.037559,0.067337
-0.302567,-0.002544,0.134375
-0.330849,-0.001047,0.183605
-0.394445,0.009876,0.274884
-0.459687,0.018555,0.278775
-0.454001,0.058658,0.248099
-0.468366,0.048632,0.295235
-0.395343,0.107141,0.241964
-0.374992,0.102053,0.242563
-0.289399,0.115371,0.139163
-0.253187,0.065541,0.038158
-0.216226,-0.004339,-0.109684
-0.138564,0.064793,-0.277877
-0.052074,-0.006434,-0.386364
0.055067,0.032322,-0.514155
0.120907,-0.007781,-0.479439
0.159065,-0.036960,-0.458041
0.112527,0.019154,-0.421230
0.113276,0.020800,-0.304363
0.062249,0.070180,-0.224756
-0.058808,0.213383,-0.063596
-0.240767,0.249296,0.251990
-0.387112,0.402824,0.671873
-0.573262,0.512958,0.999729
-0.745943,0.555455,1.143680
-0.843507,0.625635,1.284340
-0.927155,0.617554,1.255460
-0.893935,0.560692,1.235258
-0.862661,0.556053,1.059734
-0.781707,0.474202,0.850839
-0.717213,0.376488,0.644190
-0.660500,0.362273,0.423325
-0.460884,0.276979,0.222511
-0.280870,0.220267,0.032471
-0.202759,0.173430,-0.144849
-0.139013,0.087688,-0.384569
-0.062698,0.093075,-0.480935
-0.005387,0.045639,-0.505925
0.099359,0.028282,-0.482132
0.132280,-0.040851,-0.446668
0.218022,0.025438,-0.517746
0.217573,-0.007931,-0.509965
0.284012,-0.006285,-0.491560
0.343718,-0.054468,-0.571167
0.400430,-0.074520,-0.581492
0.460585,-0.108038,-0.574908
0.570419,-0.111031,-0.525228
0.655113,-0.164302,-0.542586
0.752677,-0.302118,-0.587477
0.843058,-0.368557,-0.598700
0.904859,-0.476895,-0.617105
1.002123,-0.482432,-0.502782
1.038485,-0.562488,-0.429011
1.056741,-0.618452,-0.416591
1.082927,-0.672621,-0.431555
1.129016,-0.714969,-0.424073
1.093552,-0.726491,-0.240468
1.079037,-0.708384,-0.073921
1.049857,-0.710779,0.066289
1.038784,-0.789189,0.270994
1.014393,-0.818218,0.457741
1.048361,-0.812682,0.640898
1.019331,-0.842909,0.719907
0.951994,-0.784550,0.651821
0.854580,-0.738162,0.683245
0.749984,-0.737713,0.665438
0.640299,-0.637606,0.669479
0.561440,-0.587028,0.610222
0.480337,-0.466420,0.508020
0.387711,-0.417040,0.470461
0.316783,-0.312294,0.371999
0.184653,-0.268300,0.308403
0.077512,-0.167744,0.236577
-0.013168,-0.097115,0.168492
-0.052672,-0.035614,0.194828
-0.038008,-0.011821,0.247800
-0.060154,0.000000,0.303016
-0.030676,0.005836,0.296133
0.019752,-0.062549,0.220865
0.093224,-0.086191,0.163704
0.159663,-0.109535,0.090980
0.160561,-0.068684,0.056413
0.147243,-0.093075,-0.072874
0.130484,-0.066589,-0.161459
0.015263,0.019154,-0.223708
0.061501,-0.005237,-0.306308
0.056862,-0.083348,-0.280571
-0.017358,0.148740,-0.173430
-0.147094,0.229394,0.001496
-0.250044,0.296133,0.160711
-0.312443,0.235230,0.309002
-0.424672,0.341024,0.342221
-0.532411,0.519841,0.194529
-0.679504,0.698957,0.096217
-0.814926,0.830489,0.019603
-0.985663,0.879719,-0.168193
-1.077391,0.899621,-0.298377
-1.102081,0.899322,-0.332794
-0.999130,0.922067,-0.252139
-0.808342,0.798167,0.057311
-0.580744,0.610671,0.359430
-0.273388,0.402974,0.606631
0.003292,0.188693,0.734122
0.202909,0.052672,0.810288
0.441730,-0.096516,0.841113
0.655263,-0.229095,0.804751
0.808941,-0.401478,0.808043
0.908450,-0.395941,0.691775
0.863858,-0.457741,0.541987
0.762703,-0.399682,0.347010
0.673818,-0.301520,0.101754
0.540192,-0.239869,-0.032022
0.422427,-0.193033,-0.018705
0.351499,-0.071377,-0.012420
0.297928,0.036362,0.035763
0.156671,0.079158,0.012270
0.121805,0.150984,0.022146
0.104597,0.123451,0.108487
0.131980,0.126294,0.213982
0.164452,0.123152,0.252588
0.259023,0.130334,0.263362
0.271443,0.148590,0.228946
0.241964,0.098910,0.208894
0.305560,0.066289,0.143203
0.313341,0.065691,0.130185
0.314538,0.115371,0.122254
0.231938,0.157568,-0.062997
0.113725,0.225055,-0.094870
0.026935,0.284311,-0.144550
-0.107589,0.341922,-0.179864
-0.110881,0.357185,-0.187795
-0.101604,0.364966,-0.168043
-0.082600,0.342371,-0.171036
-0.074370,0.348805,-0.115520
-0.127342,0.391452,-0.082750
-0.171634,0.377236,-0.065541
-0.206201,0.383222,-0.029179
-0.272789,0.435745,-0.014365
-0.289399,0.399083,0.056563
-0.310797,0.373346,0.076166
-0.335936,0.307056,0.094272
-0.351499,0.299724,0.187795
-0.345962,0.259322,0.135123
-0.287005,0.236876,0.314688
-0.284611,0.203507,0.338480
-0.282366,0.160262,0.294188
-0.262614,0.093374,0.383970
-0.298078,0.016161,0.368258
-0.326659,0.060154,0.356437
-0.416890,0.131382,0.327706
-0.454449,0.174627,0.343418
-0.486921,0.209193,0.296881
-0.558148,0.184653,0.319776
-0.646734,0.159065,0.334440
-0.657358,0.112976,0.332195
-0.650924,0.112378,0.291644
-0.598700,0.103100,0.272640
-0.616657,0.099210,0.286257
-0.535254,0.077961,0.248249
-0.491859,0.009278,0.215029
-0.393397,-0.065541,0.229694
-0.311695,-0.167594,0.171335
-0.301520,-0.222960,0.093823
-0.267552,-0.240019,0.103699
-0.270844,-0.192135,0.096965
-0.304213,-0.181361,0.075866
-0.289698,-0.177171,0.029628
-0.321422,-0.195427,-0.022745
-0.309899,-0.179715,-0.121805
-0.313341,-0.203058,-0.172981
-0.304064,-0.201711,-0.139313
-0.280571,-0.256180,-0.086491
-0.283114,-0.288052,-0.165499
-0.277578,-0.317232,-0.257526
-0.230292,-0.312294,-0.269497
-0.168342,-0.328604,-0.262015
-0.116867,-0.389507,-0.228347
-0.128239,-0.357484,-0.138265
-0.130634,-0.322619,-0.025289
-0.094122,-0.339528,0.050578
-0.100108,-0.303315,0.023493
-0.049979,-0.280870,0.002544
0.014515,-0.267851,-0.023044
0.011672,-0.251391,-0.058059
0.015862,-0.218022,-0.169839
-0.019752,-0.173879,-0.121057
-0.013767,-0.168492,-0.243610
-0.023942,-0.176423,-0.284760
-0.017807,-0.140959,-0.444424
0.021099,-0.126294,-0.490512
0.094122,-0.126893,-0.478092
0.066439,-0.077213,-0.470610
0.072425,-0.036212,-0.434697
-0.028730,-0.006285,-0.252738
-0.115071,0.052822,-0.254085
-0.164901,0.070330,-0.129586
-0.202609,0.105943,-0.086640
-0.193631,0.136918,-0.002993
-0.221464,0.140659,0.030227
-0.260070,0.111929,0.165350
-0.229694,0.116268,0.174777
-0.190339,0.059256,0.084994
-0.139911,0.068684,0.110133
-0.097713,0.013318,0.099359
-0.028132,0.002693,0.206799
-0.015862,-0.009128,0.188693
0.004938,-0.049979,0.115371
0.049979,-0.101155,0.104148
0.071527,-0.118513,0.146794
0.105794,-0.106243,0.125845
0.140659,-0.110433,0.157568
0.115520,-0.138714,0.178518
0.094122,-0.073173,0.119411
0.028880,-0.025738,0.127342
-0.002693,0.021398,0.169988
-0.016460,0.039804,0.150386
-0.082600,0.024391,0.183605
-0.097564,0.051026,0.119860
-0.110283,0.070479,0.130334
-0.086191,0.052672,0.060603
-0.017657,0.061052,0.098611
0.026635,0.006135,0.096965
0.117017,-0.013916,0.052224
0.144849,-0.038756,0.059107
0.151134,-0.034117,0.046537
0.176572,-0.086640,0.026935
0.181510,-0.035614,0.003591
0.179415,-0.102352,0.034267
0.208445,-0.061800,0.025289
0.194679,-0.079906,0.039205
0.191686,-0.074819,-0.009278
0.157868,-0.042796,-0.039654
0.100556,0.022146,0.017508
0.081702,0.019154,0.070928
-0.002245,0.112079,0.112378
-0.028880,0.116418,0.156222
-0.001796,0.120309,0.286257
-0.000150,0.131681,0.344615
-0.004788,0.112976,0.335787
0.014066,0.043395,0.358083
0.032771,0.068534,0.374244
0.020351,0.060154,0.403722
0.045939,0.061351,0.308702
0.038307,0.097115,0.348955
0.083199,0.072724,0.399981
0.096965,0.042347,0.479738
0.115670,0.083947,0.480636
0.097264,0.066738,0.517447
0.057610,0.055964,0.530465
0.074370,0.049829,0.531662
0.061501,0.079757,0.568773
0.115520,0.059256,0.660949
0.077812,0.086939,0.600047
0.047734,0.113276,0.649278
0.004938,0.120159,0.552612
-0.004040,0.112976,0.583138
-0.020949,0.116119,0.533308
-0.035314,0.136021,0.420182
-0.015113,0.127940,0.376488
-0.032920,0.092177,0.214431
-0.006584,0.128090,0.241365
-0.018256,0.099060,0.179715
-0.042796,0.104746,0.164601
-0.024541,0.136469,0.193930
-0.030227,0.136469,0.326210
0.014664,0.131831,0.319476
0.002095,0.107141,0.369006
-0.042796,0.065541,0.349105
0.006285,0.079458,0.323367
-0.026037,0.055516,0.321571
-0.004788,0.089633,0.378433
-0.039804,0.051475,0.335936
0.013617,0.009876,0.374992
0.044293,0.030376,0.267851
0.078560,-0.011522,0.296133
0.100856,0.017208,0.264559
0.112079,-0.017358,0.220865
0.113874,-0.039355,0.185551
0.116568,-0.017358,0.139612
0.119261,-0.026785,0.116268
0.146944,0.007931,0.100257
0.136469,-0.003442,0.134674
0.165050,0.025438,0.109235
0.135272,0.029479,0.078859
0.133177,-0.026187,0.022296
0.144101,0.039504,-0.047435
0.172831,0.022446,-0.052373
0.074520,0.057162,-0.086191
0.080355,0.100257,-0.125995
0.030376,0.076016,-0.081852
0.068983,0.090082,-0.130035
0.081104,0.065242,-0.197372
0.082450,0.055216,-0.245555
0.115820,0.044742,-0.242563
0.083947,0.053271,-0.280122
0.033369,0.045490,-0.237475
-0.001646,-0.014365,-0.190489
-0.012719,0.005387,-0.115820
-0.053421,-0.012869,-0.069881
-0.052373,-0.026037,-0.047884
0.000898,-0.008380,-0.057012
-0.001197,0.010774,0.054917
-0.005537,-0.031723,0.115221
0.005237,-0.035165,-0.006285
0.041899,-0.076764,-0.126743
0.119860,-0.120159,-0.223259
0.150835,-0.111929,-0.265906
0.170737,-0.131681,-0.306308
0.215329,-0.140959,-0.276081
0.181062,-0.135871,-0.408810
0.198120,-0.139612,-0.342969
0.170138,-0.106542,-0.433949
0.131681,-0.039504,-0.309750
0.091578,0.001496,-0.321871
0.071227,0.076764,-0.187945
-0.065092,0.112827,-0.082750
-0.102651,0.092775,-0.005237
-0.135422,0.136469,0.063147
-0.089334,0.125097,0.194828
-0.064943,0.118513,0.196175
-0.021099,0.137218,0.189142
-0.000748,0.098611,0.167744
0.067038,0.082600,0.147393
0.137068,0.049081,0.053121
0.120907,0.029628,-0.077213
0.151134,0.030526,-0.126144
0.171634,0.008829,-0.171634
0.162955,0.048483,-0.171634
0.157269,0.024241,-0.192135
0.126444,0.036362,-0.125247
0.158167,0.073173,-0.115820
0.151284,0.104297,-0.111181
0.146794,0.034267,-0.159214
0.170437,0.066140,-0.179864
0.188094,0.039804,-0.170587
0.144999,0.020500,-0.134973
0.171335,0.081552,-0.149787
0.139313,0.054618,-0.092626
0.137517,0.067038,-0.049979
0.133626,0.069881,-0.030077
0.142904,0.083947,-0.038756
0.152481,0.079906,-0.030676
0.214730,0.091877,-0.038158
0.187795,0.062997,0.015413
0.242263,-0.006434,-0.016011
0.256329,0.024690,-0.036811
0.311097,-0.034267,-0.070779
0.300472,-0.000449,-0.042347
0.320823,-0.052822,-0.065541
0.312743,-0.023343,-0.077961
0.307206,-0.053720,-0.012719
0.305111,0.040402,0.041899
0.199467,0.012420,0.037858
0.213533,0.078859,0.079308
0.152181,0.106692,0.159065
0.124349,0.085593,0.190938
0.129736,0.103250,0.203657
0.086042,0.156072,0.128988
0.026486,0.185102,0.104746
0.026635,0.158017,0.002544
0.052822,0.181062,0.024989
0.062997,0.153079,0.025588
0.156222,0.135871,-0.020201
0.174926,0.079458,0.028431
0.240917,0.093524,-0.007931
0.238822,0.073322,-0.097115
0.247201,0.062249,-0.147842
0.210390,0.086191,-0.199766
0.175525,0.071826,-0.215777
0.165050,0.121506,-0.088286
0.112228,0.157419,0.060753
0.108787,0.185850,0.164152
0.094721,0.168043,0.317980
-0.003741,0.195726,0.482432
-0.099359,0.223110,0.555904
-0.088585,0.191536,0.672621
-0.080804,0.183755,0.630124
-0.084994,0.130484,0.570867
-0.019154,0.112527,0.583587
0.009278,0.099958,0.513706
-0.002993,0.067337,0.512060
0.028730,0.011971,0.458939
0.021997,-0.039055,0.471807
0.008230,-0.021847,0.474950
0.010026,-0.021548,0.484227
-0.064195,-0.047136,0.495749
-0.073173,0.028282,0.528969
-0.117615,0.019603,0.556203
-0.106991,0.034117,0.625485
-0.173580,0.027982,0.615759
-0.146645,0.053570,0.574908
-0.222960,0.039055,0.527024
-0.216526,0.075417,0.549918
-0.262165,0.082899,0.606182
-0.245256,0.081403,0.524929
-0.269647,0.066140,0.562338
-0.310648,0.069731,0.516998
-0.310797,0.101754,0.476895
-0.270395,0.023942,0.522834
-0.288651,0.039804,0.423923
-0.247351,0.024989,0.383970
-0.220715,-0.032920,0.256628
-0.175226,-0.032771,0.160262
-0.155025,-0.033519,0.008978
-0.196773,-0.051924,0.006135
-0.195427,-0.005836,-0.079308
-0.225055,-0.055815,-0.101454
-0.313790,-0.026635,-0.102053
-0.335188,0.007632,-0.082450
-0.363320,0.034117,-0.101155
-0.369904,0.021099,-0.065990
-0.406266,0.035614,-0.014066
-0.423175,0.021249,-0.000599
-0.468515,0.012570,-0.009876
-0.452654,0.036811,0.055216
-0.441581,-0.003442,0.116717
-0.455796,0.015862,0.090680
-0.380977,-0.028431,0.105644
-0.331747,-0.073023,0.034267
-0.298677,-0.112827,-0.054917
-0.250793,-0.171485,-0.114323
-0.212785,-0.159065,-0.238223
-0.177769,-0.176423,-0.394744
-0.153827,-0.181810,-0.387262
-0.200365,-0.180164,-0.417040
-0.202460,-0.143203,-0.375141
-0.169090,-0.171185,-0.265158
-0.208595,-0.162058,-0.261716
-0.279822,-0.150535,-0.185401
-0.281618,-0.135123,-0.123451
-0.281019,-0.105345,-0.036512
-0.273238,-0.094721,-0.084695
-0.288950,-0.125546,-0.006135
-0.298677,-0.103998,0.076016
-0.322170,-0.131083,0.134375
-0.268300,-0.122404,0.136469
-0.195427,-0.114772,0.200963
-0.181062,-0.159963,0.201861
-0.115670,-0.175675,0.095170
-0.120608,-0.150835,0.050727
-0.097863,-0.199018,0.037409
-0.081104,-0.165948,-0.023792
-0.055964,-0.136619,-0.132878
-0.078410,-0.090531,-0.116268
-0.067636,-0.113725,-0.167893
-0.059556,-0.100407,-0.213533
-0.070779,-0.081702,-0.179116
-0.053720,-0.005387,-0.204555
-0.106093,-0.056563,-0.249296
-0.101454,-0.031125,-0.167145
-0.126743,0.009726,-0.117316
-0.106841,0.039055,-0.005237
-0.118214,0.028730,-0.028282
-0.116568,-0.006734,0.010774
-0.158915,-0.000748,0.006584
-0.181660,-0.010026,0.089783
-0.175675,0.063746,0.171934
-0.164901,0.042497,0.228946
-0.188394,0.054019,0.193781
-0.143652,0.024989,0.193332
-0.130933,-0.021847,0.319626
-0.120458,0.028730,0.322918
-0.041001,-0.037709,0.412252
0.013168,-0.022446,0.434697
0.053570,-0.087089,0.451008
0.091429,-0.073173,0.435146
0.096666,-0.076016,0.329801
0.146645,-0.097264,0.236278
0.133177,-0.106243,0.199168
0.173131,-0.064344,0.134524
0.107290,-0.039953,-0.020051
0.110881,-0.009876,-0.046388
0.117765,-0.011672,-0.090680
0.117017,0.022296,-0.142305
0.093224,0.045639,-0.233435
0.058957,0.059256,-0.207547
0.027084,0.058808,-0.152930
0.054917,0.053720,-0.170138
0.040851,0.070479,-0.113126
0.080505,0.062249,-0.064643
0.131980,0.050877,0.049680
0.183156,0.034566,0.074370
0.127042,0.034566,0.170737
0.143951,0.047585,0.307954
0.169090,0.042497,0.318279
0.222511,0.051475,0.303615
0.265008,0.021548,0.339228
0.278924,0.035015,0.297031
0.243760,0.074520,0.312593
0.249147,0.082001,0.184354
0.273538,0.070030,0.137517
0.276381,0.047734,0.084695
0.280421,0.088585,0.048632
0.304961,0.132130,0.047285
0.292990,0.126294,0.044742
0.290895,0.137517,0.069581
0.260669,0.094122,0.124498
0.290596,0.121057,0.198419
0.249296,0.102651,0.319027
0.210839,0.134225,0.395492
0.162207,0.125546,0.421679
0.144550,0.124199,0.325911
0.108038,0.147243,0.292542
0.101155,0.195127,0.314239
0.037110,0.162806,0.301221
0.080355,0.168193,0.215329
0.106243,0.166996,0.248997
0.141108,0.122254,0.231040
0.166696,0.148441,0.247950
0.177620,0.115520,0.229843
0.166547,0.093524,0.195127
0.176423,0.029179,0.185401
0.154127,0.104896,0.239121
0.143652,0.067337,0.336984
0.100257,0.073472,0.308104
0.112976,0.038158,0.322469
0.101155,0.068235,0.345214
0.086191,0.058359,0.395492
0.067935,0.046388,0.338031
0.084845,0.074669,0.371849
0.098462,0.073173,0.363919
0.108637,0.072574,0.352247
0.108338,0.046687,0.222212
0.110433,0.026635,0.193930
0.097115,0.043395,0.182558
0.078111,0.046238,0.100407
0.049829,0.051625,0.014664
0.045639,0.054618,0.012570
0.071227,0.028431,0.015263
0.080206,-0.006434,-0.028581
0.106542,-0.001496,0.014814
0.122852,-0.009128,0.040103
0.110283,-0.025289,-0.032621
0.076315,-0.072724,-0.063446
0.078111,-0.071826,-0.087089
0.068983,-0.030227,-0.096516
0.063746,-0.021398,-0.034117
0.085892,-0.055815,-0.070030
0.049530,-0.007183,-0.043694
0.051475,-0.018405,-0.019603
0.065242,0.010175,0.033070
0.080056,-0.009128,-0.061501
0.077063,-0.011672,-0.047136
0.049081,-0.008829,-0.061501
0.042946,-0.005237,-0.092626
0.073921,0.020650,-0.020800
0.061950,0.042946,-0.061351
0.041749,0.037409,-0.097264
0.074520,0.036960,-0.139013
0.023643,0.055665,-0.141408
0.016310,0.055665,0.004639
-0.024092,0.022745,0.099060
-0.039654,0.078560,0.219818
-0.079009,0.076315,0.235380
-0.112527,0.095768,0.315586
-0.174627,0.104447,0.325013
-0.149638,0.070030,0.354940
-0.166696,0.097414,0.307056
-0.113425,0.083647,0.342820
-0.065092,0.035913,0.353594
-0.069432,0.026336,0.311695
-0.077662,0.036811,0.184802
-0.067636,0.045041,0.164452
-0.042497,0.020949,0.144251
-0.019603,-0.032022,0.102352
-0.081403,0.028431,0.163404
-0.054767,0.000150,0.161160
-0.141258,0.080206,0.117017
-0.101005,0.096217,0.081403
-0.153678,0.089184,0.038607
-0.180912,0.057311,0.014964
-0.188843,0.094421,-0.049380
-0.137218,0.057910,-0.026336
-0.148889,0.068684,-0.045340
-0.145597,0.067038,-0.112378
-0.127491,0.008230,-0.098013
-0.093374,-0.016909,-0.081253
-0.105644,-0.026785,-0.088585
-0.038307,-0.048183,-0.041899
-0.043844,-0.089633,-0.011073
-0.005387,-0.060603,-0.005237
0.010325,-0.101903,0.065092
0.030526,-0.135572,0.106692
0.026785,-0.127641,0.111330
0.021847,-0.117316,0.070479
0.023044,-0.111630,0.066888
-0.026935,-0.098910,0.145747
-0.031574,-0.060154,0.077363
-0.049231,-0.070479,0.092925
-0.041749,-0.075866,0.121506
-0.007033,-0.063446,0.177769
-0.011672,-0.065242,0.238672
0.002693,-0.090830,0.211139
0.053870,-0.064045,0.131980
0.054767,-0.112378,0.103250
0.072275,-0.092626,-0.029778
0.075567,-0.052972,-0.021398
0.069133,-0.044442,-0.046537
0.026037,-0.007332,-0.057311
-0.023792,-0.019004,-0.089783
-0.080355,0.062399,-0.114922
-0.137667,0.099509,-0.037110
-0.194379,0.128838,-0.040701
-0.220865,0.117765,0.101604
-0.223110,0.096965,0.230741
-0.225205,0.117914,0.249745
-0.202310,0.079308,0.295085
-0.166397,0.063895,0.328305
-0.196325,0.005686,0.390255
-0.144101,0.039953,0.470461
-0.063895,0.012420,0.483329
-0.020051,-0.041599,0.418536
0.016460,-0.039205,0.358681
-0.015862,-0.087239,0.268899
-0.005088,-0.095170,0.248698
-0.009577,-0.045191,0.172233
0.011073,-0.014814,0.143802
-0.029179,0.029778,0.086640
-0.033519,0.030526,-0.008978
-0.080655,0.050129,-0.007482
-0.103849,0.075866,-0.017957
-0.143652,0.127342,0.008529
-0.153379,0.119411,0.117466
-0.120309,0.130933,0.152331
-0.127940,0.076016,0.179715
-0.099958,0.067038,0.220416
-0.037858,0.052074,0.287304
0.005237,0.021099,0.306458
-0.009128,0.008080,0.307655
-0.017358,0.021398,0.324414
-0.032771,-0.023643,0.263213
-0.066888,0.031424,0.283713
-0.070779,0.046088,0.316334
-0.055516,0.034417,0.295085
-0.071227,0.030227,0.236876
-0.052523,-0.021249,0.201412
-0.013767,-0.038457,0.085742
-0.006285,-0.011522,0.009577
-0.024989,0.011073,-0.039055
0.029030,-0.011372,-0.016161
0.022296,-0.015862,-0.022895
0.048483,0.024092,-0.008380
0.035165,-0.030825,-0.044293
0.081403,-0.011672,-0.017957
0.039205,-0.001945,0.022745
0.043694,0.012420,0.068235
0.066140,0.008829,0.068235
0.074071,0.035015,0.118513
0.065541,0.097713,0.123301
0.052224,0.061950,0.156820
0.032920,0.074220,0.184503
0.048034,0.072724,0.031424
-0.033369,0.087688,-0.011372
0.004938,0.044293,0.024840
-0.007781,0.051176,0.102801
0.004489,0.095768,0.167744
0.018854,0.054318,0.162058
0.076016,0.026336,0.052224
0.093673,0.031723,0.004639
0.126444,0.016011,-0.077812
0.189292,-0.017508,-0.084695
0.221015,-0.004040,-0.136021
0.185102,-0.058808,-0.183755
0.215029,-0.047884,-0.157419
0.200514,-0.032322,-0.187346
0.193481,0.047585,-0.104746
0.158915,0.013916,-0.038906
0.202909,0.026635,0.058059
0.121955,0.004040,-0.046388
0.053870,0.026037,-0.060903
-0.018854,0.080505,-0.124648
-0.105794,0.153079,-0.110582
-0.135422,0.159065,-0.011522
-0.109984,0.172532,0.005986
-0.146645,0.125396,0.029479
-0.172083,0.090381,0.181062
-0.181959,0.109086,0.234482
-0.115520,0.067935,0.202909
-0.082750,0.088137,0.212186
-0.067636,0.034716,0.301520
0.039205,-0.006285,0.377835
0.073472,-0.004639,0.411354
0.103998,0.002693,0.280870
0.106991,0.002993,0.253336
0.092925,-0.009876,0.170737
0.060005,0.016310,0.034566
0.045340,0.081253,-0.109984
0.032022,0.093524,-0.035464
0.043844,0.135572,-0.156072
0.007931,0.103699,-0.227748
-0.052822,0.134973,-0.216825
-0.105943,0.125097,-0.157119
-0.087388,0.146645,-0.159663
-0.036811,0.125097,-0.111929
-0.014814,0.111480,-0.045191
-0.003741,0.093673,0.033369
-0.038756,0.069731,0.130035
-0.059107,0.048632,0.197971
0.016161,0.001197,0.324564
-0.011971,0.019004,0.306458
-0.082001,0.022595,0.251391
-0.061351,0.032322,0.277727
-0.008230,0.010624,0.303016
0.019303,-0.029179,0.200365
0.041749,-0.020201,0.122852
0.055366,-0.066589,0.053720
0.117615,-0.103849,-0.017957
0.130634,-0.078859,-0.126743
0.132729,-0.065242,-0.127791
0.133028,-0.078111,-0.202011
0.148889,-0.052822,-0.270246
0.120608,0.005537,-0.242712
0.122254,-0.007632,-0.253636
0.066888,0.019902,-0.214281
0.068983,0.049979,-0.261118
0.047285,0.084845,-0.238522
0.083947,0.087987,-0.307056
0.056264,0.104896,-0.289249
0.060753,0.111330,-0.379331
0.040253,0.142605,-0.341473
-0.013168,0.073472,-0.183905
0.014814,0.101305,0.000898
-0.011073,0.153229,0.050428
0.032022,0.166996,0.083199
0.047435,0.149039,0.161309
0.056413,0.165798,0.293439
0.129437,0.152331,0.471957
0.155473,0.116717,0.536900
0.166696,0.053271,0.497844
0.143502,0.073921,0.462530
0.090381,0.103849,0.403273
0.076016,0.155623,0.368258
0.007033,0.223110,0.327407
0.002843,0.216975,0.306907
0.009427,0.235530,0.236128
-0.036362,0.225354,0.131980
-0.033220,0.244059,0.165350
-0.021847,0.251840,0.137816
-0.047435,0.231639,0.050129
-0.046537,0.195277,0.012869
-0.059256,0.238073,0.157419
-0.045340,0.262165,0.362871
-0.046537,0.237924,0.631770
-0.052224,0.173430,0.712874
-0.009128,0.145448,0.734122
-0.007781,0.113276,0.751929
0.034117,0.102502,0.713622
0.092326,0.093374,0.604686
0.139612,0.085443,0.525976
0.177021,0.120907,0.388609
0.148590,0.168492,0.252738
0.113276,0.201113,0.107290
0.061501,0.258873,-0.028581
0.035314,0.287903,-0.138116
0.010624,0.276979,-0.052672
0.000599,0.342670,0.076016
-0.053421,0.379930,0.077662
-0.048782,0.342072,0.161758
-0.051625,0.229843,0.151284
-0.082001,0.214730,0.134823
-0.066888,0.209642,0.113425
-0.028282,0.230592,0.101754
-0.081702,0.201711,0.127042
-0.047285,0.177919,0.157119
-0.071527,0.161160,0.103400
-0.056862,0.154276,0.206350
-0.094870,0.102053,0.189740
-0.146346,0.105046,0.159963
-0.159514,0.057760,0.185102
-0.142904,0.108637,0.176872
-0.071527,0.049380,0.302567
-0.116119,0.001347,0.255880
-0.137667,0.029329,0.317082
-0.169090,0.048483,0.368707
-0.106093,0.063895,0.296133
-0.147094,-0.001646,0.253336
-0.082151,-0.043993,0.127791
-0.128090,-0.012570,0.046687
-0.108338,-0.087388,0.003891
-0.080355,-0.085593,-0.044891
-0.057162,-0.109684,-0.069881
-0.087688,-0.170737,-0.122404
-0.144251,-0.111480,-0.156820
-0.163404,-0.143951,-0.114772
-0.148889,-0.186897,-0.111181
-0.093972,-0.224008,-0.111181
-0.067786,-0.210540,-0.044143
-0.057910,-0.190339,-0.021548
-0.069432,-0.217723,0.014216
-0.091578,-0.239121,0.012719
-0.137517,-0.187646,0.037709
-0.184204,-0.167444,0.012420
-0.192733,-0.211737,-0.040402
-0.199168,-0.164302,-0.046537
-0.272939,-0.176572,-0.056264
-0.243909,-0.152930,-0.033668
-0.216226,-0.183007,-0.064943
-0.210989,-0.184952,-0.038756
-0.224008,-0.201711,-0.039055
-0.199916,-0.243460,0.036063
-0.200065,-0.258574,-0.046986
-0.175375,-0.276381,0.011372
-0.135572,-0.296282,-0.014216
-0.083947,-0.224157,0.034566
-0.093224,-0.250044,0.071227
-0.047435,-0.261118,0.065990
-0.077063,-0.206799,0.059705
-0.105195,-0.205303,0.043694
-0.091728,-0.168043,-0.063147
-0.108038,-0.156521,0.007033
-0.062399,-0.142904,-0.108188
-0.075268,-0.142006,-0.106243
-0.071078,-0.078260,-0.062399
-0.069282,-0.081104,0.001945
-0.059107,-0.074220,0.091429
-0.052672,-0.096816,0.130484
0.018854,-0.127791,0.087089
0.055216,-0.128988,0.050877
0.021099,-0.154576,0.049380
0.089633,-0.114024,0.065841
0.099808,-0.130634,0.067786
0.066140,-0.116418,0.049680
0.079158,-0.119411,-0.008230
0.074669,-0.052523,0.028581
0.081104,-0.056713,-0.026785
0.067487,0.003142,-0.004489
0.092326,0.040253,0.026336
-0.011372,0.052224,0.065541
-0.024989,0.059556,0.032920
-0.017208,0.058359,0.026635
0.021847,0.034267,0.130484
0.040253,0.043844,0.252139
0.003891,0.049530,0.296282
-0.076465,-0.008679,0.294636
-0.092027,0.050428,0.306458
-0.086042,0.070479,0.368557
-0.080206,0.047585,0.459387
-0.036362,0.032471,0.424522
0.005237,-0.049979,0.429310
0.007482,-0.093075,0.352696
0.074071,-0.145897,0.416142
0.135572,-0.164003,0.307206
0.181361,-0.202609,0.309600
0.218471,-0.180463,0.213982
0.143502,-0.201562,0.112378
0.136918,-0.176423,-0.039504
0.070928,-0.146346,-0.118513
0.061501,-0.118513,-0.119560
0.003442,-0.064643,-0.095469
-0.056563,-0.083049,-0.123002
-0.059107,-0.092775,-0.128988
-0.069731,-0.111031,-0.078859
-0.024541,-0.109086,-0.007183
0.002394,-0.118214,0.083647
0.020949,-0.173280,0.216226
0.027234,-0.171485,0.297330
-0.055964,-0.193182,0.342520
-0.048333,-0.156371,0.409259
-0.027982,-0.155324,0.373196
-0.046088,-0.144700,0.444873
-0.054019,-0.116268,0.292691
-0.075118,-0.134375,0.230442
-0.014216,-0.145597,0.124050
0.005836,-0.199617,-0.063895
0.076764,-0.232088,-0.081852
0.122553,-0.194978,-0.079458
0.207248,-0.251840,-0.158466
0.177171,-0.254982,-0.204106
0.168941,-0.257227,-0.113276
0.214281,-0.236577,-0.145747
0.133177,-0.196474,-0.136320
0.089334,-0.199018,-0.161758
0.075717,-0.173580,-0.138265
0.034716,-0.092326,-0.026037
0.011971,-0.111630,0.048782
0.023792,-0.071227,0.072425
0.005088,-0.052672,0.165350
0.004339,-0.039055,0.199766
-0.018854,-0.026935,0.212635
0.042198,-0.060753,0.235081
0.037559,-0.074220,0.106841
0.045939,-0.082750,0.022895
0.078260,-0.076166,-0.060903
0.046238,-0.079458,-0.185551
0.077662,-0.070928,-0.196325
0.111330,-0.047585,-0.175974
0.082899,-0.027384,-0.131831
0.030825,0.001197,-0.202609
-0.006584,-0.006734,-0.131083
-0.054767,0.041599,-0.043844
-0.054169,0.065841,-0.048931
-0.086939,0.096666,0.015413
-0.031873,0.087239,0.058209
-0.034716,0.110582,0.060154
-0.026037,0.091877,0.035913
0.053570,0.078560,0.134823
0.049081,0.036811,0.049380
0.084845,0.021398,0.065691
0.048782,0.054468,0.139612
0.041150,0.111031,0.075866
0.003891,0.142455,0.143802
-0.007632,0.127192,0.160262
0.022446,0.175375,0.212785
-0.019752,0.148889,0.323816
-0.057012,0.171934,0.317681
-0.005836,0.147842,0.372598
-0.026336,0.161609,0.328305
-0.029928,0.194529,0.265906
0.005836,0.180014,0.198868
0.053421,0.152780,0.150984
0.063895,0.138864,0.104148
0.112378,0.101305,0.095768
0.108787,0.056862,0.024989
0.174178,0.069731,0.013018
0.190489,0.034417,0.022296
0.185251,0.064643,0.062848
0.122852,0.123152,0.115520
0.118962,0.147094,0.231489
0.082001,0.168492,0.268450
-0.001496,0.146046,0.303016
-0.090680,0.219668,0.263362
-0.130783,0.237176,0.306458
-0.112527,0.285808,0.188992
-0.144999,0.249446,0.115969
-0.178967,0.255731,0.094272
-0.137816,0.231789,0.144251
-0.087688,0.281019,0.111630
-0.058808,0.270545,0.176123
-0.047285,0.244059,0.182857
-0.054169,0.138564,0.108188
-0.016310,0.148590,0.124498
0.032771,0.137218,0.140959
0.067636,0.215179,0.150236
0.117765,0.205752,0.212036
0.126144,0.232986,0.179565
0.114173,0.282217,0.186448
0.092775,0.385317,0.248548
0.065392,0.451157,0.210091
0.052074,0.549769,0.346411
0.022895,0.558148,0.376189
0.026486,0.663044,0.372448
-0.016310,0.679804,0.382025
-0.015413,0.704494,0.312443
0.003891,0.776918,0.251242
0.132579,0.728885,0.178069
0.203507,0.853234,0.201861
0.280870,0.931943,0.282067
0.387561,0.918625,0.508319
0.398186,0.862810,0.643591
0.222212,0.905756,0.642694
0.161160,0.959776,0.755520
0.153827,0.971896,0.854281
0.089184,0.995988,0.855029
0.058658,1.053748,0.847697
-0.002544,1.042825,0.803554
-0.083647,1.093851,0.797868
-0.155174,1.026514,0.788889
-0.210091,0.995988,0.768239
-0.290596,1.023821,0.826598
-0.420332,1.042226,0.918775
-0.491560,1.063774,1.033846
-0.565331,1.012598,1.080683
-0.588525,0.987907,1.043872
-0.498892,1.031901,1.068113
-0.493654,0.974290,1.093552
-0.380528,0.969951,1.079486
-0.281468,0.861913,1.058087
-0.203208,0.782605,1.115698
-0.164302,0.641197,1.150264
-0.058359,0.586430,1.061679
0.117765,0.452953,1.032799
0.246752,0.407164,0.971896
0.349404,0.312593,0.925509
0.403423,0.225205,0.849493
0.497695,0.155623,0.625036
0.504728,0.089483,0.363919
0.567725,0.106243,0.143502
0.580295,0.158466,-0.016610
0.513856,0.224157,-0.196773
0.364368,0.266056,-0.360178
0.207398,0.272041,-0.513556
0.085892,0.310498,-0.620248
-0.036063,0.391302,-0.699107
-0.119411,0.377985,-0.786196
-0.182558,0.416441,-0.763152
-0.216526,0.416741,-0.743549
-0.298228,0.482132,-0.812532
-0.325611,0.406266,-0.787094
-0.374393,0.346261,-0.689979
-0.327108,0.346710,-0.604985
-0.319776,0.356138,-0.446219
-0.285957,0.369306,-0.380977
-0.246603,0.323517,-0.269647
-0.231340,0.318578,-0.207547
-0.212485,0.250194,-0.201861
-0.137667,0.172383,-0.255132
-0.107739,0.130783,-0.277428
-0.030526,0.068235,-0.362273
0.074968,0.069731,-0.454150
0.149937,-0.018555,-0.538995
0.195576,-0.084695,-0.697012
0.292392,-0.170288,-0.870741
0.417788,-0.182708,-0.879420
0.406266,-0.125995,-0.908300
0.377685,-0.116119,-0.921768
0.151733,-0.045789,-0.944961
-0.072874,0.033369,-0.852186
-0.239271,0.073023,-0.612317
-0.245406,0.107889,-0.279224
-0.291344,0.148740,-0.062100
-0.354492,0.056713,0.090082
-0.324564,-0.048931,0.187346
-0.269048,-0.152181,0.207996
-0.176722,-0.273089,0.219069
-0.100856,-0.363021,0.203806
-0.002544,-0.374543,0.133477
0.065691,-0.446369,-0.036063
0.149189,-0.515801,-0.138714
0.200065,-0.560542,-0.276381
0.164751,-0.567127,-0.361674
0.169839,-0.500239,-0.612167
0.147094,-0.462231,-0.839018
0.030526,-0.420781,-1.057788
-0.010175,-0.374992,-1.277007
-0.113425,-0.301819,-1.385345
-0.243760,-0.309600,-1.501613
-0.325911,-0.287603,-1.410185
-0.456694,-0.301669,-1.123330
-0.512060,-0.286406,-0.722301
-0.530465,-0.268151,-0.320374
-0.502483,-0.267702,0.084845
-0.354791,-0.310797,0.329801
-0.204704,-0.385167,0.463577
-0.095768,-0.409259,0.603339
0.010026,-0.496797,0.633266
0.192883,-0.516399,0.692224
0.420182,-0.595857,0.671274
0.664241,-0.612916,0.666037
0.869095,-0.720505,0.479140
0.924611,-0.748188,0.231639
0.961871,-0.765696,-0.061351
0.929998,-0.709282,-0.196175
0.866851,-0.670975,-0.214880
0.698359,-0.480486,-0.067187
0.471658,-0.379331,0.030376
0.253486,-0.294936,0.088585
-0.012420,-0.243161,0.101454
-0.147992,-0.182408,0.087987
-0.219818,-0.157718,0.122553
-0.198419,-0.206350,0.252888
-0.249895,-0.276680,0.360627
-0.239271,-0.306757,0.493505
-0.245855,-0.500987,0.614262
-0.125546,-0.638803,0.754024
0.052822,-0.748487,0.997933
0.253187,-0.886453,1.110461
0.418985,-1.029956,1.131709
0.412102,-1.193510,1.148169
0.385766,-1.277456,1.224485
0.302867,-1.224485,1.245883
0.259472,-1.223587,1.294814
0.156671,-1.235857,1.199345
0.048782,-1.196502,1.187674
-0.039355,-1.148469,1.036091
-0.162357,-1.109563,0.851288
-0.252289,-1.135151,0.704943
-0.272041,-1.159991,0.601693
-0.204255,-1.161038,0.524929
-0.138564,-1.281347,0.358232
-0.101155,-1.338209,0.318429
-0.076315,-1.356615,0.088137
0.001347,-1.388787,0.011073
0.111181,-1.412429,-0.218022
0.231789,-1.467197,-0.380528
0.318130,-1.561319,-0.496348
0.383521,-1.527950,-0.550217
0.344166,-1.546804,-0.482282
0.357634,-1.531092,-0.280271
0.263811,-1.482909,-0.157419
0.135721,-1.422455,-0.052523
0.046537,-1.321150,0.132729
-0.021099,-1.242890,0.082450
-0.089483,-1.195904,-0.033369
-0.106841,-1.156250,-0.314239
-0.177021,-1.109712,-0.532710
-0.160412,-1.017835,-0.712874
-0.154875,-0.990002,-0.848894
-0.098312,-0.930147,-0.931195
-0.090531,-0.932990,-1.028010
-0.088137,-0.888997,-1.110610
-0.081403,-0.881964,-1.130063
-0.117914,-0.879121,-1.087267
-0.153977,-0.857573,-1.018434
-0.144700,-0.778415,-0.950648
-0.124798,-0.744896,-0.752528
-0.140061,-0.738312,-0.547374
-0.071676,-0.748637,-0.464325
-0.093972,-0.695965,-0.282965
-0.065392,-0.622343,-0.173280
-0.075717,-0.598850,-0.102053
-0.081403,-0.597653,-0.123002
-0.136320,-0.631620,-0.159514
-0.149937,-0.616657,-0.271742
-0.172682,-0.596605,-0.250194
-0.195576,-0.553061,-0.274136
-0.083199,-0.534057,-0.377087
0.056862,-0.566229,-0.464774
0.180164,-0.637157,-0.499939
0.206051,-0.720056,-0.328006
0.253187,-0.719607,-0.001796
0.237026,-0.742352,0.398485
0.253935,-0.724096,0.647033
0.192733,-0.737713,0.858621
0.134524,-0.758962,0.922067
-0.067337,-0.759860,0.883909
-0.186299,-0.644489,0.727538
-0.371550,-0.623390,0.584485
-0.583886,-0.528670,0.460734
-0.858621,-0.434548,0.321571
-0.984316,-0.306009,0.242263
-0.989404,-0.129736,0.267253
-0.789937,-0.049680,0.262315
-0.633865,-0.102801,0.322170
-0.449811,-0.227449,0.437091
-0.188094,-0.368707,0.593912
0.084545,-0.566827,0.676362
0.369605,-0.665887,0.678756
0.579846,-0.719308,0.552911
0.751630,-0.788590,0.386364
0.886154,-0.833033,0.193332
0.944064,-0.766893,0.176123
0.941370,-0.697162,0.278476
0.834529,-0.577751,0.303016
0.613514,-0.417788,0.301221
0.385167,-0.285509,0.366462
0.184802,-0.082899,0.375441
0.041150,0.046986,0.354641
-0.035165,0.189292,0.343718
-0.086640,0.268151,0.270545
-0.192883,0.380678,0.220267
-0.330549,0.439336,-0.022745
-0.433650,0.443077,-0.097863
-0.426318,0.453402,-0.129885
-0.383072,0.454150,-0.137966
-0.275184,0.418686,-0.117316
-0.205303,0.516848,0.041001
-0.264859,0.636109,0.266505
-0.337433,0.841861,0.372598
-0.339977,0.912789,0.572214
-0.381426,0.979228,0.797269
-0.427964,1.088913,0.852485
-0.558896,1.198597,0.776320
-0.680253,1.332074,0.492158
-0.792331,1.430984,0.161309
-0.858621,1.622371,-0.110582
-0.891391,1.694795,-0.223409
-0.950797,1.682376,-0.464475
-0.928501,1.691354,-0.588375
-0.971298,1.666664,-0.731878
-0.979977,1.627758,-0.791733
-0.873884,1.513584,-0.716764
-0.713023,1.522563,-0.496049
-0.587777,1.364246,-0.271892
-0.495600,1.255160,-0.186897
-0.331148,1.149366,-0.035015
-0.222960,1.050456,-0.029329
-0.096217,0.960524,0.068684
0.097264,0.943914,0.163255
0.290447,0.918625,0.289998
0.467917,0.867300,0.299724
0.558747,0.760608,0.408810
0.543933,0.702698,0.424522
0.564134,0.725593,0.420033
0.531513,0.770185,0.534057
0.496797,0.808941,0.530914
0.335936,0.890793,0.508618
0.152630,1.044471,0.416890
-0.028132,1.112406,0.407912
-0.250044,1.184382,0.197821
-0.367809,1.270274,0.088286
-0.487370,1.271171,-0.077512
-0.507122,1.259799,-0.142754
-0.521038,1.164330,-0.033220
-0.396689,1.064821,0.160112
-0.209044,0.919224,0.285209
-0.036661,0.793678,0.455946
0.083348,0.674566,0.524779
0.196773,0.575057,0.610671
0.269497,0.468066,0.564882
0.515053,0.458639,0.588674
0.715866,0.389507,0.501286
0.807744,0.306757,0.552612
0.820613,0.215777,0.551415
0.801758,0.198270,0.479589
0.717063,0.212934,0.361076
0.651223,0.293140,0.241365
0.582240,0.426467,0.137218
0.525827,0.505625,0.230592
0.407613,0.664391,0.249895
0.324115,0.756268,0.418686
0.264260,0.842759,0.539593
0.192135,0.873135,0.555305
0.127192,0.986112,0.705092
0.025139,0.999130,0.722151
-0.052672,1.021875,0.824204
-0.054468,1.032649,0.731129
-0.045639,1.041029,0.675315
-0.068085,1.023671,0.615908
-0.055216,1.043573,0.436942
-0.033369,1.014842,0.347758
0.022595,0.995988,0.274136
0.084096,0.948852,0.177919
0.184503,0.858321,0.127042
0.195427,0.822857,0.095469
0.172383,0.738013,0.057760
0.162656,0.726042,0.068085
0.124349,0.758363,0.001796
0.092027,0.769137,-0.144700
-0.059107,0.829890,-0.124798
-0.184204,0.889745,-0.152780
-0.366762,0.928801,0.028581
-0.421230,0.968604,0.133477
-0.478242,0.950348,0.258574
-0.440084,0.918176,0.316783
-0.446519,0.857124,0.376189
-0.421080,0.802058,0.276231
-0.335637,0.635810,0.194379
-0.185251,0.491709,0.120758
-0.051176,0.367061,0.141707
0.035314,0.308702,0.262015
0.099509,0.163853,0.325911
0.188843,0.087688,0.404171
0.240019,0.010475,0.387861
0.308104,-0.046687,0.345214
0.428263,-0.136619,0.301370
0.586130,-0.070030,0.291195
0.673519,-0.037858,0.137367
0.603788,0.005387,0.088885
0.596156,0.083199,0.108637
0.446668,0.225803,0.066140
0.354940,0.331148,-0.003591
0.338780,0.521786,-0.001646
0.262015,0.732626,-0.013767
0.229544,0.863259,-0.005537
0.134973,1.053748,-0.156371
0.040552,1.171064,-0.396689
-0.018256,1.289876,-0.617854
-0.106542,1.423353,-0.756418
-0.181361,1.579874,-0.715567
-0.327108,1.688211,-0.722600
-0.408062,1.718438,-0.605134
-0.484227,1.694347,-0.452055
-0.544831,1.649306,-0.390105
-0.474650,1.536180,-0.292242
-0.400730,1.457919,-0.265158
-0.296582,1.297358,-0.217872
-0.129736,1.161337,-0.267552
0.118812,0.973692,-0.301819
0.344765,0.698658,-0.236727
0.468665,0.495749,-0.250942
0.624737,0.253785,-0.199317
0.817620,0.128539,-0.068833
0.887351,0.077363,0.137218
0.912789,0.062399,0.333542
0.814029,0.009577,0.479738
0.643442,0.082600,0.488567
0.480037,0.117466,0.436343
0.366313,0.202310,0.453552
0.330400,0.249895,0.352546
0.224008,0.289249,0.246902
0.140510,0.255581,0.021548
0.105794,0.192883,-0.130933
0.124498,0.150835,-0.370802
0.213533,0.018256,-0.507870
0.225953,-0.046388,-0.714520
0.217573,-0.104746,-0.752528
0.242114,-0.164901,-0.663942
0.330998,-0.197372,-0.565780
0.387711,-0.226551,-0.414047
0.496797,-0.333692,-0.373645
0.494552,-0.420781,-0.339528
0.394295,-0.471957,-0.499341
0.325163,-0.581641,-0.689231
0.321272,-0.544082,-0.666187
0.220715,-0.517297,-0.500987
0.083348,-0.427964,-0.228197
-0.128988,-0.403273,0.119860
-0.387561,-0.365116,0.383970
-0.637606,-0.328903,0.536900
-0.809091,-0.233884,0.727987
-0.988057,-0.072125,0.779313
-1.087267,0.066738,0.859668
-1.204732,0.117765,0.763002
-1.176301,0.170288,0.499041
-1.082179,0.111181,0.226851
-0.877774,0.021398,-0.148291
-0.578499,-0.122852,-0.391602
-0.288052,-0.320374,-0.449362
-0.037409,-0.675315,-0.509965
0.135123,-0.910844,-0.398186
0.372149,-1.108815,-0.380080
0.422726,-1.162235,-0.353743
0.452205,-1.201440,-0.177769
0.366762,-1.256956,0.108188
0.175824,-1.157447,0.363919
-0.077961,-1.073799,0.478391
-0.351648,-0.872088,0.591817
-0.607828,-0.707636,0.694468
-0.963068,-0.543633,0.579397
-1.177798,-0.472855,0.427066
-1.333271,-0.444274,0.420931
-1.370082,-0.433949,0.424372
-1.251270,-0.465822,0.530765
-1.148768,-0.570119,0.573860
-0.937031,-0.662146,0.653019
-0.732775,-0.894983,0.663792
-0.485873,-1.085920,0.728735
-0.307505,-1.322198,0.845153
-0.091728,-1.487248,0.834679
0.058359,-1.616236,0.879271
0.206949,-1.767819,0.904709
0.301071,-1.897255,1.012747
0.466869,-1.982399,1.119589
0.650475,-2.084153,1.281347
0.702100,-2.103456,1.347487
0.714669,-2.136675,1.285537
0.637905,-2.070236,1.230919
0.518794,-2.009783,1.088913
0.487519,-1.871667,1.018883
0.435745,-1.788469,0.877176
0.328155,-1.688960,0.730680
0.194080,-1.602469,0.566378
0.106542,-1.554136,0.556652
0.026785,-1.478420,0.463128
-0.028282,-1.434276,0.357634
-0.127940,-1.360355,0.167295
-0.134674,-1.315763,0.060753
-0.055067,-1.296460,0.048782
-0.003142,-1.250073,0.027234
0.071377,-1.307833,0.036811
0.114473,-1.324742,-0.080505
0.162058,-1.319056,-0.112827
0.252289,-1.284489,-0.221763
0.306308,-1.266084,-0.290147
0.387262,-1.294066,-0.420631
0.448314,-1.276109,-0.334590
0.495001,-1.301548,-0.280870
0.523432,-1.277456,-0.249895
0.515502,-1.226131,-0.301669
0.533159,-1.185279,-0.361824
0.493056,-1.134552,-0.476895
0.440982,-1.077540,-0.659303
0.433051,-0.995539,-0.730381
0.452504,-0.942867,-0.802656
0.437840,-0.915782,-0.830788
0.443227,-0.829441,-0.937928
0.431106,-0.815525,-0.778265
0.400430,-0.756568,-0.739359
0.265307,-0.692373,-0.712724
0.294786,-0.695665,-0.622343
0.267103,-0.631471,-0.528520
0.311396,-0.624438,-0.379631
0.358382,-0.625784,-0.146794
0.368857,-0.694468,-0.107739
0.379331,-0.660351,-0.134674
0.503979,-0.756119,-0.071676
0.654665,-0.799514,-0.093673
0.775871,-0.924162,0.048333
0.819565,-0.953940,0.232238
0.707038,-0.882413,0.351499
0.621146,-0.835277,0.556951
0.537199,-0.747290,0.763750
0.416741,-0.685789,0.953640
0.276530,-0.575057,1.108964
0.088885,-0.462979,1.126621
-0.175375,-0.304961,1.161337
-0.358681,-0.153977,1.089362
-0.528221,-0.053720,1.052252
-0.621894,0.018106,0.919523
-0.709282,0.099359,0.754473
-0.848894,0.187795,0.606332
-0.922815,0.206350,0.489165
-0.858770,0.230292,0.299126
-0.811036,0.197222,0.179715
-0.729334,0.128838,0.087837
-0.588674,0.058957,0.162207
-0.475399,-0.004040,0.179116
-0.370054,-0.041899,0.096666
-0.278924,-0.080655,0.178218
-0.313790,-0.091877,0.203507
-0.416142,-0.021997,0.228646
-0.550966,0.066738,0.257526
-0.681300,0.189591,0.169090
-0.748936,0.252738,0.023194
-0.824653,0.287753,-0.110732
-0.864456,0.316484,-0.274735
-0.890194,0.288202,-0.369306
-0.909198,0.297031,-0.425569
-0.815675,0.332495,-0.562189
-0.755969,0.326809,-0.689380
-0.687734,0.294487,-0.872836
-0.617854,0.231789,-0.936731
-0.614711,0.254683,-0.986112
-0.546477,0.232836,-0.917279
-0.439635,0.216077,-0.865205
-0.403423,0.107290,-0.685041
-0.341024,0.118663,-0.489315
-0.255731,0.122404,-0.386813
-0.229843,0.193182,-0.260519
-0.249596,0.246902,-0.155623
-0.254982,0.187795,-0.038906
-0.272640,0.130334,0.105495
-0.343568,0.111779,0.258424
-0.464325,0.171784,0.475848
-0.470311,0.232537,0.482731
-0.428263,0.271143,0.605883
-0.323068,0.206350,0.620098
-0.231639,0.109984,0.574459
-0.184354,-0.013318,0.620996
-0.175226,-0.085293,0.534655
-0.033070,-0.147243,0.365714
0.121057,-0.178518,0.213533
0.256329,-0.248398,-0.062100
0.366163,-0.322020,-0.277727
0.392649,-0.359579,-0.374992
0.446219,-0.324564,-0.399383
0.424672,-0.311994,-0.256030
0.424073,-0.209044,-0.185700
0.405368,-0.175076,-0.099958
0.302268,-0.141408,0.104447
0.231938,-0.114622,0.127042
0.058359,-0.043545,0.080056
-0.052224,0.033070,0.142156
-0.244059,0.161758,0.048632
-0.435894,0.246603,0.023493
-0.536900,0.386813,-0.046088
-0.602740,0.540341,0.021099
-0.648529,0.702997,0.017508
-0.626233,0.786495,0.028431
-0.597653,0.816872,-0.082750
-0.479738,0.778415,-0.221464
-0.358981,0.841562,-0.309899
-0.224756,0.816273,-0.391302
-0.026486,0.749535,-0.483479
0.096367,0.628777,-0.491859
0.265906,0.586879,-0.458490
0.454599,0.532860,-0.370054
0.561440,0.511162,-0.274435
0.631171,0.496647,-0.226851
0.657508,0.513407,-0.199467
0.717213,0.475548,-0.202011
0.785448,0.454449,-0.199916
0.794127,0.466570,-0.156970
0.764648,0.509217,-0.058957
0.743100,0.529867,0.036661
0.695815,0.573112,0.014964
0.647931,0.610222,-0.077363
0.582240,0.712874,-0.149338
0.559794,0.793079,-0.119560
0.440383,0.944213,-0.059705
0.339079,1.006463,0.155623
0.191386,1.098789,0.219069
0.101754,1.168221,0.327856
0.116268,1.268927,0.385317
0.115670,1.301997,0.418836
0.156371,1.297208,0.390105
0.232686,1.259350,0.430657
0.295534,1.223736,0.467767
0.305111,1.211017,0.432004
0.279224,1.193510,0.434398
0.255880,1.234211,0.417639
0.170437,1.243040,0.503830
0.092626,1.222090,0.574608
0.005537,1.280599,0.641796
-0.093524,1.321001,0.566528
-0.165350,1.334468,0.575057
-0.087837,1.227926,0.711676
-0.117166,1.155801,0.741604
-0.106542,1.095198,0.711826
-0.087987,1.076343,0.658106
-0.096666,1.026813,0.475099
-0.015562,0.982221,0.324414
0.093224,0.930896,0.301819
0.064045,0.828693,0.206201
0.121356,0.722151,0.222960
0.172083,0.618452,0.231489
0.154576,0.612018,0.188394
0.129137,0.602291,0.233884
0.084246,0.654216,0.353594
0.022296,0.664690,0.525976
0.005088,0.599149,0.582240
-0.035763,0.579546,0.654216
-0.066888,0.586130,0.648230
-0.108787,0.565780,0.628029
-0.111181,0.630573,0.601842
-0.157868,0.557699,0.487070
-0.192733,0.493056,0.329203
-0.178518,0.489016,0.184653
-0.137068,0.443077,0.188394
-0.063446,0.439037,0.190938
-0.006584,0.318279,0.200664
0.064643,0.265457,0.127791
0.088436,0.187646,0.133926
0.185551,0.123301,0.172383
0.257676,0.074819,0.336535
0.283264,0.016759,0.473154
0.285957,-0.008978,0.502034
0.354641,-0.046238,0.535703
0.357933,-0.071527,0.667533
0.329652,-0.065092,0.551415
0.321571,-0.100108,0.492906
0.252439,-0.103549,0.390105
0.193033,-0.086042,0.386514
0.190788,-0.074370,0.335039
0.239271,-0.127342,0.378134
0.200365,-0.160561,0.405668
0.229394,-0.158466,0.373196
0.201113,-0.168791,0.345663
0.225803,-0.213383,0.254534
0.235679,-0.196773,0.177769
0.234332,-0.226102,0.162207
0.200814,-0.198419,0.077063
0.171335,-0.147094,0.003891
0.116418,-0.136619,-0.065541
0.072125,-0.118363,-0.168492
0.069731,-0.099359,-0.204405
0.134375,-0.078709,-0.218770
0.129885,-0.098162,-0.255880
0.051775,-0.103549,-0.225953
0.010026,-0.136320,-0.198419
0.010774,-0.121206,-0.084545
0.052523,-0.080655,0.021997
0.040552,-0.107290,0.037559
0.070030,-0.118513,-0.047285
0.047884,-0.154426,-0.034117
0.096816,-0.199018,-0.060454
0.080655,-0.208296,-0.004190
0.052972,-0.211737,0.038906
0.041300,-0.185700,0.117914
0.005088,-0.146794,0.199168
-0.068534,-0.165649,0.298527
-0.111630,-0.158317,0.313940
-0.230292,-0.082301,0.208595
-0.246303,-0.046687,0.188244
-0.311695,-0.032771,0.135572
-0.316334,-0.020500,0.149937
-0.353145,-0.013617,0.021847
-0.377985,0.029030,-0.096666
-0.365415,0.066589,-0.119261
-0.415394,0.101305,-0.188693
-0.433650,0.153678,-0.261716
-0.416741,0.150984,-0.313042
-0.463727,0.124349,-0.356138
-0.403872,0.051924,-0.358532
-0.316484,0.031274,-0.372897
-0.225354,0.043545,-0.366911
-0.125995,-0.026336,-0.358532
0.004489,-0.094571,-0.329951
0.072724,-0.143203,-0.276081
0.182558,-0.262913,-0.218770
0.256030,-0.312892,-0.219967
0.274435,-0.292990,-0.217723
0.172532,-0.178218,-0.154276
0.031125,-0.100108,-0.087388
-0.106991,0.118363,0.042946
-0.193930,0.200963,0.169839
-0.362123,0.337882,0.312144
-0.498144,0.398335,0.346860
-0.599299,0.446968,0.415095
-0.594959,0.443675,0.489165
-0.503381,0.455647,0.547823
-0.387561,0.398934,0.533458
-0.267552,0.288352,0.432902
-0.159214,0.175824,0.339528
-0.011073,0.077063,0.250942
0.165649,-0.030077,0.192284
0.253187,-0.109086,0.128838
0.387711,-0.185401,0.150386
0.397288,-0.260369,0.055815
0.406865,-0.309151,0.131083
0.422277,-0.263512,0.175226
0.427964,-0.248548,0.250643
0.368408,-0.194828,0.341473
0.296282,-0.206500,0.408511
0.227449,-0.150535,0.487519
0.112976,-0.057910,0.481384
0.023343,-0.008080,0.493355
-0.080954,0.018405,0.395193
-0.202160,0.098611,0.298377
-0.172233,0.149039,0.331896
-0.180014,0.121057,0.303166
-0.132878,0.090680,0.232537
-0.103400,0.059406,0.172682
-0.026187,0.039504,0.189441
0.088885,-0.049829,0.246902
0.212934,-0.122852,0.254085
0.290147,-0.178069,0.250493
0.351648,-0.216376,0.315286
0.391602,-0.208744,0.381127
0.443526,-0.202759,0.577452
0.432902,-0.277428,0.532111
0.444573,-0.249446,0.456694
0.370952,-0.202160,0.387412
0.268151,-0.177470,0.284611
0.179415,-0.064344,0.068085
0.073622,0.011971,0.026336
0.088137,0.048333,-0.092177
0.068534,0.058359,-0.144700
-0.036811,0.071527,-0.264260
-0.047585,0.070479,-0.336086
-0.062698,0.060454,-0.321721
-0.080206,0.050428,-0.255880
-0.044143,0.121805,-0.230741
0.007931,0.032471,-0.115820
0.035763,-0.027982,-0.066738
0.019004,0.021249,-0.023643
0.105345,0.010026,0.079458
0.213383,-0.033818,0.000449
0.279523,-0.110433,0.024391
0.342072,-0.135123,-0.040103
0.391452,-0.191985,0.064045
0.385466,-0.171934,0.068833
0.429909,-0.230741,0.091578
0.468665,-0.237475,0.162357
0.379032,-0.196175,0.170737
0.330699,-0.164601,0.110881
0.175974,-0.113126,0.053421
0.134375,-0.069731,-0.042347
0.089034,0.038008,-0.118812
0.037559,0.120009,-0.147543
0.047884,0.182708,-0.152331
0.033968,0.203956,-0.151134
0.041599,0.190638,-0.249296
0.102651,0.251990,-0.215777
0.178967,0.207697,-0.170288
0.271293,0.150087,-0.069731
0.352546,0.110582,-0.027982
0.462679,0.053720,0.004190
0.603040,-0.031723,0.110582
0.630573,-0.112527,0.182109
0.676661,-0.131382,0.243011
0.672471,-0.102651,0.385167
0.651522,-0.098013,0.486771
0.650924,-0.070928,0.625485
0.582240,-0.056563,0.639701
0.537798,-0.055815,0.673070
0.491410,0.031125,0.695815
0.379032,0.076016,0.598850
0.288202,0.156371,0.631171
0.251990,0.278924,0.573711
0.224008,0.295983,0.601394
0.248249,0.282366,0.541688
0.245705,0.250044,0.526275
0.290297,0.187496,0.423474
0.366313,0.153079,0.429610
0.483629,0.123601,0.386664
0.515352,0.081403,0.319776
0.533159,0.021997,0.304513
0.541838,0.027533,0.272340
0.505625,0.037709,0.315436
0.473603,0.082600,0.177919
0.448015,0.145747,0.216376
0.456395,0.196025,0.174627
0.471358,0.215329,0.202310
0.490662,0.257975,0.320973
0.556203,0.208146,0.321122
0.613065,0.185850,0.332046
0.683096,0.145148,0.307056
0.741005,0.108188,0.353893
0.803704,0.044442,0.388908
0.834230,0.003741,0.373495
0.860117,-0.033668,0.325761
0.917428,-0.069432,0.254085
0.918027,-0.164901,0.199168
0.901866,-0.156671,0.200514
0.839168,-0.118064,0.198270
0.776769,-0.027234,0.348057
0.748936,-0.010924,0.399832
0.670825,-0.031574,0.413149
0.669030,-0.058209,0.492457
0.676212,-0.053870,0.523881
0.780959,-0.035763,0.492008
0.801459,-0.038906,0.360776
0.746392,-0.023194,0.318279
0.757166,0.030825,0.183456
0.740407,0.099210,-0.013467
0.697162,0.187197,-0.282217
0.743400,0.205752,-0.361824
0.769137,0.202460,-0.402076
0.795025,0.235380,-0.475848
0.856675,0.171185,-0.399981
0.904110,0.155922,-0.337582
0.919822,0.140809,-0.289399
0.964863,0.018705,-0.237774
0.951546,0.028282,-0.192284
0.919673,0.027234,-0.111929
0.821959,0.019902,0.028282
0.789937,0.034866,0.144550
0.741005,0.033668,0.190040
0.714370,-0.027833,0.232088
0.764648,-0.094721,0.204704
0.748637,-0.145148,0.227599
0.690578,-0.193033,0.275632
0.668880,-0.134375,0.402675
0.616507,-0.110133,0.376488
0.627580,-0.109086,0.436643
0.590769,-0.161609,0.332644
0.594959,-0.165499,0.311396
0.660051,-0.206799,0.358382
0.643591,-0.208894,0.581192
0.708983,-0.205752,0.587627
0.723647,-0.204555,0.444274
0.702997,-0.226551,0.229245
0.658256,-0.195277,0.061052
0.595408,-0.116268,-0.197073
0.520589,-0.050428,-0.420332
0.465373,0.009876,-0.583886
0.340276,0.097564,-0.652869
0.174777,0.158915,-0.714969
0.103549,0.226252,-0.654814
0.059107,0.242263,-0.525527
0.087837,0.146645,-0.326809
0.125845,0.099808,-0.082750
0.163704,0.068235,0.099060
0.171335,0.001496,0.205452
0.165649,-0.010026,0.259172
0.166996,-0.010924,0.256628
0.200365,-0.017208,0.247052
0.256329,0.017657,0.273388
0.325163,-0.066439,0.227898
0.360327,-0.014964,0.259172
0.361824,0.032172,0.222212
0.384868,0.063895,0.140959
0.368258,0.039804,-0.086191
0.331896,0.092925,-0.251092
0.265158,0.129885,-0.279673
0.303016,0.139462,-0.299724
0.368408,0.100108,-0.205004
0.393996,0.106841,-0.152181
0.442179,0.068684,-0.173580
0.521188,-0.013168,-0.120758
0.571167,-0.009427,-0.113425
0.603189,0.003591,-0.065541
0.628927,0.086491,-0.054618
0.600795,0.125247,-0.000599
0.599897,0.248997,-0.032621
0.602291,0.349404,0.014365
0.642544,0.381127,-0.165948
0.734721,0.413299,-0.298377
0.814029,0.289998,-0.465523
0.811634,0.263213,-0.614711
0.824503,0.202909,-0.708983
0.851288,0.139612,-0.702848
0.829441,0.141108,-0.661997
0.813131,0.168043,-0.579546
0.802656,0.161758,-0.299574
0.725144,0.048632,-0.010026
0.702100,-0.055516,0.293589
0.650475,-0.186897,0.551714
0.592864,-0.268450,0.710479
0.593163,-0.287155,0.843058
0.599748,-0.326360,0.999430
0.579098,-0.321422,1.101033
0.505925,-0.275632,1.126023
0.418985,-0.322918,1.075595
0.388759,-0.265906,1.023072
0.355389,-0.296881,0.921618
0.407014,-0.368857,0.836774
0.448913,-0.363919,0.754622
0.466121,-0.412850,0.617255
0.349254,-0.441132,0.463428
0.212485,-0.378733,0.382474
0.175375,-0.358831,0.281169
0.057610,-0.401777,0.171634
0.046837,-0.394594,0.211588
0.051475,-0.320524,0.299574
0.073622,-0.324564,0.363619
0.043694,-0.376787,0.282815
0.030676,-0.436044,0.266804
0.068983,-0.546327,0.135871
0.142754,-0.596156,0.052822
0.101604,-0.671424,-0.079308
0.073023,-0.676961,-0.244807
0.133626,-0.713023,-0.257077
0.156521,-0.696264,-0.335188
0.176722,-0.786645,-0.507720
0.081403,-0.856975,-0.424372
0.037260,-0.804901,-0.191237
-0.089633,-0.732626,-0.022895
-0.185850,-0.725593,0.019902
-0.262165,-0.654066,0.054318
-0.338181,-0.690129,0.037409
-0.374393,-0.651971,-0.029778
-0.418985,-0.672471,-0.059855
-0.438588,-0.689680,-0.057610
-0.509366,-0.729334,-0.061351
-0.584485,-0.698359,0.041450
-0.666187,-0.641646,0.085443
-0.677409,-0.679055,0.086491
-0.728286,-0.699257,-0.026336
-0.855329,-0.565929,-0.093673
-1.047164,-0.447566,-0.005537
-1.141885,-0.341174,0.053870
-1.199944,-0.292542,0.019752
-1.212663,-0.180014,-0.179415
-1.386841,-0.156671,-0.352247
-1.454178,-0.057162,-0.616058
-1.414973,0.035015,-0.814029
-1.367688,0.147094,-1.058686
-1.321599,0.142006,-1.524658
-1.285686,0.069581,-2.109441
-1.216105,0.015712,-2.539949
-1.133355,-0.035464,-2.533963
-1.006911,-0.078111,-2.243517
-0.880019,-0.150984,-1.640926
-0.785298,-0.192883,-1.062577
-0.739359,-0.288202,-0.504877
-0.699257,-0.305261,0.246752
-0.621295,-0.447267,1.121683
-0.509067,-0.454749,1.822137
-0.503979,-0.450858,2.490419
-0.490512,-0.516100,2.929156
-0.619949,-0.438438,3.252224
-0.686986,-0.379631,3.471443
-0.781557,-0.333542,3.480122
-0.926107,-0.240019,3.347842
-1.062128,-0.075567,3.051709
-1.274613,0.087688,2.602497
-1.481412,0.259472,2.148347
-1.687912,0.447416,1.740884
-1.795801,0.537349,1.266233
-1.905186,0.629226,0.882263
-1.897255,0.620248,0.507870
-1.919850,0.633266,0.086640
-1.847426,0.619500,-0.234183
-1.810465,0.576404,-0.569670
-1.788169,0.484377,-0.895731
-1.752256,0.472406,-1.007809
-1.653795,0.499939,-0.923863
-1.500267,0.471209,-0.471508
-1.437868,0.399682,-0.071976
-1.449540,0.271592,0.104597
-1.445799,0.105495,0.250044
-1.467646,0.083199,0.367959
-1.472434,0.048034,0.604386
-1.423503,0.097414,0.839617
-1.432181,0.102202,1.000627
-1.450737,0.124798,1.025317
-1.505354,0.037709,1.039383
-1.577031,0.037709,1.040281
-1.621623,0.082600,1.005265
-1.624017,0.130933,1.045967
-1.618780,0.182708,1.073500
-1.664419,0.182408,1.133505
-1.629105,0.157269,1.133654
-1.584962,0.054019,1.050306
-1.450437,0.021697,0.812831
-1.293916,-0.042198,0.464176
-1.161637,-0.112976,0.153977
-0.948403,-0.156820,-0.208744
-0.832584,-0.159663,-0.499490
-0.690428,-0.176123,-0.735170
-0.549469,-0.272191,-0.776918
-0.455946,-0.228497,-0.795773
-0.414197,-0.216226,-0.752528
-0.348656,-0.163404,-0.625336
-0.311994,-0.073023,-0.422726
-0.395791,-0.044891,-0.202310
-0.479140,0.055067,-0.072724
-0.603788,0.069432,0.079458
-0.805499,0.163255,0.067636
-1.059734,0.261118,0.122852
-1.229123,0.458789,0.051026
-1.463605,0.628927,-0.070030
-1.745972,0.708983,-0.217573
-2.056021,0.913687,-0.292242
-2.316689,1.051055,-0.283414
-2.434454,1.156100,-0.216077
-2.479196,1.158045,-0.325911
-2.472612,1.174655,-0.384569
-2.380435,1.074398,-0.391751
-2.265513,1.029956,-0.444424
-2.110189,0.898275,-0.432453
-1.980753,0.769437,-0.483928
-1.775151,0.654365,-0.477943
-1.552191,0.538546,-0.455048
-1.348085,0.380229,-0.447716
-1.107169,0.266953,-0.349404
-0.859369,0.139762,-0.246154
-0.689680,-0.012570,-0.061651
-0.604835,-0.122104,0.020201
-0.588974,-0.144700,0.221613
-0.558597,-0.195876,0.386065
-0.598550,-0.214281,0.499191
-0.682946,-0.186598,0.577452
-0.797120,-0.074370,0.803105
-0.964414,0.055516,0.991798
-1.134403,0.179116,1.139640
-1.272817,0.292242,1.013496
-1.307234,0.272939,0.825251
-1.190816,0.269647,0.486173
-0.987459,0.181062,0.161609
-0.836923,0.175375,-0.160412
-0.701950,0.102951,-0.384419
-0.575506,0.108787,-0.573561
-0.423026,0.070629,-0.680253
-0.302717,-0.004190,-0.743849
-0.182259,-0.057311,-0.706888
-0.087987,-0.076315,-0.552612
-0.013767,-0.142904,-0.528969
0.066589,-0.145897,-0.415544
0.023493,-0.165050,-0.279373
0.048183,-0.125845,-0.084545
0.044742,-0.163255,0.237176
-0.024690,-0.077812,0.669179
-0.146794,-0.032920,0.959776
-0.327557,-0.004938,1.100884
-0.488567,0.095170,1.178396
-0.614113,0.174627,1.218948
-0.657508,0.217274,1.226131
-0.636858,0.266654,1.215207
-0.563834,0.254384,1.227178
-0.416741,0.173879,1.089362
-0.264559,0.120159,0.906205
-0.131232,0.005237,0.654814
-0.033369,-0.097414,0.398635
0.081702,-0.144550,0.210690
0.180463,-0.127342,0.051625
0.270096,-0.195277,-0.105195
0.330400,-0.219219,-0.268001
0.264110,-0.210839,-0.416441
0.232387,-0.203507,-0.527772
0.239570,-0.163704,-0.451157
0.183156,-0.184354,-0.497844
0.081104,-0.110881,-0.374543
-0.015562,-0.046537,-0.302717
-0.056713,0.006285,-0.161609
-0.153379,0.077063,0.098162
-0.251242,0.036960,0.319626
-0.302118,0.094272,0.363919
-0.365116,0.165499,0.402376
-0.273089,0.195576,0.481534
-0.271293,0.138116,0.498443
-0.322319,0.065242,0.406416
-0.405668,0.047285,0.243909
-0.456993,0.013318,0.244209
-0.328604,0.001347,0.114024
-0.128389,0.017059,-0.107141
0.052822,-0.026336,-0.225354
0.056114,-0.069881,-0.373346
-0.067187,-0.037709,-0.487968
-0.081702,-0.053570,-0.602591
0.006135,-0.149937,-0.718560
0.074220,-0.196923,-0.778265
0.060903,-0.180762,-0.810437
0.081552,-0.114024,-0.804452
-0.004639,-0.111779,-0.711228
0.018705,-0.011821,-0.571167
-0.093075,0.057610,-0.527024
-0.128090,0.074220,-0.365565
-0.110881,0.086790,-0.262614
-0.178967,0.114473,-0.186149
-0.184354,0.131083,-0.033070
-0.126593,0.108787,0.138116
-0.004040,0.062997,0.409708
0.146495,-0.040402,0.423923
0.204255,-0.171335,0.469264
0.305560,-0.208296,0.417489
0.520140,-0.152930,0.431555
0.684442,-0.205153,0.531962
0.738013,-0.235081,0.622642
0.841113,-0.262764,0.679804
0.819116,-0.226102,0.843507
0.814926,-0.229544,0.909048
0.653916,-0.176273,0.828693
0.567725,-0.111480,0.766294
0.458041,-0.063297,0.671723
0.417788,0.030526,0.505326
0.412551,0.056713,0.370054
0.398335,0.129885,0.231340
0.408511,0.177021,0.099808
0.400879,0.167444,0.005537
0.312294,0.182109,-0.017059
0.252289,0.232986,-0.014515
0.165649,0.292990,-0.003442
0.131980,0.306757,-0.089334
0.124498,0.333692,-0.212485
0.206500,0.342969,-0.244508
0.267702,0.323068,-0.240617
0.280870,0.291195,-0.147094
0.312593,0.273687,-0.107440
0.394894,0.215329,-0.118064
0.470461,0.151284,-0.103699
0.554856,0.073622,-0.229245
0.538995,0.084096,-0.281768
0.558148,0.043096,-0.369156
0.510264,0.012270,-0.427664
0.488716,0.068534,-0.307954
0.477943,0.073472,-0.244358
0.382324,0.073622,-0.160412
0.214880,0.092925,-0.083797
-0.001496,0.174029,0.049231
-0.135871,0.328006,0.210989
-0.237625,0.434398,0.600196
-0.231340,0.477643,0.781108
-0.243311,0.409259,0.776619
-0.201861,0.325611,0.675015
-0.121955,0.295983,0.579546
-0.098910,0.212186,0.504279
0.032022,0.169539,0.397886
0.157568,0.163704,0.320224
0.268450,0.125247,0.251990
0.352097,0.074819,0.137218
0.371999,0.045490,0.137218
0.501286,-0.057760,0.150386
0.533159,-0.065990,0.250793
0.506972,-0.082600,0.345364
0.430058,-0.008978,0.366762
0.297928,-0.000748,0.357185
0.137367,0.099210,0.275632
-0.019004,0.217124,0.288801
-0.065990,0.289249,0.405967
-0.084845,0.299574,0.384419
-0.175226,0.313940,0.285060
-0.272789,0.277129,0.262315
-0.311994,0.329652,0.155922
-0.276081,0.317082,0.066289
-0.212036,0.317082,0.000748
-0.345812,0.347608,-0.129437
-0.480786,0.386813,-0.094272
-0.538546,0.406416,-0.081852
-0.477045,0.374693,0.019303
-0.211438,0.262165,-0.012420
0.039804,0.176423,0.011073
0.146794,0.042347,-0.186897
0.322319,-0.083199,-0.243610
0.488268,-0.172682,-0.275184
0.621295,-0.240019,-0.383372
0.626084,-0.269048,-0.382773
0.622343,-0.266654,-0.426467
0.631620,-0.300023,-0.460585
0.582390,-0.231789,-0.383521
0.433799,-0.165350,-0.308852
0.363919,-0.125247,0.066289
0.439635,-0.104896,0.514454
0.432752,-0.112677,0.840514
0.494103,-0.249596,1.153556
0.552911,-0.287454,1.370830
0.577452,-0.312743,1.410933
0.602591,-0.359579,1.401955
0.653019,-0.293290,1.284190
0.761805,-0.313940,1.011999
0.851438,-0.371101,0.822259
0.834230,-0.390405,0.594361
0.776619,-0.339827,0.284910
0.695516,-0.266953,-0.008978
0.611868,-0.187646,-0.221464
0.501885,-0.111480,-0.197073
0.459687,-0.003891,-0.096067
0.396540,0.039804,0.021548
0.394295,-0.013168,0.127192
0.421529,-0.027384,0.189591
0.462380,-0.048931,0.195576
0.550217,-0.076166,0.218172
0.611270,-0.167744,0.056264
0.631471,-0.246154,0.004489
0.652420,-0.216376,-0.013916
0.548123,-0.156521,-0.036960
0.399532,-0.085593,-0.091129
0.267851,0.061202,-0.103250
0.175076,0.161160,-0.073472
0.186448,0.207847,-0.072125
0.177620,0.219369,0.023643
0.169689,0.157718,-0.082750
0.201861,0.088885,-0.110133
0.180762,0.062848,-0.219967
0.131831,0.085293,-0.136021
0.077363,0.131681,-0.032920
0.055516,0.107141,0.152930
0.019154,0.100108,0.228646
0.011223,0.082600,0.283863
0.074370,0.038906,0.360776
0.146046,0.002693,0.408810
0.283264,-0.072125,0.462679
0.332195,-0.087987,0.416142
0.412401,-0.133177,0.381426
0.367211,-0.103250,0.325312
0.230592,-0.067038,0.324414
0.071976,0.033369,0.289998
-0.096217,0.120608,0.129885
-0.133776,0.185700,-0.015562
-0.124648,0.217274,-0.091728
-0.115520,0.242862,-0.090082
-0.081253,0.175824,-0.141108
-0.042497,0.120009,-0.125247
0.063446,0.054318,-0.092626
0.219369,0.012420,-0.105644
0.292841,-0.025289,-0.094721
0.371101,-0.121955,-0.083947
0.337732,-0.113575,-0.225354
0.348207,-0.154875,-0.303166
0.321721,-0.155473,-0.301071
0.300323,-0.112677,-0.207847
0.192135,-0.098162,-0.019004
0.109834,-0.035165,0.019154
0.035464,0.018854,0.051176
-0.107141,0.052224,0.058209
-0.084545,0.030526,0.077213
-0.167594,0.058508,0.116717
-0.255880,0.065691,0.083199
-0.207547,0.075417,0.082001
-0.191386,0.082600,0.040103
-0.159663,0.110433,-0.013617
-0.119560,0.056713,0.024840
-0.117615,-0.009876,0.048931
-0.056264,-0.058209,0.025139
-0.034267,-0.093673,0.111330
-0.004339,-0.068534,0.150835
-0.003142,-0.059406,0.182109
0.011073,-0.082301,0.143802
0.035015,-0.101903,0.153379
0.080655,-0.110283,0.195427
0.049231,-0.077213,0.203956
0.062249,-0.035913,0.225504
0.065990,-0.042946,0.252139
0.066140,-0.070330,0.179266
0.097115,-0.099808,0.142305
0.084845,-0.064045,0.087388
0.097414,-0.078260,0.002544
0.135572,-0.108188,-0.023643
0.162506,-0.055815,-0.088137
0.098312,-0.044442,-0.181510
0.060603,0.004040,-0.174178
0.019303,0.077063,-0.117914
-0.022745,0.111181,-0.069881
-0.053870,0.105644,-0.045939
-0.107141,0.081852,-0.151284
-0.029030,0.052822,-0.197971
-0.001945,0.030077,-0.178817
0.034117,0.016909,-0.181211
0.098013,0.041450,-0.152481
0.124199,-0.022595,-0.126294
0.148291,-0.083049,-0.054468
0.155174,-0.129736,-0.037858
0.175076,-0.056413,0.002843
0.210989,0.013916,0.061501
0.272789,0.045490,0.092775
0.271143,-0.040103,0.102352
0.211139,-0.112228,0.019902
0.181062,-0.153827,0.015113
0.158017,-0.065242,-0.001496
0.081253,0.003142,0.046537
0.007183,0.040552,0.076465
-0.110732,0.120907,0.120907
-0.250643,0.190040,0.129437
-0.266355,0.245256,0.203806
-0.307356,0.253935,0.121506
-0.298228,0.231040,0.042647
-0.236876,0.163105,-0.025289
-0.132878,0.152331,-0.044293
-0.041300,0.127192,-0.090830
0.051026,0.046537,-0.108637
0.081702,0.040103,-0.158765
0.076315,0.017208,-0.125247
0.049680,0.032920,-0.091728
0.108787,0.038307,-0.003292
0.111181,0.080505,0.056563
0.101305,0.029179,0.056413
0.067636,0.011522,0.058658
0.091429,0.040701,0.167444
0.023942,0.082600,0.115820
-0.005986,0.092775,0.075118
-0.075567,0.149488,0.108637
-0.050129,0.171485,0.090680
-0.052822,0.176423,0.132579
0.027234,0.122104,0.174477
0.013168,0.109984,0.328903
-0.010475,0.061800,0.448763
0.087388,0.045340,0.432153
0.161459,-0.000449,0.488417
0.238223,-0.022745,0.462380
0.270994,-0.098761,0.341623
0.368557,-0.211737,0.269797
0.429011,-0.267851,0.146645
0.451457,-0.260369,0.091578
0.419883,-0.257826,0.063895
0.391452,-0.209493,-0.029479
0.257077,-0.138116,-0.093075
0.207697,-0.142754,-0.072874
0.182558,-0.090980,-0.021548
0.125247,-0.064045,-0.062399
0.098162,-0.059855,-0.110582
0.017508,0.027982,0.007781
-0.060005,0.094272,0.053121
-0.103998,0.129885,0.078260
-0.124798,0.101754,0.056563
-0.100257,0.118962,-0.067935
-0.089783,0.068684,-0.076315
-0.005088,0.064195,-0.070479
0.122703,0.033968,-0.088436
0.198868,-0.035464,-0.101754
0.267851,-0.123152,-0.086341
0.339079,-0.160711,-0.054169
0.355539,-0.165350,0.052074
0.411354,-0.167594,0.141707
0.447716,-0.215927,0.238373
0.489764,-0.257975,0.210540
0.471957,-0.256329,0.217423
0.445621,-0.291494,0.214730
0.394295,-0.292841,0.207248
0.368408,-0.208744,0.214281
0.324714,-0.177321,0.268001
0.274286,-0.081104,0.348207
0.171485,-0.026037,0.311097
0.109684,-0.017208,0.192584
0.055516,-0.023643,0.131681
0.058658,0.033818,0.162955
0.078260,0.081253,0.117615
0.022745,0.077961,0.090231
0.036512,0.026187,0.042497
0.005986,0.034417,0.047435
0.087538,0.027982,0.010475
0.093524,0.017957,-0.039804
0.091877,0.055067,0.001047
0.095020,0.066140,-0.068384
0.087388,0.064195,-0.125696
0.040552,0.113126,-0.120758
0.021847,0.104597,-0.141108
-0.027084,0.149189,-0.067935
-0.054318,0.157419,-0.115670
-0.046687,0.101604,-0.138265
-0.103250,0.143802,-0.038756
-0.050278,0.153678,-0.056563
0.046088,0.127491,-0.009726
0.105345,0.110582,0.074071
0.144400,0.079158,0.001047
0.134973,0.015413,0.056114
0.192733,-0.024092,0.066738
0.251840,-0.036362,0.025887
0.294487,-0.048632,-0.059406
0.291195,-0.048183,-0.055964
0.191686,0.008080,-0.234632
0.172682,0.028282,-0.231190
0.024840,0.107889,-0.203806
-0.109235,0.238373,-0.150087
-0.198569,0.273986,-0.111779
-0.212485,0.344915,0.030676
-0.306009,0.355090,0.144550
-0.306607,0.309750,0.250194
-0.288950,0.266804,0.287603
-0.317681,0.224756,0.249596
-0.225205,0.129137,0.282217
-0.145597,0.092177,0.245406
-0.112527,0.023343,0.196474
-0.016161,-0.034117,0.011223
0.089633,-0.092326,-0.222062
0.128539,-0.158466,-0.298677
0.155623,-0.205004,-0.362273
0.232686,-0.206500,-0.375590
0.252588,-0.296881,-0.441730
0.215777,-0.314987,-0.402824
0.210540,-0.297031,-0.386664
0.194379,-0.277129,-0.192135
0.170737,-0.241216,-0.046687
0.157269,-0.217872,0.047136
0.094721,-0.260519,0.098013
-0.037858,-0.225504,0.201562
-0.117316,-0.130634,0.351798
-0.130783,-0.058658,0.490213
-0.148740,-0.038457,0.517596
-0.191237,-0.021697,0.401178
-0.200514,-0.000748,0.281468
-0.142156,0.013617,0.186897
-0.126144,-0.048931,0.112677
-0.057760,-0.052972,-0.029628
0.033818,-0.028431,-0.099958
0.078410,-0.043844,-0.287603
0.082450,-0.034566,-0.322020
0.104148,-0.033968,-0.346860
0.114922,-0.009278,-0.308253
0.087089,-0.004639,-0.240917
0.058359,-0.023643,-0.158017
0.053421,-0.028730,0.032471
0.020351,-0.029778,0.108038
0.002095,-0.019902,0.122553
-0.006285,-0.015413,0.198120
-0.011073,-0.046388,0.156222
0.006883,0.004938,0.062997
-0.024690,-0.017208,-0.021847
-0.052074,-0.019902,-0.087688
-0.009427,-0.016310,-0.081552
-0.041300,0.001796,-0.149787
-0.066888,0.018854,-0.176123
-0.102651,0.061052,-0.269497
-0.196773,0.091578,-0.263362
-0.174926,0.101754,-0.142455
-0.238971,0.132429,0.044293
-0.241964,0.124648,0.171335
-0.209493,0.128988,0.165499
-0.248847,0.168791,0.283264
-0.232686,0.126444,0.269198
-0.227449,0.149787,0.373795
-0.163404,0.082899,0.300023
-0.139911,0.075567,0.110133
-0.041300,0.051625,-0.090531
-0.013467,0.105943,-0.195427
0.025289,0.135123,-0.311097
0.046238,0.114024,-0.412551
0.052074,0.154127,-0.496198
0.055366,0.131083,-0.514005
0.087987,0.118962,-0.421828
0.064643,0.131232,-0.322768
0.116717,0.131831,-0.343269
0.150087,0.074520,-0.301669
0.205752,0.026935,-0.171485
0.239420,0.001197,-0.009128
0.271443,-0.034866,0.102951
0.224756,-0.035913,0.286855
0.233884,-0.033668,0.512509
0.249446,-0.100257,0.579098
0.272191,-0.092925,0.722151
0.250643,-0.108637,0.762404
0.301819,-0.084246,0.805050
0.285808,-0.128239,0.782006
0.313640,-0.162207,0.670227
0.315885,-0.185102,0.754772
0.366462,-0.247800,0.853533
0.371849,-0.200514,0.897377
0.374094,-0.177021,1.002273
0.367061,-0.194978,0.981473
0.374693,-0.171335,1.038485
0.326360,-0.224307,0.965013
0.340276,-0.192284,0.970550
0.271293,-0.203806,0.862511
0.121206,-0.162506,0.821510
-0.027234,-0.088137,0.684891
-0.091429,-0.001796,0.632069
-0.184503,0.091129,0.538546
-0.215478,0.125247,0.531363
-0.236727,0.100257,0.508469
-0.210390,0.092027,0.467767
-0.116418,0.074071,0.460585
-0.079009,0.088885,0.427215
0.018854,0.107290,0.483778
0.018256,0.062848,0.461183
0.019603,0.070779,0.408810
0.021398,0.056114,0.272789
-0.002993,0.054169,0.109235
-0.089184,0.078111,-0.079458
-0.185401,0.123451,-0.225055
-0.213084,0.177321,-0.327706
-0.240617,0.215777,-0.414795
-0.303914,0.203058,-0.300772
-0.362572,0.218172,-0.253935
-0.413149,0.269348,-0.165350
-0.437989,0.292093,0.023792
-0.459836,0.269198,0.113575
-0.446968,0.284012,0.185251
-0.492158,0.274735,0.164901
-0.475099,0.280720,0.164901
-0.438438,0.288651,0.163704
-0.341623,0.280870,0.038158
-0.289698,0.252439,-0.089783
-0.250793,0.226551,-0.179565
-0.196325,0.168193,-0.228497
-0.160711,0.152780,-0.297928
-0.094571,0.147094,-0.327706
-0.070629,0.155922,-0.333692
-0.105046,0.147692,-0.331148
-0.151134,0.117017,-0.291644
-0.227000,0.114772,-0.108637
-0.255431,0.116717,0.036063
-0.310947,0.125696,0.219219
-0.330849,0.093673,0.289549
-0.326060,0.115371,0.431854
-0.311246,0.061651,0.490362
-0.267402,-0.008679,0.506972
-0.241216,-0.004788,0.494852
-0.195726,-0.074220,0.546177
-0.166547,-0.108038,0.458789
-0.143951,-0.090830,0.396540
-0.114772,-0.119710,0.340276
-0.125396,-0.066888,0.284162
-0.094571,-0.000299,0.255431
-0.127042,0.031424,0.107141
-0.101005,0.041450,-0.042198
-0.083348,0.067038,-0.261118
-0.063147,0.055516,-0.366313
-0.024690,0.053870,-0.599598
0.030825,0.012420,-0.725293
0.135871,0.010325,-0.752827
0.181959,0.000000,-0.615310
0.252289,-0.067786,-0.457442
0.317082,-0.121506,-0.241066
0.360327,-0.182408,-0.039205
0.366612,-0.196175,0.100556
0.382324,-0.212036,0.195876
0.392948,-0.230292,0.382324
0.418387,-0.234033,0.475399
0.452504,-0.297480,0.549469
0.438887,-0.312593,0.439037
0.394594,-0.304662,0.363619
0.327557,-0.263661,0.317980
0.244807,-0.226252,0.317830
0.223259,-0.170886,0.342969
0.173280,-0.099659,0.347608
0.144849,-0.095469,0.256628
0.084545,-0.084096,0.249446
0.094870,-0.146046,0.201562
0.083348,-0.134375,0.153827
0.169390,-0.130783,0.109535
0.244059,-0.156371,-0.014964
0.295385,-0.133028,-0.078260
0.275932,-0.159364,-0.112976
0.331597,-0.161309,-0.165499
0.303465,-0.189591,-0.176273
0.331447,-0.178667,-0.139163
0.348356,-0.170138,-0.074520
0.387861,-0.190638,-0.037409
0.372598,-0.171185,-0.015862
0.359729,-0.149638,-0.025588
0.333093,-0.176872,-0.011223
0.226102,-0.102801,0.045041
0.161758,-0.047285,0.115670
0.132729,-0.004339,0.200814
0.089783,-0.047435,0.194828
0.069581,-0.078859,0.168492
0.025289,-0.118812,0.115820
0.042796,-0.100556,0.113575
0.064494,-0.074669,0.099359
0.085742,-0.069282,0.062249
0.098013,-0.056114,0.158167
0.062399,-0.056413,0.186897
0.118214,-0.071826,0.212186
0.119860,-0.140659,0.197821
0.109235,-0.070180,0.229095
0.178518,-0.107141,0.176572
0.213234,-0.095618,0.085742
0.249446,-0.108038,0.061950
0.203058,-0.046238,-0.083947
0.203208,-0.048483,-0.161609
0.168791,-0.026785,-0.328903
0.205901,0.021099,-0.344316
0.114323,0.058808,-0.226851
0.087538,0.121655,-0.147692
-0.010026,0.159364,-0.026635
-0.126893,0.188394,0.038008
-0.188244,0.225354,0.191386
-0.223259,0.223708,0.233435
-0.210989,0.261567,0.312593
-0.237774,0.248548,0.251541
-0.244957,0.231340,0.210839
-0.226851,0.178817,0.156970
-0.155025,0.183456,0.184503
-0.116418,0.179565,0.139013
-0.085892,0.138564,0.131681
-0.065541,0.125995,0.138714
-0.022895,0.100108,0.230592
0.001197,0.104746,0.233884
0.007183,0.084246,0.342520
-0.001347,0.094870,0.433201
-0.020500,0.079308,0.517896
-0.072874,0.097863,0.637307
-0.120009,0.159214,0.677858
-0.197821,0.178368,0.817919
-0.218022,0.181361,0.787992
-0.247351,0.188992,0.731728
-0.320524,0.224905,0.683994
-0.322918,0.285359,0.526425
-0.343867,0.306458,0.398635
-0.370203,0.335039,0.171634
-0.330400,0.316633,0.077512
-0.287155,0.291344,-0.016759
-0.301071,0.298677,-0.150386
-0.260070,0.273089,-0.260070
-0.238373,0.295235,-0.362722
-0.214880,0.331148,-0.404171
-0.161609,0.312443,-0.492457
-0.150835,0.331447,-0.474052
-0.164751,0.246154,-0.509815
-0.107889,0.272191,-0.468815
-0.118962,0.226102,-0.433949
-0.089184,0.177769,-0.408810
-0.124798,0.178218,-0.291494
-0.086640,0.179415,-0.184952
-0.026187,0.098312,-0.009128
-0.061950,0.117466,-0.017657
-0.080056,0.128539,0.092326
-0.118812,0.136021,0.143502
-0.163853,0.108936,0.235380
-0.192584,0.111630,0.202909
-0.208445,0.102801,0.239719
-0.173280,0.073771,0.386664
-0.127940,0.034866,0.424821
-0.133177,0.041599,0.454599
-0.031424,-0.026037,0.419733
0.007931,-0.052523,0.391003
0.020949,-0.040701,0.378882
0.118513,-0.055815,0.198120
0.170437,-0.072574,0.199317
0.162806,-0.061351,0.104896
0.220865,-0.052224,0.088286
0.218321,-0.058658,0.082301
0.187496,-0.045939,0.066738
0.139013,-0.027833,0.002095
0.127791,0.069731,0.055964
0.051026,0.083199,0.102502
0.067187,0.094571,0.108338
0.010175,0.078859,0.265008
0.005088,0.067038,0.351050
-0.033968,0.093673,0.374842
-0.061351,0.059107,0.390255
-0.045041,0.060603,0.398635
-0.021847,0.039504,0.432004
-0.004639,0.026785,0.467917
0.100856,0.021099,0.560094
0.145148,-0.027084,0.538546
0.295235,-0.174477,0.540940
0.364816,-0.227449,0.488268
0.423474,-0.274136,0.404620
0.512958,-0.344466,0.237176
0.570119,-0.369006,0.215628
0.585382,-0.366313,0.184653
0.577003,-0.385616,0.161908
0.549769,-0.365864,0.124947
0.478840,-0.417339,0.087837
0.410905,-0.314389,0.103400
0.266056,-0.217274,0.168043
0.211438,-0.168043,0.186000
0.160711,-0.079158,0.212485
0.105644,-0.088137,0.247351
0.102951,-0.037858,0.180613
0.110881,-0.095469,0.129287
0.181660,-0.083797,-0.040402
0.268300,-0.088585,-0.107141
0.377985,-0.178368,-0.232686
0.478691,-0.222361,-0.261118
0.546477,-0.260220,-0.353294
0.578050,-0.296881,-0.438139
0.562338,-0.241365,-0.345962
0.506374,-0.221164,-0.233435
0.429759,-0.201711,-0.162806
0.338480,-0.186748,-0.101903
0.267253,-0.123900,-0.055216
0.096816,-0.060154,-0.089932
0.049231,0.005537,0.048931
-0.032920,-0.040253,-0.020500
-0.065841,-0.058059,-0.007332
-0.104746,-0.080355,-0.068534
-0.043694,-0.095918,-0.161908
-0.054169,-0.092775,-0.110433
0.003442,-0.067786,-0.160860
0.035763,-0.088585,-0.139313
0.042946,-0.074669,-0.214730
-0.011372,-0.023643,-0.163404
-0.035165,-0.015263,-0.231789
-0.128389,0.011223,-0.228347
-0.219069,0.079158,-0.105195
-0.292990,0.154576,0.041899
-0.338630,0.150685,0.125546
-0.339528,0.194529,0.215179
-0.350900,0.142006,0.261866
-0.319476,0.152780,0.211588
-0.255132,0.104896,0.094272
-0.177470,0.076166,0.062100
-0.132729,0.066888,0.063297
-0.123601,0.047884,0.064494
-0.055964,0.027833,0.094421
-0.130185,0.047884,0.142305
-0.107290,0.093374,0.056114
-0.127192,0.083647,0.017657
-0.164302,0.123451,-0.039654
-0.188843,0.178069,-0.135572
-0.234781,0.197971,-0.273238
-0.297180,0.177021,-0.263811
-0.319626,0.200664,-0.273538
-0.411653,0.265158,-0.254534
-0.432303,0.285509,-0.252289
-0.467318,0.235230,-0.278924
-0.543933,0.241066,-0.162955
-0.581941,0.263362,0.000748
-0.598401,0.271143,0.195576
-0.542586,0.278326,0.306607
-0.535254,0.248398,0.398635
-0.501436,0.159514,0.445172
-0.482132,0.153079,0.569521
-0.456993,0.078560,0.489165
-0.452354,0.105046,0.552462
-0.391452,0.047585,0.591817
-0.316035,0.046537,0.589423
-0.278924,0.053121,0.630124
-0.238223,0.034566,0.534356
-0.217573,0.038756,0.438588
-0.244508,0.097713,0.292691
-0.266056,0.100556,0.200514
-0.316783,0.174029,0.083199
-0.412850,0.168642,-0.079458
-0.402525,0.246603,-0.114173
-0.462380,0.333542,-0.174029
-0.467917,0.338031,-0.096217
-0.450409,0.300173,-0.089034
-0.407463,0.306159,-0.119112
-0.348506,0.239121,-0.085742
-0.213234,0.183456,-0.057162
-0.079158,0.082001,0.067187
0.103250,0.001496,0.211737
0.194679,-0.140210,0.249745
0.260519,-0.247052,0.363170
0.311545,-0.235978,0.377236
0.339528,-0.247052,0.458490
0.342371,-0.294188,0.519242
0.331747,-0.272340,0.497545
0.288950,-0.241216,0.495151
0.249596,-0.196025,0.341922
0.185401,-0.187197,0.258125
0.083498,-0.114173,0.034417
0.045490,-0.095319,-0.050428
-0.000150,-0.052074,-0.170138
-0.054618,-0.023493,-0.179715
-0.026037,-0.037709,-0.214281
-0.067187,-0.006434,-0.276530
-0.044293,-0.012570,-0.258723
-0.057910,-0.000150,-0.173729
-0.069432,0.007332,-0.155922
-0.049530,-0.030376,-0.120159
-0.036212,-0.053421,-0.139462
0.052523,-0.039953,-0.114473
0.112677,-0.094721,-0.059406
0.145597,-0.085593,-0.028431
0.227300,-0.144849,-0.075268
0.273089,-0.196773,-0.025139
0.305560,-0.216077,0.035763
0.404321,-0.222361,0.083498
0.420931,-0.199018,0.254534
0.439037,-0.225205,0.283114
0.485574,-0.215029,0.315286
0.483928,-0.185850,0.315137
0.479439,-0.141707,0.263362
0.492308,-0.061651,0.236876
0.463128,0.083049,0.040402
0.368707,0.218621,-0.105794
0.299275,0.325013,-0.211438
0.228946,0.400580,-0.235530
0.225055,0.499640,-0.235679
0.286855,0.509815,-0.220416
0.380977,0.513107,-0.128389
0.563984,0.368857,-0.119112
0.665139,0.273687,-0.235530
0.706140,0.178817,-0.421529
0.761655,0.168642,-0.575357
0.815076,0.209193,-0.636858
0.852485,0.283713,-0.703297
0.896928,0.323367,-0.574758
0.895581,0.262165,-0.380528
0.886902,0.324414,-0.120458
0.798915,0.320075,0.175375
0.704195,0.373047,0.456844
0.677260,0.379331,0.677260
0.818817,0.420931,0.899023
0.950348,0.355988,1.090858
1.062277,0.266654,1.461062
1.083676,0.198419,1.690007
1.149067,0.153827,1.787571
1.264138,0.098013,1.804929
1.374122,-0.017508,1.791461
1.500566,-0.052672,1.757793
1.667262,-0.133177,1.659631
1.755548,-0.193631,1.400009
1.791611,-0.196773,1.245883
1.832612,-0.159364,1.011700
1.825279,-0.172831,0.778714
1.833659,-0.183605,0.627281
1.842189,-0.187197,0.402824
1.860594,-0.129586,0.292242
1.815254,-0.080355,0.084695
1.731457,0.021847,-0.075118
1.636736,0.060454,-0.130783
1.575385,0.139013,-0.230741
1.509694,0.130634,-0.208744
1.469591,0.057910,-0.228646
1.379659,0.019303,-0.313192
1.347187,0.030227,-0.272041
1.264887,0.029778,-0.247800
1.184082,0.107440,-0.088436
1.034445,0.175525,-0.013916
0.958579,0.246154,0.005387
0.892888,0.314538,-0.068534
0.931195,0.316783,-0.262165
0.883909,0.366612,-0.334889
0.893037,0.400580,-0.358532
0.929399,0.456395,-0.487519
0.961871,0.455347,-0.712275
1.016339,0.381875,-0.940622
1.066767,0.260818,-1.197849
1.114650,0.247501,-1.332972
1.039981,0.168791,-1.441908
1.009156,0.078709,-1.444452
1.021875,0.067786,-1.341950
0.935834,0.041150,-1.122132
0.917727,-0.037409,-0.757765
0.881365,-0.077363,-0.380229
0.711976,-0.069432,0.041450
0.556502,-0.040701,0.486023
0.331597,0.112976,0.991648
0.132280,0.213084,1.572691
0.089932,0.204255,1.943344
0.191237,0.151433,2.209998
0.396989,0.016460,2.291401
0.611569,-0.144251,2.175581
0.771382,-0.275782,1.951125
1.088464,-0.438289,1.711256
1.312471,-0.534057,1.451185
1.644817,-0.650624,1.187823
1.896357,-0.791733,0.861164
2.104054,-0.886004,0.536900
2.218527,-0.935085,0.148141
2.259977,-0.871340,-0.141557
2.195932,-0.802955,-0.256479
2.075474,-0.628478,-0.397886
1.895011,-0.502483,-0.435445
1.589002,-0.361375,-0.531962
1.294365,-0.149937,-0.490811
0.994192,-0.082301,-0.382923
0.736217,0.066589,-0.281169
0.494702,0.202609,-0.160262
0.355988,0.284910,-0.020051
0.187047,0.299724,0.091279
0.090231,0.289549,0.123601
0.051176,0.292990,0.135871
0.151583,0.260070,0.268899
0.270844,0.200365,0.142455
0.385616,0.055815,0.099958
0.609474,-0.047884,0.193781
0.807445,-0.219967,0.321272
0.963965,-0.347459,0.268151
1.040730,-0.509516,0.150386
1.040580,-0.544831,0.116568
0.904559,-0.465223,0.122104
0.755969,-0.368258,0.061950
0.644340,-0.223110,0.013767
0.483928,-0.152630,-0.137367
0.360327,-0.097115,-0.371101
0.205901,-0.096666,-0.558148
0.075567,-0.140061,-0.678158
-0.079607,-0.105046,-0.709731
-0.232088,-0.129437,-0.700603
-0.242413,-0.131083,-0.613664
-0.288801,-0.183007,-0.633416
-0.291045,-0.269797,-0.764349
-0.255132,-0.415693,-0.848894
-0.188094,-0.517447,-0.809988
-0.090830,-0.530914,-0.679055
-0.020800,-0.464475,-0.379481
0.024391,-0.467917,-0.033220
-0.012869,-0.504578,0.377685
-0.053121,-0.451606,0.598251
-0.157718,-0.451008,0.733972
-0.227449,-0.416890,0.898723
-0.261866,-0.384120,0.954538
-0.264709,-0.293739,0.895731
-0.363470,-0.319177,0.675614
-0.399233,-0.303465,0.357634
-0.378882,-0.279972,0.057760
-0.454599,-0.260519,-0.326958
-0.557550,-0.210989,-0.684143
-0.659303,-0.178967,-1.010203
-0.866701,-0.107141,-1.346140
-1.016189,0.012869,-1.527800
-1.170914,0.151882,-1.643919
-1.372177,0.194828,-1.783231
-1.527201,0.315735,-1.799691
-1.644517,0.373047,-1.729212
-1.814057,0.482581,-1.612495
-1.865382,0.531214,-1.366790
-1.949479,0.525827,-1.065120
-1.969231,0.578798,-0.912191
-1.987786,0.600795,-0.670825
-1.962198,0.524929,-0.443825
-1.840094,0.370054,-0.141408
-1.645714,0.169390,-0.055516
-1.478120,-0.001646,0.048483
-1.318607,-0.238073,-0.017358
-1.115099,-0.384569,-0.073322
-1.050905,-0.507870,-0.188992
-1.126472,-0.637755,-0.145597
-1.348235,-0.648529,0.021249
-1.629105,-0.451008,0.378134
-1.758541,-0.206350,0.756717
-1.770362,-0.006584,1.202488
-1.558326,0.049081,1.545457
-1.297208,-0.005537,1.759289
-1.078887,-0.066140,2.013075
-0.842460,-0.211737,2.060959
-0.605284,-0.273089,1.982399
-0.386215,-0.272041,1.878999
-0.103549,-0.256778,1.617882
0.031723,-0.301669,1.291073
0.054169,-0.331148,0.896329
0.004190,-0.242263,0.551714
-0.075866,-0.257975,0.124648
-0.134524,-0.244209,-0.285808
-0.162955,-0.207697,-0.570568
-0.314239,-0.163704,-0.788590
-0.543185,-0.129586,-0.930447
-0.790984,-0.056862,-0.918176
-1.109862,0.026486,-0.973393
-1.423353,0.130484,-0.925958
-1.796848,0.276830,-0.791733
-2.152387,0.466420,-0.546477
-2.444929,0.628179,-0.164003
-2.664896,0.690278,0.218471
-2.704550,0.621744,0.420033
-2.691831,0.547374,0.419434
-2.570325,0.473304,0.442927
-2.439991,0.335787,0.354043
-2.366968,0.214730,0.134973
-2.263568,0.139313,-0.002693
-2.105700,0.051026,-0.026635
-1.929427,-0.040552,-0.042048
-1.730709,-0.227898,-0.135272
-1.562366,-0.377087,-0.100407
-1.411532,-0.529119,-0.085892
-1.322048,-0.598101,-0.093972
-1.337461,-0.656011,-0.134375
-1.342100,-0.640299,-0.125696
-1.485602,-0.550517,-0.008080
-1.553238,-0.481683,0.256778
-1.681178,-0.413000,0.453402
-1.856703,-0.380080,0.667982
-2.017714,-0.284461,0.837073
-2.163909,-0.246752,1.057639
-2.276736,-0.160262,1.372775
-2.264765,-0.042198,1.777545
-2.108843,-0.016909,1.991078
-1.904438,-0.093673,2.004695
-1.644517,-0.173879,1.900996
-1.326088,-0.274884,1.588104
-0.999430,-0.327407,1.263390
-0.733673,-0.382174,0.959027
-0.485873,-0.469563,0.537349
-0.221464,-0.539144,0.120758
-0.001496,-0.545429,-0.299425
0.127042,-0.538695,-0.660949
0.201562,-0.498892,-0.948104
0.177769,-0.432602,-1.258153
0.151433,-0.314089,-1.466449
0.099958,-0.313640,-1.658134
-0.012270,-0.197222,-1.837999
-0.222661,-0.152481,-1.791761
-0.534206,-0.040103,-1.756446
-0.912041,0.161758,-1.377713
-1.276109,0.318728,-1.098490
-1.579275,0.466570,-0.727239
-1.719037,0.562189,-0.490213
-1.827374,0.601693,-0.317681
-1.801487,0.622792,-0.268300
-1.802684,0.560991,-0.205901
-1.769016,0.591368,-0.049829
-1.657685,0.618452,0.000898
-1.522862,0.575357,0.093524
-1.314866,0.487819,0.146794
-1.156998,0.351199,0.048183
-0.903362,0.199916,-0.119710
-0.724246,0.105345,-0.129586
-0.516549,0.033070,-0.176572
-0.267103,-0.047585,-0.119261
-0.068684,-0.146495,-0.066738
0.037409,-0.265158,0.009726
-0.021847,-0.244657,0.259771
-0.056114,-0.158017,0.688183
-0.169839,-0.055964,1.012448
-0.294188,0.000898,1.247080
-0.374693,-0.041300,1.415721
-0.498742,-0.062848,1.511490
-0.616058,0.009278,1.554435
-0.726341,0.124947,1.572392
-0.719757,0.177171,1.676540
-0.739509,0.193481,1.578228
-0.761506,0.282067,1.494431
-0.698658,0.227599,1.319504
-0.721403,0.227150,1.107468
-0.685041,0.249147,0.861913
-0.639252,0.255431,0.557550
-0.597204,0.319925,0.284311
-0.514155,0.314239,0.001496
-0.417938,0.357933,-0.110133
-0.331148,0.311545,-0.137966
-0.243760,0.251391,-0.109535
-0.224157,0.269497,-0.109834
-0.219967,0.251690,-0.022745
-0.277727,0.286406,0.169689
-0.354791,0.330101,0.426766
-0.428712,0.402525,0.808342
-0.381576,0.414496,1.081132
-0.377985,0.366762,1.185130
-0.321571,0.289399,1.049857
-0.325611,0.222361,0.916979
-0.316633,0.203208,0.735020
-0.226402,0.218321,0.574758
-0.207248,0.301969,0.443227
-0.148740,0.298976,0.293739
-0.092925,0.244957,0.180313
-0.068684,0.154426,0.119411
0.019752,0.184802,0.157868
0.157269,0.123451,0.047884
0.354791,0.047136,0.103100
0.490662,-0.025438,0.208445
0.625784,-0.073173,0.239719
0.769137,-0.101155,0.221763
0.871789,-0.102502,0.151134
0.924162,-0.080804,0.188094
0.895880,-0.066888,0.127042
0.934337,-0.044143,0.196474
0.876727,0.008529,0.123451
0.717662,-0.007632,0.097115
0.588525,0.065242,0.070779
0.354492,0.151583,0.032471
0.108936,0.213533,0.053870
-0.139762,0.196474,-0.065841
-0.434248,0.172083,-0.179565
-0.678756,0.188693,-0.060005
-0.813729,0.202160,0.020051
-0.767491,0.148291,0.145597
-0.571765,-0.029179,0.292691
-0.297928,-0.275333,0.261567
0.152331,-0.497246,0.279523
0.542137,-0.718560,0.309451
0.904110,-0.931344,0.362123
1.233463,-1.091606,0.389806
1.349881,-1.160589,0.260818
1.462109,-1.177947,0.244209
1.476474,-1.138144,0.272041
1.425747,-1.023072,0.407463
1.287482,-0.904410,0.340725
1.075745,-0.818368,0.275034
0.730082,-0.677709,0.171036
0.442329,-0.472855,0.119560
0.153977,-0.276830,0.010624
-0.095618,-0.050278,0.041599
-0.391003,0.100257,0.244957
-0.523732,0.264859,0.590620
-0.624288,0.316184,0.694468
-0.593463,0.275184,0.718261
-0.486173,0.211139,0.603040
-0.273388,0.133776,0.523881
-0.086939,0.062100,0.420931
0.092177,0.017358,0.304812
0.267702,-0.024989,0.136021
0.391153,-0.074520,-0.183456
0.516699,-0.041001,-0.427515
0.604237,-0.029778,-0.367510
0.757765,-0.034267,-0.248847
0.794725,-0.002245,0.019453
0.745495,-0.016909,0.184802
0.664541,0.004938,0.187346
0.479589,-0.006883,0.108487
0.184802,0.111181,0.001945
-0.057012,0.368109,-0.145298
-0.299126,0.523133,-0.129736
-0.567725,0.636259,-0.180164
-0.824354,0.725593,-0.012719
-1.088314,0.817770,0.101903
-1.299303,0.921618,0.307655
-1.370980,0.939724,0.388759
-1.277606,0.945410,0.603040
-1.039832,0.896329,0.802806
-0.850091,0.745943,0.716764
-0.640299,0.597503,0.669030
-0.354043,0.405069,0.543484
-0.090830,0.293290,0.361674
0.145897,0.235081,0.285209
0.381277,0.123301,0.239869
0.527622,-0.015413,0.188693
0.582988,-0.140360,0.016460
0.579247,-0.162806,-0.110283
0.538695,-0.188394,-0.162806
0.482282,-0.135123,-0.262015
0.417788,-0.098462,-0.237924
0.305710,-0.045340,-0.363470
0.155174,0.030526,-0.371700
0.058508,0.076764,-0.283114
0.009726,0.143502,-0.194379
-0.021099,0.190938,-0.147692
-0.026037,0.132429,-0.151134
-0.044293,0.033220,-0.134375
0.075118,-0.055366,0.038008
0.173131,-0.104746,0.083498
0.314239,-0.166247,0.106243
0.394145,-0.207847,0.228347
0.432153,-0.230891,0.369605
0.485424,-0.216675,0.476147
0.480337,-0.239121,0.469114
0.456245,-0.327407,0.328006
0.477194,-0.361674,0.162955
0.439336,-0.389956,-0.087089
0.354043,-0.345663,-0.337134
0.267552,-0.230741,-0.505775
0.193182,-0.151882,-0.452953
0.169240,-0.105495,-0.408660
0.083797,-0.137218,-0.392948
-0.046986,-0.177919,-0.407314
-0.086939,-0.153379,-0.378583
-0.200664,-0.035165,-0.311695
-0.262614,-0.004639,-0.332046
-0.272340,-0.055815,-0.309301
-0.166996,-0.128688,-0.177769
-0.084994,-0.182708,-0.037709
-0.062698,-0.229245,-0.024541
0.078560,-0.289549,0.048483
0.217872,-0.265307,0.115670
0.320524,-0.243011,0.161309
0.368109,-0.244059,0.417788
0.392200,-0.220267,0.602591
0.335936,-0.235978,0.646285
0.333393,-0.202609,0.586879
0.350601,-0.206201,0.593612
0.319027,-0.207547,0.376339
0.261417,-0.221613,0.258424
0.283863,-0.138864,0.084246
0.227748,-0.071676,0.002245
0.178368,-0.109535,-0.191237
0.258274,-0.045041,-0.236427
0.347159,-0.137966,-0.181062
0.474202,-0.168791,-0.027833
0.555006,-0.270994,0.035464
0.568024,-0.305859,0.127491
0.583287,-0.367959,0.047136
0.675614,-0.438289,-0.044143
0.719158,-0.404470,-0.179864
0.675464,-0.393697,-0.241216
0.566079,-0.320224,-0.351648
0.426467,-0.208595,-0.511012
0.200814,-0.108188,-0.550666
0.033968,0.042796,-0.512359
-0.033968,0.185700,-0.322020
-0.086640,0.247501,-0.256030
-0.149787,0.263213,-0.039055
-0.110881,0.264110,0.145747
-0.130783,0.228048,0.304213
-0.041150,0.160112,0.438737
0.018106,0.144849,0.477494
0.036661,0.089034,0.413299
0.115820,0.052224,0.241365
0.244358,0.000748,0.233135
0.363619,-0.047136,0.105195
0.380977,-0.104297,0.072874
0.438737,-0.089034,0.021249
0.388310,-0.123900,0.004339
0.349254,-0.073322,-0.073771
0.299724,0.011672,-0.209343
0.215329,0.113874,-0.262464
0.187496,0.172682,-0.293888
0.098312,0.230741,-0.361225
-0.034566,0.298078,-0.474052
-0.125396,0.378284,-0.518494
-0.103849,0.472705,-0.437241
-0.141707,0.459238,-0.360627
-0.158915,0.414646,-0.286406
-0.198868,0.383372,-0.221763
-0.176423,0.359579,-0.113874
-0.090980,0.346860,0.104148
0.063746,0.307505,0.360627
0.117615,0.156371,0.611120
0.203208,0.093823,0.761207
0.343568,0.011372,1.144728
0.391003,-0.019303,1.413327
0.430507,-0.087089,1.300201
0.446070,-0.214580,1.255160
0.424522,-0.216226,1.184980
0.338181,-0.186748,0.982969
0.205153,-0.092925,0.759261
0.113126,-0.006734,0.464924
-0.016161,0.093224,0.217274
-0.068833,0.196025,0.011372
-0.136021,0.277278,-0.140659
-0.145747,0.292093,-0.196923
-0.159514,0.322020,-0.200664
-0.124947,0.291793,-0.109834
-0.126743,0.268151,-0.065541
0.006734,0.187346,0.043245
-0.003891,0.169390,0.209493
0.000150,0.078410,0.239271
-0.054767,0.108188,0.194828
-0.019453,0.199018,0.207996
0.028282,0.205452,0.259472
0.112228,0.238073,0.407912
0.134973,0.185251,0.570718
0.183306,0.164003,0.676212
0.260070,0.059556,0.696563
0.277578,0.009427,0.652121
0.297031,-0.017059,0.561141
0.285060,0.036212,0.487968
0.152930,0.106392,0.388459
0.066888,0.227300,0.213533
-0.079757,0.312593,0.093823
-0.186000,0.361375,-0.003142
-0.238971,0.405219,-0.007931
-0.302717,0.361674,-0.038906
-0.305560,0.361973,-0.130933
-0.241665,0.374094,-0.087688
-0.101604,0.254384,-0.050428
-0.026336,0.176273,-0.016759
0.054618,0.052822,0.049231
0.107440,0.049680,0.079458
0.138116,-0.026785,0.164601
0.165050,0.011821,0.289399
0.135871,0.008230,0.436942
0.012270,0.030975,0.481534
-0.122404,0.069432,0.449661
-0.226252,0.191985,0.299126
-0.269647,0.208744,0.164302
-0.319327,0.236427,0.016310
-0.237625,0.285509,-0.093224
-0.282067,0.250793,-0.253187
-0.230442,0.243610,-0.180762
-0.204555,0.230592,-0.212635
-0.184204,0.191835,-0.218022
-0.181361,0.175974,-0.298976
-0.174627,0.167744,-0.327108
-0.179415,0.129287,-0.242862
-0.219518,0.102202,-0.220865
-0.248398,0.156521,-0.167744
-0.334290,0.189441,-0.073921
-0.437840,0.216975,-0.043545
-0.493206,0.242712,-0.028730
-0.470012,0.248398,-0.055815
-0.410306,0.194379,-0.072275
-0.322619,0.153528,-0.075567
-0.186149,0.069133,-0.059855
-0.081852,-0.016610,-0.057311
0.040253,-0.122703,-0.019154
0.147094,-0.195427,-0.069432
0.237625,-0.284162,0.021249
0.291045,-0.242862,-0.004040
0.369156,-0.233584,0.111779
0.391452,-0.204704,0.179715
0.387861,-0.247650,0.268151
0.429759,-0.257077,0.387711
0.416890,-0.301819,0.349254
0.454300,-0.340126,0.345513
0.435894,-0.374244,0.339528
0.436493,-0.345214,0.266355
0.339677,-0.323217,0.182708
0.287304,-0.264859,0.101305
0.215179,-0.231340,0.123002
0.130334,-0.162656,-0.003741
0.049829,-0.145148,0.001197
-0.096516,-0.070779,-0.038008
-0.134524,0.003142,-0.006584
-0.131531,0.041899,-0.009876
-0.143802,0.021099,0.069432
-0.072724,-0.034866,0.153528
-0.073771,-0.013467,0.161010
-0.096367,-0.069133,0.104896
-0.014515,-0.008829,0.054917
0.051326,-0.061651,0.081403
0.099060,-0.109834,0.099509
0.244358,-0.107739,-0.004489
0.302118,-0.163404,0.012420
0.412401,-0.211737,-0.047285
0.447267,-0.224157,0.027234
0.447416,-0.252588,-0.007332
0.382923,-0.244657,0.021548
0.350302,-0.201562,-0.030825
0.242413,-0.151134,-0.130035
0.167744,-0.126593,-0.212485
0.109834,-0.064195,-0.304513
0.004489,-0.057610,-0.420631
-0.084845,-0.010325,-0.444573
-0.124648,0.046238,-0.412252
-0.149638,0.100706,-0.312892
-0.228796,0.143502,-0.182558
-0.248997,0.137517,-0.019752
-0.180762,0.119112,0.039953
-0.225803,0.075268,0.002843
-0.172981,0.043245,0.030227
-0.118812,0.102951,0.072125
-0.017358,0.053720,0.210989
0.064494,-0.004938,0.400131
0.201711,-0.135123,0.471807
0.282516,-0.212336,0.465672
0.388459,-0.249296,0.571915
0.422577,-0.320973,0.436493
0.459088,-0.306607,0.490063
0.425719,-0.284760,0.411952
0.297928,-0.227898,0.333842
0.296881,-0.179864,0.219967
0.219518,-0.166098,0.074968
0.184503,-0.127641,-0.042647
0.131083,-0.055067,-0.114473
0.039953,-0.067935,-0.192284
0.000599,0.004788,-0.166098
-0.016310,0.026187,-0.125396
0.029329,0.058209,-0.071527
0.061950,0.025738,0.046986
0.069581,0.044442,-0.027234
0.059855,0.050428,0.023194
0.020949,0.055216,0.020800
0.063446,0.094122,0.101155
0.040552,0.092476,0.199467
0.063147,0.079458,0.246453
0.060603,0.033519,0.337582
0.041001,0.035165,0.303016
0.030676,0.045490,0.149787
0.017358,0.087987,0.116418
0.068235,0.030376,0.066289
0.103998,0.005686,-0.030676
0.089334,-0.075118,-0.008080
0.084845,-0.042048,0.039654
0.082151,-0.080206,0.045490
0.078859,-0.102053,-0.008529
0.070030,-0.117466,0.047435
-0.002095,-0.103100,0.062698
-0.080804,-0.068235,0.055216
-0.144550,-0.051775,0.065691
-0.136769,0.066439,0.034566
-0.140061,0.140510,0.002245
-0.144400,0.132878,-0.006135
-0.192733,0.126893,0.069432
-0.170737,0.143652,0.091279
-0.150535,0.173280,0.122703
-0.096666,0.152032,0.149338
-0.020650,0.147243,0.179715
0.089633,0.079906,0.169240
0.167444,-0.036212,0.139462
0.246004,-0.062848,-0.000599
0.311097,-0.067487,-0.120309
0.289100,-0.086790,-0.191087
0.216675,-0.012420,-0.187646
0.149039,-0.020650,-0.106392
0.044742,0.068085,-0.118663
-0.071676,0.162806,0.102651
-0.217872,0.263362,0.195876
-0.345812,0.377536,0.312144
-0.373346,0.442927,0.396091
-0.372298,0.442029,0.503979
-0.372897,0.433799,0.515202
-0.290895,0.361524,0.611270
-0.139163,0.237625,0.342371
0.181062,0.054468,-1.885135
-0.226252,0.410306,-4.058771
-0.396989,0.516549,-3.756053
-0.146495,0.194679,-1.826177
0.302717,-0.285957,0.087688
0.568623,-0.554707,1.594089
0.698508,-0.647632,2.451812
0.606182,-0.452055,2.579603
0.430657,-0.263063,2.082656
0.393098,-0.251840,1.333570
0.295534,-0.339528,0.782156
0.164302,-0.353145,0.466720
0.133926,-0.288950,0.495001
0.180313,-0.210390,0.569221
0.232238,-0.183007,0.699855
0.268899,-0.202909,0.842909
0.216825,-0.201562,0.982521
0.232387,-0.230442,1.064821
0.140659,-0.201711,0.945111
0.132878,-0.162806,0.821959
0.142156,-0.100257,0.782605
0.127192,-0.023942,0.489465
